# Bugsee anteater — remeshed from Meshy GLB (~14k tris)
o AnteaterMesh
mtllib AnteaterMesh.mtl
usemtl AnteaterCoral
v -0.239148 0.308160 -0.130135
v -0.238309 0.261014 -0.135348
v -0.232980 0.291016 -0.087738
v -0.233096 0.341753 -0.106852
v -0.229273 0.314068 -0.080556
v -0.222207 0.297271 -0.068625
v -0.233212 0.269007 -0.090171
v -0.229157 0.183865 -0.136854
v -0.229157 0.211203 -0.103377
v -0.227767 0.258002 -0.078240
v -0.225450 0.265879 -0.072795
v -0.211318 0.311288 -0.062254
v -0.213519 0.324725 -0.067003
v -0.223829 0.347198 -0.089939
v -0.227188 0.367470 -0.119362
v -0.235528 0.346039 -0.130135
v -0.235644 0.346503 -0.158052
v -0.229273 0.357392 -0.206705
v -0.229157 0.372798 -0.142067
v -0.217805 0.399441 -0.160833
v -0.223945 0.367585 -0.110790
v -0.201356 0.375578 -0.097005
v -0.198344 0.409982 -0.133611
v -0.201008 0.420755 -0.159906
v -0.194290 0.436625 -0.169173
v -0.193942 0.435351 -0.150870
v -0.189193 0.466512 -0.162918
v -0.184559 0.464195 -0.176934
v -0.182474 0.494081 -0.159906
v -0.190120 0.444850 -0.183885
v -0.185949 0.446124 -0.217130
v -0.182474 0.458982 -0.199870
v -0.174597 0.487594 -0.183537
v -0.172280 0.482613 -0.199986
v -0.170659 0.515511 -0.169405
v -0.172860 0.526516 -0.149828
v -0.180737 0.515280 -0.142183
v -0.194174 0.474968 -0.132336
v -0.196607 0.415079 -0.133958
v -0.195332 0.394923 -0.111833
v -0.197070 0.439290 -0.131873
v -0.204020 0.427590 -0.110906
v -0.208770 0.448672 -0.102218
v -0.221049 0.428864 -0.084727
v -0.217689 0.407318 -0.087391
v -0.212013 0.386351 -0.088781
v -0.197417 0.385888 -0.102102
v -0.202283 0.361562 -0.085653
v -0.213751 0.367354 -0.077892
v -0.219427 0.380443 -0.074417
v -0.223365 0.445429 -0.075112
v -0.211897 0.482150 -0.081831
v -0.196259 0.507634 -0.107199
v -0.186529 0.533235 -0.108010
v -0.195796 0.521883 -0.088897
v -0.190351 0.548410 -0.074185
v -0.196027 0.542849 -0.059590
v -0.215604 0.503348 -0.045805
v -0.219659 0.468713 -0.071753
v -0.223134 0.478327 -0.047774
v -0.228115 0.451800 -0.047774
v -0.228115 0.418902 -0.065034
v -0.219543 0.382413 -0.061443
v -0.206105 0.351136 -0.077776
v -0.210507 0.341522 -0.074880
v -0.201240 0.329359 -0.062949
v -0.201819 0.324841 -0.064223
v -0.186876 0.314531 -0.061443
v -0.202399 0.283255 -0.053566
v -0.219659 0.274567 -0.063528
v -0.221512 0.242016 -0.066656
v -0.221512 0.195101 -0.084032
v -0.219890 0.170544 -0.096426
v -0.219543 0.136950 -0.153071
v -0.213751 0.125366 -0.142414
v -0.208190 0.135676 -0.109748
v -0.213867 0.155253 -0.098743
v -0.211666 0.164868 -0.084727
v -0.202399 0.141121 -0.095731
v -0.205874 0.158844 -0.082410
v -0.194406 0.149461 -0.082873
v -0.196375 0.125830 -0.106041
v -0.202630 0.116070 -0.127008
v -0.205874 0.095104 -0.162686
v -0.218268 0.134170 -0.172648
v -0.231474 0.212246 -0.157126
v -0.233096 0.304337 -0.206705
v -0.223829 0.381370 -0.205778
v -0.217573 0.399904 -0.198944
v -0.186644 0.441838 -0.248783
v -0.203673 0.404190 -0.254343
v -0.215720 0.378474 -0.241485
v -0.225103 0.343723 -0.233927
v -0.225335 0.322756 -0.237894
v -0.220238 0.342680 -0.248899
v -0.196027 0.403495 -0.276932
v -0.184212 0.423304 -0.288284
v -0.186529 0.390521 -0.301026
v -0.179694 0.412762 -0.305081
v -0.170775 0.437204 -0.304965
v -0.169037 0.414037 -0.326859
v -0.169269 0.373956 -0.338327
v -0.175292 0.341637 -0.330797
v -0.218848 0.312794 -0.253764
v -0.224755 0.299936 -0.234738
v -0.231590 0.265647 -0.195932
v -0.217805 0.157454 -0.183885
v -0.215604 0.236456 -0.224312
v -0.211781 0.271671 -0.251216
v -0.164983 0.283255 -0.337052
v -0.156990 0.333181 -0.360104
v -0.156179 0.389479 -0.357092
v -0.147491 0.446935 -0.346783
v -0.145174 0.477516 -0.329291
v -0.155136 0.485973 -0.292686
v -0.160928 0.497441 -0.218173
v -0.159191 0.514701 -0.204040
v -0.160812 0.526864 -0.190603
v -0.155252 0.548757 -0.178672
v -0.164983 0.533930 -0.164539
v -0.160928 0.552232 -0.157937
v -0.165446 0.544587 -0.150870
v -0.152820 0.570651 -0.155504
v -0.145753 0.575748 -0.172416
v -0.146796 0.562079 -0.184000
v -0.145406 0.551074 -0.205431
v -0.141351 0.556518 -0.216088
v -0.151314 0.517365 -0.238010
v -0.140541 0.528022 -0.272183
v -0.138108 0.507171 -0.313537
v -0.125945 0.513079 -0.329291
v -0.127219 0.478559 -0.355355
v -0.139730 0.431528 -0.366244
v -0.147954 0.375926 -0.370646
v -0.126987 0.409171 -0.384662
v -0.114245 0.431644 -0.389180
v -0.114940 0.472304 -0.371804
v -0.111233 0.507171 -0.352806
v -0.104862 0.528601 -0.339137
v -0.118415 0.540069 -0.309599
v -0.131621 0.542965 -0.274615
v -0.124555 0.567639 -0.257008
v -0.130463 0.572620 -0.223038
v -0.134517 0.564975 -0.225123
v -0.135560 0.561615 -0.220490
v -0.134169 0.587911 -0.182842
v -0.137645 0.591270 -0.165350
v -0.143205 0.600682 -0.135927
v -0.147375 0.599871 -0.118320
v -0.158496 0.582119 -0.119594
v -0.167184 0.556403 -0.136622
v -0.174945 0.537637 -0.137202
v -0.169500 0.553159 -0.129556
v -0.177609 0.551190 -0.110095
v -0.177493 0.569608 -0.087043
v -0.176566 0.578759 -0.067582
v -0.171585 0.578296 -0.091677
v -0.169384 0.565901 -0.113107
v -0.165330 0.574010 -0.119246
v -0.161044 0.589069 -0.102450
v -0.167415 0.583161 -0.097469
v -0.168921 0.588142 -0.073143
v -0.174713 0.587447 -0.058779
v -0.161160 0.605200 -0.067467
v -0.163593 0.594861 -0.083684
v -0.161044 0.589069 -0.095268
v -0.145406 0.617479 -0.092835
v -0.138687 0.617247 -0.117625
v -0.135791 0.616204 -0.122374
v -0.130115 0.606242 -0.159443
v -0.125250 0.619679 -0.149017
v -0.125945 0.604852 -0.177282
v -0.121659 0.591733 -0.214929
v -0.122006 0.583161 -0.237779
v -0.108337 0.574937 -0.272762
v -0.106368 0.575284 -0.282261
v -0.111002 0.558256 -0.298594
v -0.108222 0.551306 -0.307166
v -0.104746 0.567291 -0.291759
v -0.101155 0.577138 -0.282492
v -0.101503 0.587100 -0.272762
v -0.095248 0.589764 -0.275542
v -0.099186 0.594861 -0.262452
v -0.109032 0.598944 -0.238821
v -0.112276 0.602767 -0.227440
v -0.108685 0.614235 -0.211454
v -0.112160 0.615162 -0.199407
v -0.104862 0.633928 -0.173343
v -0.101619 0.629989 -0.193731
v -0.093973 0.647365 -0.167551
v -0.086560 0.646786 -0.186201
v -0.091077 0.637634 -0.202535
v -0.095364 0.627209 -0.215393
v -0.079378 0.641341 -0.214003
v -0.100692 0.616204 -0.227903
v -0.093394 0.606706 -0.253417
v -0.082969 0.631032 -0.226629
v -0.070922 0.643426 -0.217709
v -0.068836 0.653736 -0.201492
v -0.077409 0.658949 -0.176934
v -0.084127 0.656864 -0.162686
v -0.096869 0.649218 -0.165350
v -0.089572 0.659991 -0.152724
v -0.076713 0.667057 -0.150523
v -0.066636 0.674935 -0.147395
v -0.051576 0.673313 -0.168362
v -0.047175 0.649334 -0.227672
v -0.055399 0.633233 -0.253533
v -0.070806 0.630337 -0.242528
v -0.077988 0.622460 -0.248436
v -0.065477 0.617826 -0.266507
v -0.086560 0.595556 -0.279249
v -0.078451 0.583045 -0.303807
v -0.096869 0.563585 -0.306123
v -0.087139 0.545977 -0.339022
v -0.078219 0.528949 -0.360452
v -0.093278 0.489679 -0.377596
v -0.078104 0.478211 -0.393234
v -0.099650 0.445661 -0.394045
v -0.087139 0.398051 -0.414548
v -0.127798 0.374420 -0.389643
v -0.143668 0.335730 -0.377828
v -0.151314 0.296692 -0.358714
v -0.157453 0.256264 -0.333114
v -0.186413 0.226841 -0.272646
v -0.198692 0.206801 -0.239169
v -0.197649 0.178305 -0.229409
v -0.180273 0.168227 -0.245192
v -0.158496 0.208770 -0.295814
v -0.158148 0.171934 -0.266738
v -0.148997 0.243175 -0.331145
v -0.143668 0.270281 -0.352343
v -0.129768 0.280359 -0.365201
v -0.137992 0.305032 -0.373657
v -0.133590 0.329938 -0.383967
v -0.102546 0.366427 -0.406787
v -0.107874 0.327273 -0.397288
v -0.121196 0.304453 -0.381766
v -0.120616 0.289278 -0.373889
v -0.137876 0.250820 -0.342497
v -0.133590 0.234487 -0.330102
v -0.148997 0.187456 -0.282492
v -0.136950 0.164752 -0.263611
v -0.118995 0.217342 -0.313190
v -0.108337 0.243638 -0.339137
v -0.113434 0.270165 -0.363232
v -0.109264 0.292174 -0.378754
v -0.100808 0.297040 -0.389527
v -0.092699 0.294028 -0.394740
v -0.090614 0.309550 -0.404355
v -0.094784 0.284761 -0.402501
v -0.083200 0.319860 -0.413506
v -0.094089 0.344881 -0.412463
v -0.084938 0.329127 -0.418371
v -0.080884 0.349862 -0.426596
v -0.069879 0.383455 -0.430650
v -0.070922 0.421682 -0.420109
v -0.065130 0.460836 -0.407482
v -0.063392 0.497788 -0.389296
v -0.063044 0.519566 -0.374700
v -0.068373 0.542039 -0.352227
v -0.055167 0.555012 -0.348173
v -0.045900 0.529412 -0.369487
v -0.055747 0.520029 -0.376438
v -0.059106 0.509604 -0.381650
v -0.049607 0.474968 -0.405050
v -0.043120 0.411720 -0.435979
v -0.050071 0.374883 -0.446172
v -0.061654 0.360635 -0.438875
v -0.070574 0.371524 -0.428449
v -0.076713 0.344765 -0.426827
v -0.075323 0.335382 -0.422657
v -0.083664 0.327853 -0.428797
v -0.090614 0.303411 -0.411884
v -0.098607 0.284529 -0.425785
v -0.100576 0.291016 -0.427522
v -0.102430 0.269470 -0.441423
v -0.106716 0.282444 -0.448721
v -0.100924 0.289394 -0.445825
v -0.100576 0.298661 -0.438759
v -0.090846 0.314879 -0.438064
v -0.093047 0.319628 -0.448142
v -0.098723 0.300631 -0.451154
v -0.088992 0.321829 -0.451038
v -0.088877 0.333645 -0.450806
v -0.081926 0.340247 -0.451617
v -0.083200 0.338857 -0.465054
v -0.083200 0.335614 -0.461000
v -0.092699 0.326347 -0.461463
v -0.086791 0.328664 -0.469224
v -0.094553 0.318238 -0.474437
v -0.095711 0.307233 -0.467255
v -0.104515 0.286962 -0.470267
v -0.104631 0.273293 -0.481996
v -0.108222 0.273177 -0.462042
v -0.104978 0.252789 -0.449648
v -0.101155 0.272250 -0.408757
v -0.098491 0.281401 -0.395319
v -0.094900 0.284066 -0.379565
v -0.101271 0.285572 -0.381650
v -0.091425 0.272598 -0.368097
v -0.088182 0.253484 -0.347246
v -0.093742 0.229158 -0.321298
v -0.098375 0.208307 -0.298941
v -0.096290 0.180042 -0.260715
v -0.122701 0.160350 -0.252722
v -0.103936 0.173092 -0.252953
v -0.110307 0.149345 -0.233116
v -0.117952 0.136835 -0.235317
v -0.143552 0.141352 -0.255270
v -0.160117 0.148187 -0.256313
v -0.160812 0.133823 -0.254691
v -0.190583 0.148303 -0.230568
v -0.202399 0.151199 -0.214350
v -0.209812 0.117924 -0.202535
v -0.212361 0.106803 -0.190140
v -0.210739 0.100201 -0.174154
v -0.205526 0.094524 -0.212033
v -0.204136 0.112827 -0.218752
v -0.188498 0.115260 -0.241485
v -0.169153 0.124787 -0.250984
v -0.159654 0.111205 -0.258629
v -0.182938 0.100085 -0.250868
v -0.192552 0.082361 -0.239284
v -0.198112 0.058962 -0.224544
v -0.204136 0.061626 -0.191182
v -0.202630 0.068345 -0.175428
v -0.214446 0.036953 -0.167435
v -0.213519 0.032319 -0.175892
v -0.200777 0.039617 -0.221880
v -0.182127 0.040196 -0.250405
v -0.193131 0.028265 -0.233695
v -0.204484 0.025253 -0.206010
v -0.186644 0.016912 -0.230336
v -0.178999 0.023979 -0.247509
v -0.172049 0.028149 -0.254807
v -0.165446 0.022357 -0.254807
v -0.173902 0.014827 -0.239979
v -0.153515 0.018766 -0.254575
v -0.151661 0.032667 -0.261757
v -0.157916 0.038111 -0.262452
v -0.169848 0.043787 -0.259209
v -0.180968 0.082246 -0.251563
v -0.167531 0.075874 -0.260367
v -0.149113 0.090933 -0.260483
v -0.153051 0.128610 -0.255154
v -0.138340 0.121399 -0.249942
v -0.131969 0.108541 -0.249247
v -0.133590 0.031856 -0.257703
v -0.131389 0.016333 -0.247046
v -0.152588 0.012974 -0.244497
v -0.178188 0.012163 -0.219795
v -0.196607 0.014943 -0.200334
v -0.207843 0.021662 -0.188055
v -0.213287 0.024905 -0.163381
v -0.208422 0.017723 -0.163960
v -0.202051 0.013206 -0.135232
v -0.140772 0.011468 -0.231263
v -0.127451 0.013437 -0.230452
v -0.175176 0.010541 -0.111254
v -0.204484 0.015986 -0.104882
v -0.213635 0.022589 -0.115192
v -0.215836 0.036837 -0.098164
v -0.191046 0.072863 -0.146005
v -0.190815 0.087690 -0.141256
v -0.194174 0.105413 -0.126776
v -0.187455 0.117808 -0.108242
v -0.190467 0.141584 -0.086464
v -0.193016 0.158844 -0.070942
v -0.182938 0.125946 -0.099091
v -0.190120 0.178073 -0.054029
v -0.197417 0.173208 -0.061095
v -0.213635 0.189657 -0.069204
v -0.213867 0.206917 -0.060748
v -0.217921 0.248735 -0.063528
v -0.212129 0.259739 -0.059358
v -0.205526 0.262635 -0.051017
v -0.214562 0.226262 -0.057041
v -0.209696 0.207844 -0.057273
v -0.205874 0.191395 -0.056925
v -0.195217 0.195912 -0.045805
v -0.206337 0.219775 -0.045689
v -0.198112 0.226725 -0.041982
v -0.202514 0.213636 -0.045921
v -0.184791 0.207264 -0.041866
v -0.177146 0.189773 -0.047542
v -0.184675 0.217458 -0.041055
v -0.178304 0.253021 -0.049743
v -0.190583 0.290321 -0.054724
v -0.180621 0.305148 -0.059242
v -0.194058 0.334687 -0.047426
v -0.204020 0.338394 -0.051133
v -0.196375 0.342332 -0.041403
v -0.209696 0.349862 -0.043140
v -0.210044 0.353916 -0.048932
v -0.215604 0.349978 -0.066308
v -0.215720 0.360172 -0.062949
v -0.221512 0.365500 -0.050554
v -0.213751 0.365848 -0.039549
v -0.221859 0.379980 -0.031788
v -0.216067 0.374999 -0.024722
v -0.209349 0.361793 -0.028545
v -0.213635 0.375115 -0.011401
v -0.208538 0.366427 -0.009431
v -0.194174 0.339437 -0.020899
v -0.208306 0.375578 -0.000628
v -0.217573 0.385540 0.005859
v -0.214793 0.381949 -0.008852
v -0.219659 0.385193 -0.011748
v -0.215604 0.396893 0.007597
v -0.215604 0.404654 0.019297
v -0.220817 0.403611 0.010609
v -0.219427 0.404654 -0.012096
v -0.221396 0.394807 -0.029124
v -0.219890 0.379864 -0.047774
v -0.218268 0.368280 -0.055535
v -0.219311 0.370597 -0.059590
v -0.228231 0.420408 -0.026691
v -0.223945 0.416585 0.007365
v -0.219543 0.411141 0.020687
v -0.217342 0.399209 0.022656
v -0.212129 0.402916 0.038642
v -0.209928 0.387162 0.015242
v -0.196491 0.350905 -0.008736
v -0.199618 0.360056 0.012230
v -0.205990 0.371524 0.017559
v -0.206105 0.386930 0.048720
v -0.202167 0.365732 0.023351
v -0.194058 0.356233 0.013736
v -0.188382 0.341522 -0.003524
v -0.185949 0.344649 0.029722
v -0.182358 0.313025 0.009103
v -0.171585 0.289163 0.011072
v -0.184328 0.317659 -0.026923
v -0.176451 0.290784 -0.048817
v -0.174597 0.293680 -0.057157
v -0.174713 0.286035 -0.059126
v -0.161160 0.254874 -0.059242
v -0.147028 0.221629 -0.065497
v -0.167994 0.221397 -0.049627
v -0.170080 0.194406 -0.049512
v -0.153630 0.198808 -0.061327
v -0.151893 0.169269 -0.073374
v -0.168342 0.170775 -0.061327
v -0.165562 0.152473 -0.078124
v -0.169384 0.125830 -0.100249
v -0.177030 0.090354 -0.131641
v -0.181200 0.081782 -0.137549
v -0.160117 0.096262 -0.127934
v -0.148765 0.123745 -0.109979
v -0.144943 0.154095 -0.090055
v -0.130810 0.126757 -0.121911
v -0.139961 0.091165 -0.139634
v -0.119226 0.126872 -0.136391
v -0.119458 0.178768 -0.106273
v -0.135560 0.184792 -0.084842
v -0.139035 0.213636 -0.073143
v -0.131505 0.205990 -0.081020
v -0.131505 0.216068 -0.059705
v -0.134517 0.220586 -0.061443
v -0.133706 0.221860 -0.057852
v -0.142973 0.226262 -0.057736
v -0.156411 0.255222 -0.058084
v -0.165214 0.275494 -0.057273
v -0.168689 0.284066 -0.054145
v -0.162550 0.261593 -0.040824
v -0.153167 0.254527 -0.055072
v -0.149229 0.242943 -0.057389
v -0.144016 0.221860 -0.047890
v -0.129883 0.216068 -0.044994
v -0.128493 0.214099 -0.022289
v -0.114477 0.207612 -0.057157
v -0.125018 0.213983 -0.019973
v -0.134054 0.221629 -0.014528
v -0.126408 0.221513 -0.010706
v -0.136486 0.223829 -0.022174
v -0.133359 0.219196 -0.030398
v -0.141351 0.225799 -0.019046
v -0.135907 0.231591 -0.010937
v -0.149229 0.232749 -0.016034
v -0.157337 0.244333 -0.023564
v -0.157106 0.247692 -0.016034
v -0.164635 0.270744 -0.024954
v -0.176798 0.291248 -0.033873
v -0.182243 0.300515 -0.027155
v -0.178304 0.289278 -0.025533
v -0.176682 0.300051 -0.014760
v -0.157221 0.275957 -0.002597
v -0.172396 0.280938 -0.019741
v -0.148997 0.256612 0.006786
v -0.153283 0.258465 -0.010358
v -0.139730 0.250936 -0.000743
v -0.134285 0.237151 -0.006999
v -0.131042 0.231822 -0.005261
v -0.122238 0.228926 -0.006304
v -0.119342 0.219775 -0.014412
v -0.111233 0.215952 -0.027850
v -0.113087 0.211782 -0.045341
v -0.100460 0.197302 -0.030862
v -0.087023 0.198113 -0.012211
v -0.083664 0.184097 -0.031209
v -0.044858 0.186298 0.003079
v -0.032463 0.158612 -0.036190
v -0.072659 0.170659 -0.053798
v -0.089572 0.179579 -0.060400
v -0.095364 0.171934 -0.074996
v -0.106600 0.196144 -0.061095
v -0.107295 0.183981 -0.073027
v -0.115983 0.202515 -0.075112
v -0.122933 0.206222 -0.085885
v -0.118879 0.203789 -0.090634
v -0.117605 0.194754 -0.093299
v -0.117025 0.188499 -0.098511
v -0.086907 0.158728 -0.094689
v -0.039182 0.134634 -0.094109
v -0.040572 0.159423 -0.049048
v -0.017752 0.133475 -0.079861
v -0.002461 0.151662 -0.042098
v -0.000492 0.166953 -0.009779
v 0.001246 0.181085 0.008987
v -0.026787 0.184676 0.007134
v -0.053662 0.192669 0.005164
v -0.054125 0.192785 0.013736
v -0.079494 0.204021 -0.000975
v -0.093742 0.212709 -0.003755
v -0.081115 0.204253 0.009914
v -0.076713 0.205411 0.021729
v -0.034664 0.188730 0.021613
v -0.000607 0.182359 0.018833
v -0.026903 0.202052 0.044897
v -0.052156 0.212246 0.046982
v -0.013002 0.206338 0.050805
v -0.001534 0.197882 0.043739
v 0.009586 0.206338 0.050689
v 0.019433 0.201820 0.045592
v 0.038199 0.188846 0.018022
v 0.015031 0.182591 0.006902
v 0.027426 0.181664 0.004469
v 0.030901 0.159307 -0.035379
v 0.013409 0.153631 -0.045341
v 0.032870 0.157338 -0.049280
v 0.020128 0.150735 -0.049975
v 0.057659 0.165447 -0.053450
v 0.032059 0.139731 -0.077776
v -0.002577 0.134518 -0.072679
v 0.001130 0.124440 -0.102797
v -0.022848 0.127799 -0.102797
v -0.065130 0.144132 -0.109516
v -0.031884 0.132085 -0.117161
v -0.002113 0.125251 -0.114381
v 0.025109 0.130116 -0.118899
v 0.068896 0.147144 -0.109516
v 0.076194 0.152589 -0.096658
v 0.061946 0.154326 -0.074185
v 0.070749 0.169849 -0.056230
v 0.083028 0.191742 -0.019509
v 0.056154 0.194406 0.003427
v 0.075499 0.202515 0.009566
v 0.068780 0.202399 0.020918
v 0.060092 0.214099 0.044550
v 0.028816 0.208075 0.048141
v 0.003910 0.205643 0.059145
v -0.039413 0.209929 0.058450
v -0.019026 0.223134 0.086367
v -0.066172 0.214099 0.052311
v -0.070111 0.235529 0.085788
v -0.011496 0.227884 0.092507
v 0.015958 0.227536 0.091117
v 0.057544 0.214447 0.058914
v 0.092527 0.225567 0.038178
v 0.090558 0.212709 0.005628
v 0.071792 0.202168 0.001689
v 0.097392 0.200314 -0.024838
v 0.093570 0.185255 -0.050670
v 0.098782 0.190352 -0.061095
v 0.108860 0.198808 -0.064339
v 0.092643 0.172281 -0.074301
v 0.088704 0.159886 -0.120521
v 0.067622 0.151662 -0.123069
v 0.059050 0.137645 -0.139171
v 0.018274 0.120936 -0.132452
v -0.008600 0.119082 -0.131294
v -0.046711 0.132433 -0.131410
v -0.081115 0.157570 -0.128861
v -0.089687 0.159191 -0.121100
v -0.111118 0.180969 -0.111833
v -0.111813 0.178768 -0.115771
v -0.097912 0.171702 -0.133611
v -0.104515 0.173208 -0.131873
v -0.099186 0.169617 -0.142067
v -0.092236 0.167763 -0.147395
v -0.079146 0.151199 -0.138128
v -0.084822 0.153168 -0.172880
v -0.065245 0.135792 -0.177050
v -0.026671 0.120588 -0.142183
v -0.000723 0.115144 -0.169405
v -0.020184 0.117345 -0.169289
v -0.024586 0.122471 -0.179714
v -0.011728 0.120241 -0.176587
v -0.027019 0.120472 -0.185622
v -0.044163 0.130232 -0.181568
v -0.067562 0.143785 -0.184927
v -0.041383 0.126293 -0.188286
v -0.016709 0.131158 -0.222111
v -0.029220 0.137530 -0.214118
v -0.046248 0.137530 -0.214003
v -0.041151 0.147608 -0.227787
v -0.028177 0.145986 -0.225355
v -0.016246 0.148418 -0.236359
v -0.046480 0.145754 -0.243570
v -0.061539 0.153747 -0.227672
v -0.084011 0.165331 -0.229873
v -0.087023 0.153515 -0.207979
v -0.084127 0.151662 -0.181915
v -0.088529 0.151314 -0.191530
v -0.092352 0.149345 -0.175892
v -0.090267 0.157338 -0.164539
v -0.091657 0.165099 -0.154693
v -0.102430 0.135097 -0.160369
v -0.108106 0.113522 -0.162107
v -0.123049 0.102517 -0.146816
v -0.134285 0.081435 -0.149712
v -0.122354 0.071820 -0.161991
v -0.134749 0.069272 -0.144615
v -0.119110 0.053518 -0.160485
v -0.106832 0.081319 -0.184927
v -0.100576 0.105761 -0.193036
v -0.097680 0.133012 -0.187360
v -0.100576 0.125251 -0.206589
v -0.098839 0.140541 -0.209137
v -0.108222 0.118966 -0.221995
v -0.106368 0.102054 -0.222111
v -0.123744 0.097420 -0.245540
v -0.115519 0.040080 -0.247393
v -0.123396 0.025948 -0.250752
v -0.123628 0.018187 -0.244150
v -0.113434 0.021894 -0.230220
v -0.106484 0.038574 -0.233232
v -0.103936 0.078423 -0.210759
v -0.106368 0.046799 -0.195584
v -0.104515 0.042745 -0.225702
v -0.112739 0.021314 -0.220258
v -0.118184 0.018418 -0.196163
v -0.108337 0.033362 -0.197438
v -0.127335 0.029771 -0.121447
v -0.130115 0.019577 -0.136391
v -0.135907 0.012974 -0.158863
v -0.137181 0.014827 -0.099901
v -0.129768 0.020503 -0.106273
v -0.127914 0.033825 -0.101639
v -0.133590 0.022009 -0.092835
v -0.136139 0.035794 -0.093299
v -0.134054 0.031276 -0.090634
v -0.132548 0.022704 -0.067582
v -0.135675 0.033014 -0.072679
v -0.135560 0.017839 -0.059242
v -0.135560 0.014596 -0.062254
v -0.142973 0.017723 -0.074996
v -0.140193 0.012974 -0.060516
v -0.137760 0.022589 -0.059590
v -0.137181 0.029771 -0.065266
v -0.139382 0.036258 -0.078355
v -0.145985 0.038458 -0.094225
v -0.143552 0.030697 -0.069088
v -0.143205 0.016565 -0.061211
v -0.151429 0.020735 -0.092256
v -0.156179 0.014596 -0.101060
v -0.165214 0.013785 -0.081136
v -0.151545 0.028265 -0.085422
v -0.150387 0.034520 -0.089244
v -0.159307 0.041354 -0.080325
v -0.150734 0.040775 -0.096310
v -0.131621 0.044482 -0.103377
v -0.127683 0.048768 -0.134653
v -0.145058 0.069735 -0.141140
v -0.147143 0.077496 -0.141488
v -0.148881 0.085605 -0.139866
v -0.154905 0.089196 -0.133147
v -0.154905 0.077959 -0.137202
v -0.159191 0.075411 -0.132800
v -0.180042 0.073094 -0.136159
v -0.184096 0.061974 -0.116119
v -0.160233 0.067418 -0.125154
v -0.140077 0.059541 -0.129556
v -0.150155 0.051432 -0.106041
v -0.163129 0.049927 -0.088433
v -0.166025 0.039964 -0.073490
v -0.171238 0.051201 -0.090287
v -0.176219 0.060120 -0.111833
v -0.180853 0.040544 -0.079630
v -0.172280 0.039501 -0.073954
v -0.168458 0.032782 -0.052060
v -0.168689 0.022589 -0.045110
v -0.173207 0.021314 -0.039665
v -0.174713 0.030929 -0.049048
v -0.178767 0.031045 -0.072448
v -0.189888 0.027106 -0.046616
v -0.182706 0.028612 -0.066887
v -0.178420 0.026643 -0.064223
v -0.178420 0.020040 -0.041519
v -0.175408 0.017028 -0.039665
v -0.172512 0.019693 -0.057736
v -0.176103 0.015059 -0.078008
v -0.190004 0.016333 -0.096890
v -0.193942 0.017028 -0.086927
v -0.208538 0.015407 -0.095384
v -0.217573 0.022357 -0.098048
v -0.216415 0.026759 -0.088897
v -0.210044 0.038227 -0.088086
v -0.213982 0.030813 -0.072332
v -0.216067 0.018650 -0.061443
v -0.204020 0.019693 -0.085306
v -0.200313 0.024326 -0.082410
v -0.211434 0.020272 -0.063296
v -0.215952 0.021198 -0.061559
v -0.204368 0.033941 -0.083105
v -0.199618 0.039849 -0.087043
v -0.204020 0.028265 -0.077660
v -0.200198 0.030929 -0.067351
v -0.193479 0.039733 -0.075923
v -0.194753 0.047610 -0.090866
v -0.183169 0.045640 -0.083916
v -0.190004 0.032551 -0.052060
v -0.195217 0.028265 -0.045226
v -0.195564 0.020619 -0.039781
v -0.191973 0.019808 -0.041287
v -0.195332 0.018534 -0.040824
v -0.196375 0.020851 -0.062370
v -0.196491 0.018882 -0.069204
v -0.182243 0.018418 -0.078471
v -0.178652 0.022241 -0.074880
v -0.182706 0.024558 -0.069088
v -0.228115 0.455275 0.002153
v -0.224524 0.436278 0.024625
v -0.225219 0.441375 0.040959
v -0.218037 0.422725 0.030186
v -0.219543 0.419249 0.031112
v -0.215952 0.416933 0.038063
v -0.214330 0.409982 0.052427
v -0.211318 0.407781 0.053237
v -0.211781 0.426084 0.070266
v -0.219543 0.426200 0.052079
v -0.217805 0.432108 0.041074
v -0.214909 0.430833 0.070961
v -0.217342 0.466975 0.078838
v -0.211434 0.450873 0.093202
v -0.209117 0.422840 0.083935
v -0.211666 0.410330 0.066559
v -0.208075 0.403264 0.059724
v -0.200082 0.381370 0.050805
v -0.197765 0.366427 0.049762
v -0.200082 0.384729 0.063895
v -0.203904 0.410562 0.077795
v -0.207959 0.414616 0.081965
v -0.204020 0.423883 0.094939
v -0.205758 0.432223 0.098646
v -0.209812 0.471724 0.107566
v -0.202283 0.431760 0.101311
v -0.201588 0.426663 0.106176
v -0.195680 0.422725 0.113474
v -0.198112 0.395618 0.081270
v -0.193131 0.383803 0.084977
v -0.187919 0.374188 0.078259
v -0.186529 0.376505 0.088452
v -0.194290 0.383224 0.087873
v -0.190120 0.390058 0.099920
v -0.186413 0.383687 0.095055
v -0.180621 0.363879 0.093086
v -0.182590 0.353685 0.070729
v -0.167763 0.314300 0.067486
v -0.174713 0.315342 0.045940
v -0.167068 0.296808 0.051500
v -0.157106 0.288120 0.068065
v -0.145406 0.289626 0.083587
v -0.164172 0.319744 0.080344
v -0.142394 0.288004 0.099457
v -0.126640 0.276884 0.092738
v -0.139498 0.280243 0.077564
v -0.139382 0.274219 0.070266
v -0.144479 0.268427 0.050341
v -0.139151 0.266921 0.053122
v -0.135791 0.266226 0.068876
v -0.128030 0.276189 0.085325
v -0.123976 0.271671 0.098530
v -0.125945 0.266690 0.075363
v -0.127914 0.258349 0.063315
v -0.133359 0.256496 0.050457
v -0.143205 0.268775 0.036093
v -0.160812 0.280359 0.026826
v -0.156874 0.272482 0.017675
v -0.149229 0.267616 0.009335
v -0.141583 0.248735 0.025552
v -0.141120 0.247229 0.017675
v -0.133822 0.246881 0.007944
v -0.133590 0.244101 0.016517
v -0.120848 0.235413 0.007249
v -0.117605 0.234255 0.012810
v -0.104862 0.227420 0.005280
v -0.099534 0.227420 0.014895
v -0.093510 0.221976 0.026595
v -0.106716 0.235297 0.013389
v -0.110075 0.239699 0.026131
v -0.103009 0.230316 0.043275
v -0.098375 0.227536 0.035746
v -0.088297 0.221049 0.044434
v -0.094205 0.227884 0.058450
v -0.100576 0.228811 0.050689
v -0.110075 0.242827 0.041306
v -0.126292 0.245375 0.026363
v -0.122354 0.241321 0.019065
v -0.130347 0.249082 0.040148
v -0.121659 0.248966 0.041074
v -0.112276 0.253948 0.071424
v -0.122470 0.260782 0.067949
v -0.122238 0.259624 0.077911
v -0.099070 0.243406 0.085672
v -0.091888 0.239815 0.080228
v -0.050302 0.232286 0.095519
v -0.014276 0.233212 0.104670
v 0.013293 0.233560 0.103280
v -0.005241 0.230316 0.109651
v -0.023196 0.231938 0.112894
v -0.057021 0.240974 0.110346
v -0.081926 0.248966 0.113010
v -0.109843 0.262520 0.109188
v -0.132316 0.275957 0.111620
v -0.156526 0.304685 0.118802
v -0.174134 0.341985 0.083935
v -0.172860 0.354148 0.087062
v -0.166836 0.346387 0.096793
v -0.159654 0.316848 0.122393
v -0.152009 0.306075 0.136178
v -0.138340 0.297735 0.142781
v -0.123165 0.276536 0.136873
v -0.095711 0.255801 0.126563
v -0.071037 0.254758 0.160852
v -0.090962 0.264836 0.160157
v -0.108801 0.279780 0.153785
v -0.098839 0.274451 0.160157
v -0.083664 0.266342 0.164906
v -0.094321 0.269586 0.174173
v -0.073238 0.266458 0.172783
v -0.057253 0.262983 0.177880
v -0.053198 0.254411 0.174868
v -0.039993 0.258929 0.193982
v -0.028988 0.250820 0.203480
v -0.027830 0.243406 0.174057
v 0.001941 0.235529 0.151121
v 0.019896 0.231706 0.112547
v 0.064262 0.244680 0.116370
v 0.034608 0.239468 0.151353
v 0.014567 0.243406 0.177301
v -0.009064 0.245144 0.181239
v -0.009759 0.245375 0.196414
v -0.015551 0.253252 0.248107
v -0.028293 0.260203 0.210315
v -0.030494 0.261940 0.237102
v -0.024702 0.257191 0.255057
v -0.032811 0.264836 0.245906
v -0.038603 0.266574 0.251235
v -0.034896 0.260087 0.263282
v -0.037792 0.265300 0.291431
v -0.030378 0.262751 0.294906
v -0.018910 0.258813 0.278689
v -0.010454 0.260782 0.276951
v -0.020879 0.268543 0.306722
v -0.033274 0.267501 0.306142
v -0.041383 0.272250 0.302899
v -0.046595 0.278505 0.293863
v -0.044974 0.274567 0.278457
v -0.039761 0.270281 0.267916
v -0.043931 0.270628 0.262819
v -0.060380 0.265300 0.269769
v -0.054357 0.264952 0.259691
v -0.047290 0.258697 0.245443
v -0.050186 0.253600 0.218192
v -0.050766 0.254179 0.203944
v -0.060033 0.257075 0.228501
v -0.062813 0.264836 0.253783
v -0.074397 0.261130 0.246485
v -0.065709 0.264605 0.231861
v -0.067794 0.256843 0.208809
v -0.079957 0.264836 0.184019
v -0.083780 0.268659 0.193518
v -0.074513 0.263215 0.211473
v -0.081695 0.261245 0.214948
v -0.093858 0.262983 0.198731
v -0.096638 0.271903 0.180544
v -0.111349 0.280359 0.168613
v -0.101619 0.268659 0.183672
v -0.108453 0.267964 0.190391
v -0.090498 0.260898 0.229312
v -0.084938 0.273756 0.280079
v -0.068026 0.269122 0.282743
v -0.057832 0.281170 0.309502
v -0.050997 0.282212 0.305911
v -0.051576 0.284992 0.314714
v -0.043584 0.272598 0.313904
v -0.028409 0.270397 0.325835
v -0.020068 0.270165 0.319348
v -0.027366 0.280011 0.342979
v -0.014740 0.276304 0.319580
v -0.015782 0.282212 0.333133
v -0.018678 0.286267 0.340315
v -0.019257 0.293680 0.348771
v -0.034316 0.288004 0.353752
v -0.045089 0.288699 0.351551
v -0.040688 0.278737 0.337882
v -0.052040 0.287657 0.334291
v -0.055978 0.297850 0.328847
v -0.058758 0.304222 0.338230
v -0.059801 0.309203 0.341357
v -0.076250 0.304222 0.340546
v -0.080652 0.296692 0.329889
v -0.094553 0.297735 0.323055
v -0.083432 0.310593 0.344253
v -0.090151 0.308160 0.336029
v -0.094900 0.305380 0.333017
v -0.093510 0.315921 0.343790
v -0.088645 0.325420 0.351899
v -0.090382 0.334803 0.360007
v -0.073354 0.334919 0.364409
v -0.069763 0.327273 0.357922
v -0.066404 0.318933 0.350624
v -0.065245 0.322756 0.355258
v -0.074397 0.337699 0.375182
v -0.054820 0.301441 0.358965
v -0.043584 0.303063 0.366263
v -0.026671 0.303874 0.361629
v -0.034780 0.313257 0.369738
v -0.028061 0.307928 0.367884
v -0.020416 0.299472 0.356880
v -0.015203 0.294028 0.371823
v -0.007558 0.278389 0.340894
v -0.002808 0.268659 0.309965
v -0.008600 0.271439 0.297570
v -0.012770 0.272598 0.299887
v -0.002693 0.268775 0.280310
v -0.002808 0.264721 0.258996
v -0.008021 0.253252 0.238956
v -0.000839 0.250820 0.203596
v 0.000088 0.249314 0.188769
v 0.007733 0.245607 0.196182
v 0.019085 0.249082 0.213906
v 0.046076 0.249893 0.174521
v 0.034260 0.258813 0.200353
v 0.028816 0.260782 0.209967
v 0.041790 0.259044 0.190159
v 0.042021 0.259739 0.194329
v 0.047813 0.260782 0.184367
v 0.056964 0.254990 0.199426
v 0.047350 0.253600 0.210199
v 0.027773 0.261825 0.240809
v 0.044454 0.256612 0.237450
v 0.061366 0.256959 0.220509
v 0.057775 0.265879 0.260386
v 0.050593 0.265995 0.261892
v 0.039473 0.270512 0.259112
v 0.034608 0.265879 0.252857
v 0.043643 0.274683 0.278225
v 0.037619 0.270860 0.266410
v 0.041790 0.276073 0.290388
v 0.030901 0.258813 0.263166
v 0.023950 0.258118 0.254826
v 0.013757 0.253368 0.248571
v -0.002693 0.256843 0.235799
v -0.002924 0.253021 0.214137
v 0.001014 0.264605 0.261081
v 0.012251 0.259160 0.277067
v 0.020707 0.260434 0.287145
v 0.034376 0.264489 0.292242
v 0.034260 0.268659 0.305100
v 0.045844 0.280706 0.303362
v 0.061019 0.265068 0.270117
v 0.063336 0.264605 0.237218
v 0.065305 0.264489 0.225837
v 0.070981 0.261477 0.245790
v 0.071792 0.264721 0.214022
v 0.068896 0.258697 0.202669
v 0.081291 0.268659 0.191549
v 0.074224 0.262983 0.183788
v 0.064610 0.264836 0.178112
v 0.073761 0.266226 0.168844
v 0.067853 0.263910 0.170582
v 0.061135 0.263099 0.176027
v 0.080364 0.261477 0.163168
v 0.084650 0.268080 0.166644
v 0.098666 0.276304 0.157608
v 0.102837 0.276420 0.163284
v 0.095191 0.272598 0.180081
v 0.093570 0.262983 0.198963
v 0.085808 0.259971 0.226069
v 0.075383 0.273177 0.288419
v 0.060671 0.278505 0.306374
v 0.050362 0.288004 0.317263
v 0.041674 0.272945 0.310428
v 0.054184 0.299588 0.331279
v 0.063104 0.294954 0.329542
v 0.058586 0.309203 0.340894
v 0.063451 0.321366 0.354100
v 0.078163 0.308971 0.344369
v 0.067274 0.329243 0.360123
v 0.087430 0.328779 0.354215
v 0.089399 0.319281 0.346338
v 0.092759 0.297735 0.321317
v 0.092759 0.305264 0.333480
v 0.103416 0.303990 0.348539
v 0.107470 0.267153 0.322823
v 0.114536 0.251631 0.330469
v 0.128437 0.260898 0.348655
v 0.119170 0.297503 0.358965
v 0.106312 0.339437 0.376341
v 0.089052 0.351947 0.379005
v 0.070286 0.339321 0.379352
v 0.047582 0.287541 0.342284
v 0.037504 0.270512 0.314483
v 0.026731 0.266806 0.306374
v 0.018622 0.268659 0.307648
v 0.004605 0.269817 0.293748
v 0.009702 0.274451 0.307648
v 0.018390 0.270281 0.320970
v 0.023487 0.269933 0.324213
v 0.036345 0.279432 0.340778
v 0.044570 0.295186 0.358502
v 0.060903 0.339668 0.384681
v 0.097161 0.389363 0.402868
v 0.105269 0.377316 0.396265
v 0.143959 0.297040 0.367074
v 0.135271 0.243175 0.348539
v 0.133534 0.182243 0.348655
v 0.115231 0.188614 0.315062
v 0.099593 0.267385 0.277994
v 0.092527 0.289858 0.300235
v 0.088704 0.291827 0.307764
v 0.080827 0.280706 0.300119
v 0.093338 0.262867 0.225953
v 0.099941 0.267037 0.215412
v 0.099130 0.270397 0.233946
v 0.097392 0.274335 0.249034
v 0.102605 0.267964 0.228501
v 0.098551 0.275957 0.257606
v 0.095770 0.278158 0.265135
v 0.093917 0.280359 0.274518
v 0.094612 0.283602 0.287724
v 0.090789 0.284297 0.286102
v 0.088704 0.287772 0.296296
v 0.109671 0.252094 0.199542
v 0.104574 0.265995 0.208925
v 0.104806 0.268543 0.191549
v 0.111525 0.272482 0.178112
v 0.103068 0.276536 0.174173
v 0.110945 0.282212 0.164095
v 0.108629 0.279895 0.151121
v 0.104806 0.280127 0.154017
v 0.126699 0.286035 0.142549
v 0.124614 0.293564 0.149963
v 0.130059 0.278621 0.160388
v 0.133071 0.254990 0.164558
v 0.116274 0.255917 0.181818
v 0.119981 0.193596 0.204755
v 0.135503 0.166721 0.201279
v 0.123224 0.128726 0.235568
v 0.114305 0.121891 0.252741
v 0.103532 0.222324 0.241041
v 0.107007 0.176799 0.285523
v 0.106543 0.130000 0.273128
v 0.094960 0.060584 0.316336
v 0.104574 0.057804 0.291778
v 0.116506 0.058267 0.278457
v 0.133186 0.094177 0.246833
v 0.151257 0.109931 0.230934
v 0.144654 0.163130 0.198615
v 0.142801 0.199503 0.182629
v 0.151836 0.232981 0.166875
v 0.152416 0.260087 0.156681
v 0.149520 0.264373 0.148109
v 0.146276 0.277810 0.150889
v 0.149751 0.270281 0.145098
v 0.155659 0.264952 0.149847
v 0.155427 0.255222 0.155755
v 0.166780 0.213751 0.178227
v 0.153111 0.188730 0.185641
v 0.160640 0.149924 0.205565
v 0.160061 0.134865 0.213558
v 0.174772 0.161856 0.203712
v 0.171645 0.178189 0.193982
v 0.176742 0.229042 0.176490
v 0.172456 0.245723 0.165369
v 0.168633 0.251052 0.159462
v 0.176394 0.244333 0.155060
v 0.177089 0.244796 0.152395
v 0.179754 0.251399 0.167339
v 0.188673 0.248503 0.176490
v 0.183808 0.192900 0.195372
v 0.195971 0.177262 0.214022
v 0.176394 0.132549 0.222825
v 0.174541 0.108425 0.239767
v 0.166432 0.099737 0.242431
v 0.138052 0.040659 0.281353
v 0.119170 0.035678 0.293284
v 0.105501 0.047494 0.298613
v 0.100056 0.033477 0.324677
v 0.092990 0.040312 0.337535
v 0.099709 0.026411 0.339041
v 0.106312 0.022936 0.329889
v 0.129943 0.021662 0.304752
v 0.143264 0.026643 0.293400
v 0.155312 0.032319 0.288998
v 0.172919 0.036258 0.293053
v 0.182070 0.093598 0.257374
v 0.189832 0.112711 0.248571
v 0.202574 0.136255 0.245790
v 0.200373 0.148882 0.234641
v 0.202805 0.169849 0.224679
v 0.209177 0.151894 0.245559
v 0.212304 0.132201 0.268263
v 0.202226 0.096725 0.277646
v 0.192496 0.067071 0.285523
v 0.205470 0.071936 0.301509
v 0.211609 0.109004 0.288187
v 0.219023 0.140541 0.291894
v 0.217749 0.146681 0.271970
v 0.225046 0.200430 0.247760
v 0.219486 0.188499 0.240925
v 0.212188 0.191279 0.226880
v 0.192148 0.195912 0.203480
v 0.196203 0.209581 0.200005
v 0.204080 0.230432 0.203249
v 0.206281 0.219891 0.210199
v 0.225162 0.218733 0.239767
v 0.229564 0.236688 0.252046
v 0.219255 0.256959 0.228386
v 0.203269 0.276536 0.184714
v 0.226552 0.295997 0.249845
v 0.230954 0.260782 0.279499
v 0.227247 0.190700 0.269190
v 0.223309 0.179232 0.294559
v 0.228174 0.204369 0.289462
v 0.231070 0.234371 0.282627
v 0.225162 0.259508 0.302551
v 0.217633 0.291711 0.312166
v 0.215664 0.245491 0.321317
v 0.204659 0.184328 0.344601
v 0.213578 0.127567 0.317031
v 0.213115 0.102054 0.306374
v 0.213231 0.062785 0.338230
v 0.207902 0.054560 0.323287
v 0.192496 0.036026 0.312398
v 0.172687 0.024094 0.305216
v 0.169676 0.017144 0.314599
v 0.143496 0.017028 0.307069
v 0.117780 0.012626 0.342863
v 0.103763 0.020040 0.350393
v 0.100520 0.025485 0.357691
v 0.087778 0.054444 0.342979
v 0.095191 0.077959 0.324445
v 0.101447 0.102749 0.307069
v 0.110366 0.153052 0.307417
v 0.116274 0.166142 0.320159
v 0.145234 0.172976 0.361977
v 0.120328 0.139267 0.340546
v 0.132955 0.133823 0.361050
v 0.114768 0.103444 0.360587
v 0.105385 0.109236 0.326762
v 0.101331 0.092903 0.336029
v 0.087546 0.067302 0.339041
v 0.102489 0.085952 0.363367
v 0.089283 0.074600 0.346338
v 0.081870 0.071588 0.345064
v 0.081522 0.072631 0.355374
v 0.071908 0.064291 0.349234
v 0.077120 0.063016 0.344253
v 0.063567 0.048421 0.363830
v 0.078858 0.052243 0.351667
v 0.068432 0.041586 0.365684
v 0.063104 0.036026 0.380048
v 0.070633 0.028496 0.385376
v 0.060671 0.047957 0.372286
v 0.063567 0.056761 0.360702
v 0.067853 0.064522 0.357459
v 0.069823 0.064870 0.366842
v 0.063336 0.058151 0.369970
v 0.063451 0.050042 0.381438
v 0.065305 0.034172 0.390125
v 0.079090 0.026180 0.396728
v 0.071676 0.035910 0.395917
v 0.069128 0.046336 0.386882
v 0.081175 0.030813 0.397539
v 0.075499 0.041470 0.386650
v 0.081291 0.028033 0.391863
v 0.077352 0.026527 0.389430
v 0.075151 0.040312 0.373097
v 0.077815 0.048421 0.371360
v 0.082796 0.052243 0.367653
v 0.086735 0.043324 0.359892
v 0.084650 0.058383 0.366610
v 0.087893 0.071125 0.361745
v 0.098087 0.079813 0.380627
v 0.114305 0.093714 0.376109
v 0.140137 0.120241 0.374140
v 0.156007 0.155948 0.369159
v 0.150794 0.118619 0.379468
v 0.139673 0.094177 0.399624
v 0.159250 0.098115 0.394527
v 0.169096 0.118851 0.375414
v 0.176394 0.107035 0.377731
v 0.169328 0.137298 0.370317
v 0.181144 0.187572 0.367884
v 0.165274 0.179811 0.370317
v 0.146624 0.202631 0.357806
v 0.148825 0.232517 0.355374
v 0.165042 0.240394 0.360587
v 0.184619 0.210856 0.363946
v 0.190758 0.201125 0.361050
v 0.199909 0.214562 0.348655
v 0.186588 0.252557 0.352362
v 0.176278 0.257770 0.355721
v 0.158671 0.264605 0.359660
v 0.161104 0.292522 0.364873
v 0.170139 0.367933 0.395338
v 0.142106 0.363531 0.395222
v 0.158208 0.385656 0.402057
v 0.114768 0.430370 0.414452
v 0.089052 0.403843 0.417000
v 0.075151 0.383687 0.413293
v 0.072139 0.368628 0.405648
v 0.061946 0.369670 0.410861
v 0.067158 0.376852 0.421634
v 0.045149 0.361678 0.428121
v 0.047929 0.360403 0.415031
v 0.030553 0.348356 0.422560
v 0.017116 0.342680 0.426499
v 0.027773 0.329359 0.415262
v 0.041790 0.324377 0.397887
v 0.047929 0.329127 0.379584
v 0.030206 0.308276 0.382596
v 0.012830 0.300051 0.386998
v 0.013872 0.294259 0.369854
v 0.027773 0.310129 0.369738
v 0.019780 0.300283 0.359660
v 0.024645 0.305727 0.363946
v 0.020128 0.297850 0.354331
v 0.015263 0.289973 0.344717
v 0.006690 0.285456 0.358849
v 0.012367 0.278505 0.325024
v 0.020128 0.276999 0.334755
v 0.032407 0.293101 0.358502
v 0.043064 0.304106 0.366726
v 0.026499 0.276420 0.338461
v -0.007094 0.286035 0.360818
v 0.002636 0.297619 0.384565
v -0.016941 0.302947 0.390936
v -0.004893 0.319628 0.411671
v 0.003215 0.338626 0.426383
v -0.012770 0.340827 0.427426
v -0.028293 0.326694 0.413757
v -0.041267 0.326463 0.403794
v -0.031189 0.347198 0.423835
v -0.024007 0.346734 0.431827
v -0.001418 0.342332 0.434144
v 0.011092 0.349978 0.440979
v -0.013350 0.354148 0.444222
v 0.008312 0.358087 0.445612
v 0.027078 0.363647 0.442253
v 0.045728 0.370134 0.433913
v 0.038546 0.370134 0.445960
v 0.011208 0.364226 0.455574
v -0.012770 0.360635 0.447002
v -0.040919 0.366890 0.437388
v -0.070458 0.378358 0.422676
v -0.049723 0.358666 0.414567
v -0.065014 0.359013 0.407154
v -0.072891 0.376505 0.410281
v -0.089456 0.377779 0.399740
v -0.088761 0.395618 0.412482
v -0.068836 0.396777 0.443411
v -0.043815 0.370481 0.444222
v -0.025281 0.364226 0.450014
v 0.002289 0.362373 0.455111
v 0.007501 0.368280 0.460324
v 0.027078 0.373261 0.453837
v 0.049667 0.387741 0.449782
v 0.032870 0.378127 0.460440
v 0.014915 0.371408 0.466347
v 0.000551 0.368049 0.466695
v -0.009527 0.368280 0.460208
v -0.033621 0.374652 0.453142
v -0.010685 0.369902 0.467969
v -0.001650 0.395502 0.504719
v 0.032407 0.413110 0.510511
v 0.013988 0.403264 0.509353
v -0.016593 0.405233 0.511901
v -0.040688 0.380907 0.458239
v -0.048333 0.385309 0.450362
v -0.064782 0.397935 0.446886
v -0.070111 0.405580 0.460903
v -0.081115 0.420524 0.442369
v -0.088645 0.427937 0.440168
v -0.086560 0.431412 0.451636
v -0.085749 0.428053 0.462756
v -0.065477 0.416122 0.483984
v -0.041614 0.417628 0.509932
v -0.013118 0.418207 0.561132
v 0.007501 0.417048 0.559742
v 0.023140 0.423420 0.560669
v 0.001941 0.422030 0.574801
v -0.014856 0.425041 0.573875
v -0.032347 0.429443 0.561827
v -0.065245 0.446240 0.514565
v -0.069995 0.440795 0.500317
v -0.082042 0.439985 0.484679
v -0.086560 0.438595 0.468780
v -0.090962 0.441722 0.465421
v -0.102661 0.471261 0.457891
v -0.092815 0.483077 0.489312
v -0.079146 0.465006 0.504024
v -0.072659 0.457476 0.505298
v -0.065245 0.463384 0.528582
v -0.084822 0.484930 0.510858
v -0.104399 0.485973 0.485258
v -0.091309 0.488637 0.509816
v -0.100460 0.496630 0.511438
v -0.110538 0.491533 0.484331
v -0.092468 0.501263 0.538776
v -0.083200 0.487826 0.539586
v -0.075671 0.475315 0.553024
v -0.055631 0.454117 0.556499
v -0.041498 0.441490 0.567156
v -0.029567 0.428285 0.584069
v -0.013350 0.420987 0.583026
v 0.005764 0.419597 0.582331
v 0.017116 0.426663 0.570979
v 0.032754 0.436394 0.569357
v 0.021518 0.424926 0.589050
v 0.004142 0.418786 0.606425
v -0.012655 0.425968 0.676855
v -0.022848 0.427126 0.652529
v -0.037097 0.431760 0.655194
v -0.067446 0.454117 0.579087
v -0.090962 0.464774 0.590556
v -0.081347 0.459909 0.575728
v -0.087950 0.466512 0.565418
v -0.072891 0.463500 0.561480
v -0.084359 0.469755 0.554645
v -0.088877 0.471377 0.556615
v -0.084706 0.475431 0.553487
v -0.088413 0.483424 0.546884
v -0.084822 0.485393 0.545610
v -0.086907 0.491301 0.548854
v -0.093394 0.489100 0.554066
v -0.100692 0.492228 0.562175
v -0.095132 0.472072 0.572948
v -0.095943 0.469523 0.614302
v -0.054588 0.435467 0.683111
v -0.042194 0.422725 0.729591
v -0.029799 0.423883 0.707668
v 0.009818 0.425736 0.670832
v 0.035882 0.433034 0.646969
v 0.036809 0.425157 0.710217
v -0.028988 0.408361 0.759593
v 0.023719 0.398630 0.780097
v -0.020184 0.386930 0.799326
v 0.010166 0.366427 0.824000
v 0.026615 0.381949 0.814501
v -0.000607 0.343838 0.844387
v 0.008660 0.352063 0.837321
v 0.022908 0.348588 0.851569
v 0.037967 0.402569 0.808014
v 0.032175 0.401989 0.782182
v 0.039125 0.419829 0.740711
v 0.044454 0.428517 0.709985
v 0.057312 0.441143 0.738974
v 0.065537 0.448209 0.697359
v 0.070749 0.449483 0.666546
v 0.072255 0.459793 0.568083
v 0.044106 0.446124 0.562754
v 0.055690 0.455854 0.553719
v 0.070518 0.472072 0.553719
v 0.080364 0.471029 0.553140
v 0.079553 0.459793 0.574338
v 0.093917 0.469292 0.603877
v 0.090789 0.473694 0.653456
v 0.102026 0.483772 0.603993
v 0.097161 0.487826 0.649170
v 0.074572 0.475431 0.704773
v 0.062641 0.465006 0.739437
v 0.039589 0.428401 0.828981
v 0.032291 0.383571 0.851685
v 0.030090 0.358318 0.861415
v 0.028931 0.358434 0.875316
v 0.028700 0.344765 0.884931
v 0.030553 0.353685 0.885162
v 0.027310 0.415774 0.873347
v 0.060324 0.504738 0.730402
v 0.079090 0.502306 0.697822
v 0.091369 0.491533 0.668863
v 0.089747 0.509604 0.676160
v 0.092527 0.529180 0.660290
v 0.092064 0.516438 0.681836
v 0.088936 0.510530 0.690524
v 0.084187 0.510415 0.698633
v 0.078163 0.512615 0.706858
v 0.063104 0.511689 0.725189
v 0.081406 0.530339 0.708943
v 0.076078 0.545166 0.716501
v 0.050593 0.537173 0.733066
v 0.032522 0.542502 0.750905
v 0.024298 0.511110 0.786931
v 0.026267 0.549568 0.751484
v 0.049319 0.551885 0.726927
v 0.080711 0.555823 0.708132
v 0.088820 0.546556 0.697822
v 0.087430 0.540069 0.693652
v 0.078510 0.520840 0.702572
v 0.089052 0.529296 0.696200
v 0.090674 0.533003 0.690061
v 0.088936 0.539490 0.682416
v 0.092643 0.545050 0.684732
v 0.088704 0.531845 0.678130
v 0.089283 0.524431 0.683922
v 0.082217 0.516902 0.697011
v 0.075151 0.518060 0.701761
v 0.075267 0.514701 0.702456
v 0.092411 0.534046 0.666662
v 0.098203 0.545050 0.647085
v 0.104690 0.509604 0.630752
v 0.104806 0.494197 0.611059
v 0.106196 0.504623 0.588007
v 0.094728 0.472651 0.578045
v 0.087198 0.469292 0.561712
v 0.081986 0.475663 0.552908
v 0.077120 0.476474 0.552908
v 0.074804 0.479717 0.547348
v 0.063220 0.463268 0.526960
v 0.059513 0.441259 0.516071
v 0.044454 0.421914 0.509121
v 0.060092 0.416469 0.487575
v 0.054300 0.391911 0.455343
v 0.063451 0.399441 0.445728
v 0.063104 0.389363 0.441790
v 0.089979 0.434540 0.440168
v 0.075614 0.414037 0.441905
v 0.082681 0.424810 0.454995
v 0.084882 0.434077 0.454416
v 0.083376 0.441490 0.472023
v 0.081175 0.424462 0.464146
v 0.071676 0.426431 0.484911
v 0.066347 0.439405 0.501475
v 0.073414 0.451800 0.496958
v 0.083492 0.487247 0.514913
v 0.081175 0.487015 0.545378
v 0.087430 0.485857 0.547000
v 0.094844 0.483308 0.562523
v 0.098551 0.494197 0.562291
v 0.090558 0.494429 0.550591
v 0.090326 0.490838 0.553603
v 0.087314 0.491764 0.552792
v 0.088009 0.497441 0.549433
v 0.102605 0.518523 0.566229
v 0.107470 0.533698 0.597042
v 0.105038 0.529528 0.628319
v 0.092527 0.563932 0.662491
v 0.090674 0.556055 0.691219
v 0.077005 0.563932 0.704309
v 0.074919 0.591965 0.668167
v 0.086851 0.588606 0.651255
v 0.098435 0.591965 0.613028
v 0.104574 0.567523 0.597738
v 0.102026 0.569376 0.587891
v 0.104227 0.556055 0.590903
v 0.106196 0.552232 0.585922
v 0.106428 0.533582 0.577582
v 0.100636 0.526284 0.557426
v 0.096350 0.546556 0.559974
v 0.112104 0.560573 0.583258
v 0.112683 0.575516 0.584300
v 0.098898 0.573199 0.584532
v 0.090789 0.583277 0.583953
v 0.090905 0.583161 0.577466
v 0.090789 0.589532 0.571095
v 0.090674 0.596628 0.579782
v 0.094496 0.596164 0.586385
v 0.099014 0.612497 0.578045
v 0.106428 0.594166 0.583373
v 0.108049 0.581655 0.586038
v 0.112567 0.584320 0.587891
v 0.113262 0.584899 0.592061
v 0.112220 0.593818 0.588355
v 0.112451 0.590922 0.592872
v 0.103879 0.574821 0.600749
v 0.099130 0.581655 0.600749
v 0.100983 0.589417 0.598548
v 0.108976 0.596280 0.590671
v 0.100636 0.596628 0.590208
v 0.101215 0.594977 0.595073
v 0.113610 0.620259 0.593799
v 0.106196 0.600798 0.605035
v 0.106775 0.610297 0.604456
v 0.116506 0.629757 0.588586
v 0.119981 0.630684 0.578856
v 0.115347 0.634854 0.575612
v 0.109787 0.631495 0.590324
v 0.091948 0.610528 0.607700
v 0.086735 0.621301 0.595537
v 0.102721 0.634854 0.578624
v 0.105617 0.633233 0.564492
v 0.122066 0.625819 0.563797
v 0.123803 0.606706 0.553024
v 0.111177 0.621996 0.569009
v 0.108281 0.622112 0.576423
v 0.096465 0.610181 0.570052
v 0.094728 0.599523 0.565534
v 0.100752 0.609486 0.562754
v 0.098782 0.595093 0.562638
v 0.110250 0.609717 0.559395
v 0.122529 0.608211 0.558932
v 0.110019 0.599987 0.558584
v 0.107818 0.587795 0.563913
v 0.110250 0.579686 0.569705
v 0.113494 0.576674 0.580478
v 0.107007 0.563353 0.576307
v 0.106543 0.557561 0.574570
v 0.116506 0.566712 0.565071
v 0.117780 0.594166 0.560206
v 0.121834 0.588027 0.554066
v 0.118127 0.570651 0.560206
v 0.116506 0.596396 0.547000
v 0.102373 0.568218 0.553371
v 0.103300 0.561268 0.560322
v 0.096697 0.559414 0.547348
v 0.096465 0.532887 0.556036
v 0.094496 0.574937 0.539586
v 0.094380 0.590575 0.539818
v 0.116737 0.608906 0.547463
v 0.088125 0.598018 0.536343
v 0.084187 0.609949 0.540745
v 0.069938 0.622344 0.533679
v 0.079437 0.623502 0.553719
v 0.115347 0.625935 0.556846
v 0.120097 0.615973 0.551865
v 0.078510 0.627093 0.559395
v 0.080248 0.629526 0.573296
v 0.067622 0.633928 0.546305
v 0.061598 0.631727 0.520936
v 0.082217 0.607053 0.512944
v 0.108629 0.561615 0.498232
v 0.111756 0.541691 0.499506
v 0.098203 0.526400 0.536459
v 0.092990 0.511920 0.552908
v 0.098551 0.511920 0.556615
v 0.087662 0.497325 0.538312
v 0.088820 0.492575 0.518272
v 0.101099 0.494197 0.503445
v 0.106659 0.506128 0.493483
v 0.110482 0.516206 0.494641
v 0.113030 0.508561 0.486532
v 0.109439 0.495008 0.478655
v 0.106543 0.492575 0.487343
v 0.102837 0.487478 0.485837
v 0.087198 0.484814 0.499159
v 0.096581 0.477169 0.473414
v 0.082565 0.446935 0.482478
v 0.089052 0.439869 0.459745
v 0.100636 0.455507 0.436461
v 0.113610 0.442881 0.423719
v 0.108049 0.467902 0.450477
v 0.100404 0.469523 0.455690
v 0.110134 0.472651 0.460208
v 0.110019 0.479601 0.464841
v 0.111293 0.473925 0.457196
v 0.123919 0.474620 0.448277
v 0.118011 0.483308 0.459513
v 0.119865 0.486436 0.455922
v 0.118011 0.501958 0.473645
v 0.114536 0.512963 0.479234
v 0.121834 0.536594 0.463799
v 0.118127 0.551306 0.475643
v 0.124035 0.558024 0.454184
v 0.102373 0.585710 0.481667
v 0.122066 0.559878 0.450709
v 0.125889 0.548294 0.444106
v 0.129711 0.541459 0.445496
v 0.135619 0.530223 0.431943
v 0.131796 0.530570 0.444801
v 0.131796 0.525589 0.436577
v 0.140600 0.520261 0.418158
v 0.137820 0.495124 0.420359
v 0.129827 0.481107 0.439589
v 0.126004 0.488289 0.454416
v 0.122993 0.472419 0.439125
v 0.118359 0.463268 0.434839
v 0.116621 0.444618 0.420939
v 0.138862 0.458519 0.415726
v 0.129364 0.462457 0.425572
v 0.134113 0.465353 0.430322
v 0.137588 0.479138 0.421286
v 0.151721 0.487131 0.405185
v 0.149172 0.468713 0.410976
v 0.143380 0.457476 0.412367
v 0.162841 0.424810 0.408312
v 0.174541 0.403380 0.403563
v 0.172224 0.435467 0.405532
v 0.165390 0.478327 0.399277
v 0.153111 0.512963 0.395222
v 0.144886 0.530802 0.405880
v 0.131680 0.534625 0.428816
v 0.133766 0.547946 0.427078
v 0.122066 0.570071 0.444570
v 0.123803 0.571577 0.430437
v 0.129711 0.572157 0.417116
v 0.131796 0.554202 0.420939
v 0.141643 0.532076 0.415147
v 0.144539 0.565438 0.399161
v 0.185430 0.514816 0.366842
v 0.181375 0.491649 0.380743
v 0.197129 0.489911 0.367537
v 0.193538 0.523273 0.355258
v 0.179290 0.580265 0.356416
v 0.213810 0.497209 0.325140
v 0.203153 0.483077 0.361629
v 0.204543 0.468365 0.367769
v 0.211609 0.471724 0.353173
v 0.214042 0.452843 0.350509
v 0.211609 0.452727 0.360471
v 0.218560 0.438710 0.342052
v 0.223193 0.466975 0.306722
v 0.211493 0.526979 0.305332
v 0.204311 0.551885 0.308343
v 0.186820 0.591270 0.322128
v 0.167243 0.617479 0.342747
v 0.154037 0.600682 0.382828
v 0.118475 0.603230 0.418043
v 0.114189 0.594861 0.432986
v 0.118127 0.587447 0.440515
v 0.110714 0.590343 0.453026
v 0.096234 0.599176 0.472834
v 0.110482 0.604852 0.438199
v 0.087662 0.631032 0.437504
v 0.088588 0.617594 0.466463
v 0.073645 0.637634 0.472139
v 0.048508 0.647365 0.515144
v 0.049435 0.652578 0.552792
v 0.063683 0.641805 0.564955
v 0.063799 0.641573 0.594378
v 0.083144 0.627556 0.586617
v 0.080132 0.623155 0.611522
v 0.074688 0.602767 0.656584
v 0.061598 0.610528 0.661101
v 0.029742 0.571462 0.724262
v 0.012135 0.586984 0.715111
v 0.011208 0.539838 0.770250
v -0.001071 0.554317 0.757161
v 0.010513 0.505781 0.803149
v 0.024877 0.474620 0.826432
v 0.018969 0.453885 0.853538
v 0.022445 0.398978 0.893155
v 0.026962 0.327968 0.915512
v 0.024645 0.313141 0.900453
v 0.028121 0.319744 0.891418
v 0.024761 0.308508 0.887827
v 0.012714 0.295186 0.882035
v -0.002577 0.321018 0.863385
v -0.003272 0.301789 0.877170
v -0.007094 0.297503 0.877865
v -0.013697 0.305264 0.872999
v -0.018099 0.360635 0.833267
v -0.031305 0.384729 0.814617
v -0.028061 0.353105 0.851453
v -0.033969 0.372335 0.847862
v -0.027598 0.317775 0.879255
v -0.013234 0.288699 0.887248
v -0.002808 0.289858 0.888753
v 0.002636 0.283834 0.893503
v 0.009007 0.282096 0.898831
v 0.012714 0.284066 0.902075
v 0.018390 0.292754 0.903812
v 0.012251 0.284761 0.909836
v 0.006922 0.282676 0.912153
v -0.002577 0.284413 0.907983
v 0.010166 0.286730 0.913659
v 0.017232 0.296113 0.908099
v 0.018738 0.301210 0.904971
v 0.024414 0.306886 0.907867
v 0.016884 0.293680 0.916555
v 0.017348 0.303758 0.926517
v 0.010976 0.298777 0.940186
v 0.007270 0.285919 0.922463
v 0.000667 0.287541 0.912153
v -0.008948 0.282212 0.911574
v -0.009759 0.280359 0.904044
v -0.007905 0.282444 0.895125
v -0.013234 0.284181 0.894314
v -0.013002 0.281980 0.909141
v -0.020532 0.291479 0.896399
v -0.030262 0.319396 0.891534
v -0.021922 0.294607 0.903581
v -0.018794 0.295765 0.909604
v -0.010222 0.285919 0.914701
v -0.008716 0.285224 0.920957
v -0.017288 0.290668 0.916786
v -0.022848 0.305032 0.902886
v -0.026555 0.313025 0.902191
v -0.028293 0.313141 0.904044
v -0.026671 0.311404 0.918408
v -0.030262 0.319976 0.910299
v -0.030146 0.332718 0.891765
v -0.031884 0.367470 0.867902
v -0.037907 0.395039 0.818092
v -0.063740 0.448557 0.728317
v -0.058758 0.453885 0.759477
v -0.039993 0.422377 0.836858
v -0.026555 0.398978 0.890491
v -0.026324 0.336656 0.920841
v -0.025397 0.327273 0.923158
v -0.018794 0.333181 0.933236
v -0.026208 0.322177 0.929992
v -0.022153 0.313489 0.925474
v -0.016941 0.299936 0.931266
v -0.015203 0.309087 0.928602
v -0.017752 0.306307 0.934162
v -0.026092 0.316500 0.931845
v -0.024934 0.323567 0.933931
v -0.015782 0.309898 0.945399
v -0.015898 0.320671 0.943429
v -0.022501 0.401758 0.893850
v -0.005936 0.323914 0.945978
v -0.005241 0.308623 0.948410
v 0.005532 0.321597 0.946557
v 0.000667 0.375694 0.918524
v 0.001941 0.410909 0.895588
v 0.009239 0.411952 0.892924
v 0.013177 0.328895 0.939838
v 0.013177 0.312214 0.945862
v 0.004489 0.306422 0.947715
v -0.009411 0.298893 0.943198
v -0.016361 0.302136 0.939954
v -0.007789 0.292058 0.936247
v 0.005764 0.292174 0.936016
v 0.015031 0.308392 0.943777
v 0.024414 0.319049 0.932193
v 0.016653 0.306770 0.937290
v 0.013641 0.303990 0.934162
v 0.012830 0.303527 0.929876
v 0.013177 0.309434 0.928834
v 0.019549 0.313720 0.925822
v 0.021402 0.327042 0.925358
v 0.002868 0.449715 0.865006
v -0.000607 0.473462 0.842881
v -0.007210 0.455275 0.859794
v -0.007442 0.416933 0.890954
v -0.017983 0.454001 0.856550
v -0.012191 0.521072 0.788553
v -0.017752 0.565670 0.741175
v -0.011380 0.587679 0.714995
v -0.026208 0.610876 0.679404
v -0.000028 0.608559 0.685891
v 0.027541 0.605895 0.684732
v 0.053142 0.618289 0.655889
v 0.065652 0.632074 0.621021
v 0.034839 0.651072 0.597506
v 0.049203 0.653041 0.567504
v 0.042137 0.657327 0.550823
v 0.042369 0.654894 0.575381
v 0.015726 0.658717 0.578508
v 0.020939 0.652925 0.599128
v 0.029858 0.639140 0.630172
v 0.012598 0.641341 0.628898
v -0.001071 0.660571 0.572716
v -0.012770 0.640646 0.631215
v -0.029683 0.636939 0.636312
v -0.043236 0.622112 0.656931
v -0.055167 0.618174 0.656352
v -0.055283 0.632885 0.630520
v -0.022501 0.652925 0.598896
v -0.019952 0.663235 0.546537
v 0.013641 0.664509 0.538891
v 0.028931 0.660802 0.518504
v 0.028121 0.661497 0.501939
v 0.012482 0.670185 0.467274
v -0.016825 0.670301 0.466695
v -0.014740 0.671923 0.425225
v -0.024239 0.663119 0.504487
v -0.043931 0.657095 0.551054
v -0.035591 0.654431 0.587660
v -0.050534 0.645048 0.604224
v -0.058527 0.648407 0.580362
v -0.064435 0.643426 0.565418
v -0.064087 0.643426 0.595189
v -0.067331 0.633928 0.617893
v -0.069531 0.625935 0.631794
v -0.081463 0.610644 0.638049
v -0.084938 0.614351 0.624033
v -0.081347 0.623965 0.612333
v -0.077524 0.633812 0.587660
v -0.087255 0.623734 0.592409
v -0.083548 0.629526 0.575612
v -0.071385 0.633001 0.549664
v -0.081347 0.625587 0.556962
v -0.110538 0.633348 0.564608
v -0.110886 0.635897 0.575033
v -0.104978 0.634159 0.582678
v -0.101735 0.619448 0.601908
v -0.089572 0.616088 0.600402
v -0.096522 0.609254 0.607700
v -0.111233 0.624545 0.597738
v -0.115635 0.629294 0.591482
v -0.122122 0.631379 0.572716
v -0.116099 0.626977 0.557310
v -0.087255 0.606706 0.539239
v -0.082274 0.609717 0.534026
v -0.057600 0.640762 0.525686
v -0.040456 0.655474 0.515724
v -0.038371 0.660802 0.476338
v -0.044394 0.662887 0.449319
v -0.051345 0.657211 0.461135
v -0.056210 0.655126 0.448392
v -0.065825 0.654779 0.430553
v -0.056094 0.658833 0.424645
v -0.035707 0.668100 0.429047
v -0.028293 0.671575 0.422213
v -0.047870 0.668563 0.399856
v -0.056673 0.664277 0.411208
v -0.076713 0.653504 0.406459
v -0.082621 0.645511 0.423487
v -0.065825 0.646902 0.453837
v -0.061886 0.649334 0.466695
v -0.057021 0.645975 0.498348
v -0.083085 0.610297 0.510858
v -0.068489 0.640530 0.482478
v -0.069416 0.641457 0.468896
v -0.077061 0.637403 0.471676
v -0.081231 0.634043 0.462756
v -0.083085 0.633696 0.444338
v -0.094668 0.635434 0.420591
v -0.090730 0.644701 0.410629
v -0.107527 0.629410 0.408891
v -0.105789 0.627325 0.415842
v -0.100576 0.621765 0.426731
v -0.091425 0.628367 0.437851
v -0.089108 0.626166 0.454764
v -0.104631 0.608096 0.450362
v -0.116099 0.606590 0.418854
v -0.112508 0.606358 0.438894
v -0.109959 0.599639 0.445612
v -0.127567 0.600566 0.409934
v -0.153862 0.599408 0.386071
v -0.136139 0.626398 0.384102
v -0.115751 0.634854 0.394527
v -0.105789 0.646322 0.390821
v -0.086907 0.656053 0.392906
v -0.072891 0.665320 0.387114
v -0.054241 0.672734 0.388504
v -0.041267 0.672270 0.399508
v -0.023428 0.676440 0.390936
v -0.042773 0.670417 0.389894
v -0.051576 0.672965 0.378889
v -0.040572 0.676325 0.381553
v -0.068605 0.678641 0.362903
v -0.084359 0.669258 0.363251
v -0.090498 0.664741 0.373213
v -0.091193 0.658949 0.377731
v -0.109496 0.652346 0.376804
v -0.143437 0.645511 0.347033
v -0.157221 0.619911 0.364525
v -0.166141 0.599523 0.370896
v -0.163940 0.586057 0.380511
v -0.138340 0.575400 0.406227
v -0.127567 0.578528 0.426036
v -0.118068 0.594629 0.428816
v -0.120153 0.587331 0.442716
v -0.115404 0.588258 0.451288
v -0.122006 0.575632 0.440979
v -0.141815 0.535899 0.419664
v -0.115751 0.580149 0.459513
v -0.102661 0.592892 0.471560
v -0.107295 0.576211 0.490123
v -0.119690 0.564859 0.463336
v -0.125134 0.558951 0.449551
v -0.131737 0.552232 0.436577
v -0.129768 0.545630 0.440052
v -0.127219 0.555360 0.453489
v -0.122354 0.551421 0.470749
v -0.132664 0.539838 0.445612
v -0.134285 0.535667 0.429974
v -0.134749 0.533582 0.437735
v -0.125829 0.534277 0.459976
v -0.131737 0.530802 0.450477
v -0.140541 0.525821 0.424298
v -0.141467 0.524894 0.417000
v -0.143089 0.540301 0.410281
v -0.155136 0.514237 0.395107
v -0.184907 0.517712 0.369738
v -0.199850 0.514353 0.352710
v -0.177493 0.582930 0.363135
v -0.178304 0.603346 0.341357
v -0.170890 0.622228 0.325951
v -0.190120 0.589532 0.321549
v -0.198808 0.561615 0.329542
v -0.211897 0.465817 0.360239
v -0.205294 0.477285 0.367074
v -0.171238 0.493965 0.391400
v -0.167299 0.478327 0.399277
v -0.181432 0.457245 0.393948
v -0.186992 0.469408 0.387577
v -0.196143 0.446124 0.383407
v -0.209812 0.444271 0.364293
v -0.214098 0.448093 0.359660
v -0.215604 0.450526 0.352362
v -0.220817 0.446124 0.344022
v -0.217458 0.466048 0.346686
v -0.221396 0.479717 0.317610
v -0.220122 0.504275 0.291431
v -0.217458 0.514701 0.277299
v -0.209581 0.544124 0.300119
v -0.203789 0.558256 0.312977
v -0.211781 0.524894 0.253320
v -0.204484 0.559067 0.266526
v -0.194058 0.587447 0.269422
v -0.172975 0.627904 0.290272
v -0.155484 0.641341 0.329658
v -0.137992 0.667057 0.308575
v -0.120732 0.662771 0.348076
v -0.112508 0.678410 0.329310
v -0.126756 0.672849 0.323055
v -0.133359 0.678873 0.280774
v -0.157106 0.654547 0.272549
v -0.165098 0.643890 0.245559
v -0.182243 0.607864 0.234178
v -0.195680 0.566828 0.223520
v -0.205758 0.541228 0.237798
v -0.194174 0.564280 0.210546
v -0.171585 0.617942 0.206029
v -0.160697 0.646554 0.230471
v -0.153051 0.658833 0.243821
v -0.120153 0.688488 0.261429
v -0.117952 0.688140 0.291199
v -0.107758 0.685823 0.314714
v -0.099186 0.675977 0.342400
v -0.084359 0.677946 0.352130
v -0.078451 0.680495 0.356648
v -0.088645 0.686518 0.338346
v -0.090151 0.693585 0.318769
v -0.097217 0.701693 0.284596
v -0.095595 0.701925 0.263630
v -0.116794 0.684202 0.234178
v -0.134169 0.670764 0.228386
v -0.145753 0.655358 0.212863
v -0.166604 0.622691 0.201395
v -0.151314 0.636013 0.185525
v -0.164983 0.608327 0.173478
v -0.176566 0.596396 0.188421
v -0.176798 0.588142 0.164558
v -0.180505 0.577369 0.163400
v -0.185139 0.578412 0.143244
v -0.188730 0.582235 0.111388
v -0.164867 0.612382 0.142549
v -0.159075 0.622807 0.121003
v -0.150966 0.630916 0.165601
v -0.132084 0.653157 0.181239
v -0.128146 0.668911 0.210431
v -0.105905 0.680611 0.212168
v -0.082621 0.701462 0.241273
v -0.074281 0.710497 0.265135
v -0.074860 0.708991 0.293516
v -0.063392 0.695670 0.334523
v -0.066983 0.682812 0.351899
v -0.039761 0.678294 0.371360
v -0.026555 0.682464 0.369622
v -0.038371 0.682927 0.364641
v -0.043004 0.686055 0.352594
v -0.044626 0.699956 0.329426
v -0.066056 0.705748 0.313788
v -0.051345 0.711540 0.300930
v -0.055283 0.714899 0.280426
v -0.048912 0.715362 0.261892
v -0.044510 0.715362 0.293168
v -0.032579 0.711308 0.312977
v -0.037212 0.713393 0.298265
v -0.032463 0.715362 0.298960
v -0.026324 0.709454 0.316800
v -0.026208 0.697523 0.341010
v -0.019837 0.682117 0.367421
v -0.019373 0.690341 0.352825
v -0.020648 0.700419 0.330469
v -0.010685 0.710960 0.300235
v -0.017520 0.696133 0.345412
v -0.019142 0.694280 0.343095
v -0.015898 0.684317 0.368464
v -0.019952 0.676672 0.383870
v -0.013813 0.676440 0.396149
v -0.008021 0.678410 0.374140
v -0.010106 0.689994 0.350509
v -0.009527 0.696017 0.339041
v 0.001825 0.686518 0.361397
v 0.004721 0.682117 0.366031
v -0.000028 0.672618 0.402173
v 0.021170 0.671691 0.429511
v 0.011672 0.674355 0.403910
v 0.016305 0.678294 0.378773
v 0.015147 0.688256 0.360471
v 0.020475 0.682117 0.366031
v 0.015494 0.696365 0.345528
v 0.010629 0.694164 0.342747
v 0.007385 0.701693 0.327225
v 0.004721 0.709454 0.309038
v 0.008891 0.710265 0.301741
v 0.018854 0.701577 0.328383
v 0.020012 0.694048 0.342863
v 0.032175 0.707601 0.322707
v 0.025572 0.680611 0.373676
v 0.032522 0.680031 0.371591
v 0.042253 0.676672 0.379121
v 0.039820 0.670417 0.389662
v 0.026962 0.672386 0.410513
v 0.051868 0.672734 0.388156
v 0.041674 0.667057 0.409586
v 0.036461 0.668679 0.420359
v 0.047813 0.663235 0.425804
v 0.034839 0.664625 0.467390
v 0.049898 0.656748 0.461598
v 0.060092 0.649102 0.468201
v 0.062525 0.648987 0.449435
v 0.053837 0.651188 0.459860
v 0.062756 0.655126 0.429627
v 0.077352 0.645627 0.429395
v 0.069591 0.655010 0.409123
v 0.065189 0.665204 0.395338
v 0.069707 0.666594 0.378078
v 0.079901 0.661150 0.387925
v 0.101215 0.646091 0.394180
v 0.089052 0.643890 0.409123
v 0.092295 0.638445 0.415726
v 0.101215 0.642847 0.395107
v 0.107934 0.635549 0.399045
v 0.132491 0.638561 0.370201
v 0.143496 0.614235 0.385492
v 0.106196 0.621996 0.414567
v 0.094960 0.631958 0.426846
v 0.154153 0.619448 0.365799
v 0.140021 0.643890 0.352362
v 0.154269 0.641110 0.326530
v 0.178132 0.613192 0.300466
v 0.200025 0.567755 0.275445
v 0.189484 0.592544 0.272317
v 0.195623 0.570535 0.247065
v 0.203732 0.539606 0.237218
v 0.209640 0.523620 0.250656
v 0.203964 0.525126 0.222594
v 0.189021 0.577833 0.220740
v 0.171297 0.616668 0.208809
v 0.170602 0.629526 0.237450
v 0.160988 0.645627 0.271391
v 0.137820 0.657095 0.329889
v 0.120792 0.659875 0.351320
v 0.103763 0.655126 0.377731
v 0.087083 0.658949 0.379932
v 0.088704 0.664741 0.372981
v 0.108281 0.672849 0.342516
v 0.123688 0.672734 0.324329
v 0.130059 0.680263 0.275677
v 0.149751 0.657211 0.234293
v 0.163189 0.632074 0.212979
v 0.146276 0.654199 0.216223
v 0.174077 0.597438 0.186568
v 0.180449 0.592776 0.199078
v 0.178595 0.580960 0.178227
v 0.176510 0.584320 0.162473
v 0.180912 0.573431 0.168844
v 0.193886 0.533003 0.186800
v 0.201647 0.486204 0.194329
v 0.209524 0.488984 0.218771
v 0.220876 0.464774 0.242431
v 0.215548 0.514237 0.278109
v 0.234893 0.409403 0.271043
v 0.229101 0.405001 0.231745
v 0.205933 0.408361 0.188190
v 0.195276 0.454001 0.173594
v 0.192959 0.475200 0.150426
v 0.192843 0.521535 0.162937
v 0.192496 0.547599 0.144055
v 0.196087 0.519218 0.146256
v 0.197824 0.483887 0.137221
v 0.203848 0.493965 0.126679
v 0.201763 0.520493 0.126911
v 0.200141 0.540533 0.122972
v 0.190179 0.562194 0.138611
v 0.182881 0.574821 0.147067
v 0.192032 0.565901 0.116949
v 0.188210 0.579454 0.101426
v 0.186241 0.580844 0.117180
v 0.160988 0.609717 0.167454
v 0.155196 0.627904 0.190043
v 0.149288 0.633696 0.178112
v 0.150330 0.627672 0.158187
v 0.163420 0.611107 0.143128
v 0.176742 0.598944 0.094708
v 0.174657 0.606706 0.075015
v 0.186588 0.583740 0.031923
v 0.207671 0.538563 0.058103
v 0.209524 0.519218 0.087989
v 0.209872 0.498020 0.101774
v 0.211262 0.472188 0.095287
v 0.203964 0.460604 0.111620
v 0.190063 0.440216 0.132471
v 0.188094 0.442649 0.145445
v 0.175004 0.393881 0.143244
v 0.186125 0.419018 0.161431
v 0.179638 0.395502 0.157492
v 0.170139 0.376273 0.155291
v 0.165042 0.371756 0.153901
v 0.159134 0.359592 0.152280
v 0.161567 0.362952 0.155291
v 0.168633 0.370134 0.156566
v 0.163189 0.356812 0.153090
v 0.161451 0.352410 0.149384
v 0.170255 0.352990 0.147298
v 0.159018 0.349746 0.146140
v 0.180680 0.383108 0.111041
v 0.193886 0.425389 0.113705
v 0.200257 0.422145 0.096561
v 0.211262 0.446356 0.084514
v 0.219486 0.465932 0.056133
v 0.217517 0.487015 0.061230
v 0.214969 0.515975 0.016053
v 0.203964 0.548062 0.027058
v 0.194118 0.556982 -0.022869
v 0.207787 0.525821 -0.030514
v 0.222266 0.481571 -0.021479
v 0.227247 0.443691 -0.006072
v 0.221919 0.431065 0.014663
v 0.223425 0.437436 0.033081
v 0.221340 0.419365 0.011420
v 0.221224 0.411836 -0.012675
v 0.217980 0.405928 0.000994
v 0.216359 0.422956 0.026247
v 0.219370 0.394807 -0.004103
v 0.215548 0.432108 0.040379
v 0.215664 0.431992 0.060304
v 0.217401 0.425621 0.045013
v 0.213926 0.418554 0.032850
v 0.213810 0.424810 0.049878
v 0.206744 0.422840 0.082660
v 0.208134 0.418207 0.079880
v 0.199909 0.410909 0.079301
v 0.207787 0.409635 0.061809
v 0.213115 0.414732 0.048025
v 0.208134 0.407897 0.049415
v 0.213810 0.397240 0.020918
v 0.213694 0.399325 0.008755
v 0.215779 0.383571 -0.016034
v 0.217517 0.408592 -0.009779
v 0.218444 0.394112 -0.025185
v 0.219718 0.384034 -0.029471
v 0.217633 0.373609 -0.058547
v 0.226552 0.436973 -0.053218
v 0.223309 0.462689 -0.054608
v 0.203964 0.521072 -0.054840
v 0.192032 0.541691 -0.067003
v 0.210103 0.477748 -0.083336
v 0.220297 0.453074 -0.073259
v 0.223425 0.409866 -0.070131
v 0.217633 0.395039 -0.081251
v 0.215316 0.374652 -0.074649
v 0.213810 0.373609 -0.067930
v 0.209872 0.359245 -0.067698
v 0.216127 0.364689 -0.056114
v 0.219255 0.366427 -0.048932
v 0.211725 0.348009 -0.067930
v 0.206049 0.343723 -0.074069
v 0.202458 0.356696 -0.084495
v 0.211841 0.385193 -0.085074
v 0.217517 0.416122 -0.087507
v 0.217633 0.436741 -0.085769
v 0.197709 0.462457 -0.119246
v 0.200141 0.496630 -0.095500
v 0.188326 0.540648 -0.086232
v 0.174772 0.579223 -0.058315
v 0.180449 0.588258 -0.010358
v 0.172687 0.602535 0.002384
v 0.171297 0.608675 0.030533
v 0.161219 0.625819 0.058566
v 0.153458 0.629873 0.000067
v 0.165274 0.605663 -0.032136
v 0.169560 0.594629 -0.047311
v 0.149867 0.621301 -0.052408
v 0.157281 0.605895 -0.069204
v 0.164463 0.588374 -0.088549
v 0.170834 0.573662 -0.091445
v 0.178248 0.554665 -0.100133
v 0.170718 0.564048 -0.111022
v 0.179869 0.534393 -0.117972
v 0.192264 0.495471 -0.117046
v 0.184271 0.490954 -0.144615
v 0.191917 0.453074 -0.144615
v 0.193307 0.420755 -0.137549
v 0.192148 0.436278 -0.168594
v 0.182418 0.477748 -0.167204
v 0.174657 0.524894 -0.140097
v 0.172803 0.542965 -0.126428
v 0.163999 0.578296 -0.104187
v 0.157397 0.597323 -0.083916
v 0.147898 0.608675 -0.096658
v 0.153574 0.594745 -0.109169
v 0.165042 0.563932 -0.128629
v 0.167011 0.546093 -0.139287
v 0.171181 0.490838 -0.184116
v 0.163536 0.539722 -0.154925
v 0.159134 0.560689 -0.141835
v 0.157165 0.578875 -0.120289
v 0.143612 0.602304 -0.117972
v 0.134461 0.624545 -0.108705
v 0.141990 0.623386 -0.083916
v 0.123572 0.650261 -0.064686
v 0.145581 0.633812 -0.031557
v 0.139442 0.649218 0.015590
v 0.139326 0.646786 0.023119
v 0.149751 0.638909 0.040032
v 0.138052 0.653273 0.050689
v 0.131796 0.658833 0.033892
v 0.122761 0.666362 0.048604
v 0.110714 0.678294 0.037136
v 0.112220 0.674471 0.004006
v 0.088473 0.684781 -0.048121
v 0.100867 0.669374 -0.087159
v 0.130290 0.636939 -0.086812
v 0.131680 0.619100 -0.122374
v 0.138052 0.606821 -0.132336
v 0.147435 0.585941 -0.142646
v 0.142685 0.578528 -0.164887
v 0.156470 0.550958 -0.165814
v 0.157281 0.528949 -0.190603
v 0.159018 0.500221 -0.213423
v 0.147666 0.545861 -0.196163
v 0.143496 0.577485 -0.170911
v 0.138283 0.592081 -0.161064
v 0.137820 0.581308 -0.173227
v 0.133766 0.587447 -0.179714
v 0.138052 0.556403 -0.218404
v 0.131680 0.577253 -0.196743
v 0.133650 0.559762 -0.227787
v 0.157512 0.493386 -0.234622
v 0.172456 0.467091 -0.218404
v 0.187978 0.445661 -0.188750
v 0.215664 0.399673 -0.161180
v 0.195971 0.411604 -0.135811
v 0.222266 0.371987 -0.119015
v 0.223425 0.384498 -0.162107
v 0.219486 0.390058 -0.198944
v 0.199099 0.418323 -0.238474
v 0.167243 0.470566 -0.249362
v 0.154964 0.482034 -0.288053
v 0.145465 0.509256 -0.280871
v 0.141527 0.489448 -0.321298
v 0.128553 0.533119 -0.291412
v 0.126352 0.556634 -0.261641
v 0.122413 0.571577 -0.249594
v 0.122182 0.588490 -0.210875
v 0.126004 0.603346 -0.175892
v 0.126120 0.610876 -0.156894
v 0.133766 0.604041 -0.152840
v 0.129827 0.623618 -0.125618
v 0.110598 0.654084 -0.101291
v 0.104227 0.656169 -0.114034
v 0.108281 0.633001 -0.156894
v 0.122298 0.626166 -0.140445
v 0.112567 0.624313 -0.169752
v 0.112104 0.613424 -0.191993
v 0.102721 0.629989 -0.187244
v 0.098666 0.643658 -0.167435
v 0.092990 0.651535 -0.156083
v 0.095191 0.657443 -0.136970
v 0.083376 0.676672 -0.109516
v 0.085113 0.663003 -0.138128
v 0.083723 0.665088 -0.148438
v 0.092759 0.645164 -0.169289
v 0.099014 0.629873 -0.195005
v 0.106543 0.614467 -0.210527
v 0.114536 0.592892 -0.234043
v 0.100636 0.612613 -0.224428
v 0.091137 0.633928 -0.206705
v 0.100520 0.613772 -0.227092
v 0.118475 0.579918 -0.246582
v 0.111409 0.576558 -0.261989
v 0.100752 0.600798 -0.243339
v 0.095191 0.598828 -0.261178
v 0.087893 0.620954 -0.234506
v 0.080016 0.639488 -0.212149
v 0.081986 0.647828 -0.193036
v 0.082449 0.652809 -0.174270
v 0.064031 0.676556 -0.144384
v 0.071792 0.664857 -0.167783
v 0.065305 0.655474 -0.198596
v 0.067042 0.631379 -0.242644
v 0.074804 0.614930 -0.261757
v 0.091484 0.590922 -0.276584
v 0.068432 0.602535 -0.284925
v 0.060440 0.614351 -0.276932
v 0.054184 0.631379 -0.255734
v 0.048624 0.645280 -0.233811
v 0.052678 0.668679 -0.179019
v 0.029974 0.679800 -0.160485
v 0.047929 0.686055 -0.130483
v 0.069243 0.680726 -0.121332
v 0.060787 0.699608 -0.050438
v 0.034144 0.699724 -0.089476
v 0.018738 0.688604 -0.134653
v 0.019317 0.668563 -0.194773
v 0.029047 0.653157 -0.225934
v 0.045844 0.638329 -0.244497
v 0.035882 0.625935 -0.269518
v 0.029395 0.639488 -0.251216
v 0.011440 0.631147 -0.261062
v 0.002752 0.649682 -0.229988
v -0.020068 0.668563 -0.194773
v -0.031073 0.680147 -0.160022
v -0.016825 0.699724 -0.092951
v 0.014799 0.705516 -0.064802
v 0.043643 0.708991 -0.024027
v 0.011556 0.711308 -0.023448
v -0.015203 0.707485 -0.050902
v -0.036170 0.699608 -0.089476
v -0.026903 0.715594 0.013852
v -0.042657 0.711308 -0.012791
v -0.041962 0.715478 0.037599
v -0.013002 0.717563 0.071077
v 0.011787 0.717563 0.071656
v 0.042716 0.713393 0.019644
v 0.079437 0.696017 -0.012096
v 0.084766 0.682232 -0.079050
v 0.074456 0.688951 -0.074880
v 0.101099 0.683970 0.017791
v 0.085113 0.697755 0.040263
v 0.108976 0.676440 0.072467
v 0.145581 0.637750 0.127838
v 0.135735 0.645975 0.178922
v 0.124498 0.662887 0.193286
v 0.120212 0.674471 0.215180
v 0.116506 0.686287 0.243937
v 0.089168 0.697986 0.239998
v 0.104458 0.696944 0.271738
v 0.111872 0.689530 0.294906
v 0.093222 0.688140 0.324677
v 0.086272 0.700998 0.301045
v 0.071908 0.711424 0.269190
v 0.076078 0.699956 0.231513
v 0.100867 0.678294 0.201395
v 0.122182 0.655705 0.169192
v 0.124267 0.653157 0.148109
v 0.121487 0.661845 0.106292
v 0.093106 0.676325 0.149963
v 0.084418 0.683854 0.185178
v 0.086735 0.684202 0.130965
v 0.090789 0.682348 0.136873
v 0.083144 0.692310 0.111968
v 0.088936 0.694280 0.068181
v 0.069012 0.697639 0.121582
v 0.075730 0.692195 0.136873
v 0.070286 0.689994 0.183556
v 0.033565 0.704010 0.201974
v 0.047350 0.715015 0.261313
v 0.015726 0.715362 0.257490
v 0.035534 0.717100 0.280890
v 0.049782 0.713741 0.293284
v 0.027657 0.713509 0.307996
v 0.013409 0.715246 0.287377
v -0.001997 0.714204 0.267221
v 0.049319 0.702041 0.324677
v 0.039704 0.687098 0.351667
v 0.061830 0.694395 0.336840
v 0.047697 0.683043 0.360934
v 0.038546 0.678410 0.370085
v 0.074109 0.677251 0.361282
v 0.085345 0.686171 0.340315
v 0.062409 0.682348 0.353868
v 0.070865 0.687098 0.341937
v 0.074804 0.708528 0.291431
v 0.065537 0.707485 0.307648
v 0.067622 0.699724 0.317379
v -0.217458 0.513774 0.006439
v -0.217458 0.498483 0.067601
v -0.209581 0.509024 0.112894
v -0.208075 0.526169 0.106987
v -0.211781 0.533235 0.039221
v -0.209349 0.539374 0.067138
v -0.203904 0.538795 0.118918
v -0.197881 0.514816 0.151585
v -0.202167 0.495935 0.138147
v -0.198576 0.490954 0.144287
v -0.195101 0.522114 0.164674
v -0.195680 0.480991 0.157261
v -0.189772 0.439985 0.142086
v -0.171470 0.373956 0.140232
v -0.182011 0.377084 0.106407
v -0.176914 0.355075 0.103164
v -0.168226 0.343723 0.110693
v -0.163245 0.343259 0.103048
v -0.157221 0.337931 0.112894
v -0.149692 0.311751 0.136757
v -0.149692 0.325883 0.125984
v -0.143437 0.321482 0.133745
v -0.147491 0.327273 0.131660
v -0.151429 0.330980 0.125521
v -0.156411 0.330864 0.133861
v -0.143437 0.322524 0.139537
v -0.151545 0.315805 0.144750
v -0.158727 0.309782 0.143823
v -0.155831 0.318006 0.147298
v -0.148881 0.323103 0.146488
v -0.153515 0.328548 0.147530
v -0.162202 0.352526 0.149731
v -0.159654 0.334919 0.149499
v -0.175408 0.351484 0.147183
v -0.177262 0.371987 0.156681
v -0.165562 0.363647 0.155291
v -0.161160 0.357276 0.152743
v -0.164751 0.366311 0.151932
v -0.177030 0.384845 0.156566
v -0.186529 0.368165 0.155176
v -0.186065 0.391564 0.161083
v -0.180157 0.395155 0.154133
v -0.188266 0.435699 0.150426
v -0.194869 0.448904 0.166064
v -0.197997 0.498715 0.171740
v -0.201935 0.490374 0.187379
v -0.195564 0.535320 0.185409
v -0.201819 0.518407 0.201395
v -0.205990 0.505781 0.207071
v -0.204020 0.499410 0.201511
v -0.214214 0.465585 0.215875
v -0.211666 0.507171 0.232787
v -0.190351 0.546672 0.164558
v -0.188382 0.565670 0.151932
v -0.188266 0.573547 0.130618
v -0.196027 0.565901 0.107682
v -0.186413 0.587447 0.092043
v -0.174597 0.608327 0.089495
v -0.146912 0.638098 0.131544
v -0.142278 0.640762 0.151237
v -0.121196 0.659180 0.155523
v -0.108569 0.668679 0.176027
v -0.108685 0.674703 0.197225
v -0.084475 0.692195 0.214369
v -0.070458 0.693700 0.201743
v -0.085517 0.684202 0.173131
v -0.096754 0.676325 0.141970
v -0.112044 0.674124 0.094708
v -0.100924 0.684202 0.081734
v -0.124323 0.668679 0.052774
v -0.108917 0.680495 0.053817
v -0.125713 0.664509 0.036209
v -0.136023 0.656980 0.026826
v -0.149576 0.643079 0.041769
v -0.159075 0.629757 0.085325
v -0.163013 0.622228 0.015126
v -0.164867 0.624197 0.053585
v -0.180621 0.600798 0.058798
v -0.197997 0.567755 0.045013
v -0.184212 0.591154 0.020339
v -0.182706 0.588490 -0.009431
v -0.196259 0.565438 0.001805
v -0.204484 0.551306 0.027869
v -0.201819 0.558256 0.053817
v -0.209812 0.526400 -0.030514
v -0.188150 0.568681 -0.039086
v -0.178188 0.585246 -0.039549
v -0.163013 0.618405 -0.013138
v -0.168921 0.604505 -0.021131
v -0.142278 0.642384 -0.024375
v -0.143089 0.644932 0.018602
v -0.112392 0.672965 -0.020320
v -0.120385 0.670533 0.016864
v -0.109959 0.677599 0.005164
v -0.102893 0.684549 0.009682
v -0.087602 0.697871 0.037136
v -0.088992 0.694511 0.082313
v -0.084475 0.692426 0.115906
v -0.096290 0.682464 0.114284
v -0.087255 0.684317 0.154133
v -0.087139 0.686171 0.129459
v -0.074628 0.689299 0.171856
v -0.062002 0.696017 0.154133
v -0.034201 0.703894 0.198268
v -0.018331 0.715362 0.257722
v 0.042832 0.701693 0.170582
v 0.053489 0.696365 0.182513
v 0.063799 0.700072 0.134556
v 0.067506 0.703663 0.105597
v 0.049435 0.702968 0.145213
v 0.025225 0.704589 0.168381
v 0.038314 0.711424 0.115675
v 0.056849 0.705516 0.120540
v 0.051983 0.711771 0.089379
v 0.069475 0.705168 0.081502
v 0.072371 0.703315 0.049531
v 0.063683 0.709454 0.062852
v 0.067158 0.707601 0.046750
v 0.055574 0.711424 0.059493
v 0.061482 0.709686 0.031923
v 0.054416 0.709570 0.029838
v 0.045149 0.715246 0.055091
v 0.026499 0.716752 0.080575
v 0.014220 0.713393 0.117528
v -0.000492 0.714667 0.092738
v -0.018331 0.704358 0.174636
v -0.041846 0.702157 0.176374
v -0.049028 0.701693 0.161547
v -0.036981 0.701577 0.171509
v -0.033969 0.711308 0.121466
v -0.026324 0.716173 0.090769
v -0.047870 0.715246 0.055207
v -0.055399 0.712235 0.079069
v -0.059685 0.705632 0.120308
v -0.065361 0.700303 0.134672
v -0.077524 0.692195 0.143012
v -0.079609 0.693932 0.108724
v -0.069068 0.703778 0.107913
v -0.079725 0.698102 0.091696
v -0.065709 0.707717 0.072119
v -0.067099 0.709223 0.054048
v -0.066172 0.705632 0.013273
v -0.063855 0.707717 0.041538
v -0.063624 0.709454 0.028680
v -0.054472 0.705516 -0.034800
v -0.067446 0.684317 -0.116235
v -0.044394 0.686171 -0.134769
v -0.082042 0.670880 -0.139982
v -0.089108 0.662771 -0.135927
v -0.096985 0.657443 -0.138012
v -0.086444 0.674703 -0.111601
v -0.104978 0.664857 -0.097932
v -0.118300 0.633696 -0.139866
v -0.129883 0.626861 -0.124343
v -0.128030 0.635665 -0.103029
v -0.132084 0.637634 -0.090171
v -0.121775 0.648407 -0.086464
v -0.143668 0.633580 -0.051249
v -0.110191 0.658717 -0.094457
v -0.102661 0.670533 -0.084147
v -0.098839 0.678526 -0.045110
v -0.081463 0.690109 -0.049975
v -0.077640 0.688372 -0.082178
v -0.081347 0.682580 -0.097469
v -0.237034 0.388436 0.241736
v -0.238685 0.377316 0.272781
v -0.235760 0.418323 0.273013
v -0.225335 0.409866 0.333364
v -0.219427 0.379864 0.349350
v -0.194985 0.422956 0.388851
v -0.179115 0.451221 0.399277
v -0.151082 0.476821 0.408428
v -0.143437 0.498136 0.415147
v -0.143552 0.481223 0.417695
v -0.123396 0.514469 0.466579
v -0.123860 0.527443 0.461830
v -0.121427 0.535899 0.476802
v -0.110075 0.562542 0.496494
v -0.098491 0.569145 0.541556
v -0.093047 0.591386 0.537386
v -0.120732 0.611571 0.549085
v -0.125713 0.620838 0.561017
v -0.125945 0.607401 0.552908
v -0.118763 0.595556 0.547463
v -0.101040 0.576790 0.545726
v -0.123860 0.588374 0.553024
v -0.125829 0.612150 0.558932
v -0.123512 0.620490 0.565766
v -0.122006 0.628252 0.577813
v -0.114014 0.617942 0.597390
v -0.102893 0.584899 0.608511
v -0.116562 0.621996 0.589513
v -0.110423 0.622344 0.574570
v -0.111118 0.616668 0.563565
v -0.108917 0.605084 0.558700
v -0.100460 0.611802 0.568546
v -0.094553 0.600219 0.579782
v -0.092352 0.593703 0.573180
v -0.101850 0.596164 0.562638
v -0.094900 0.586289 0.572716
v -0.092699 0.583277 0.579435
v -0.101966 0.598018 0.590208
v -0.104631 0.596396 0.596232
v -0.114361 0.594977 0.588007
v -0.114824 0.589185 0.594147
v -0.115288 0.587911 0.588702
v -0.104167 0.576674 0.603298
v -0.102546 0.587679 0.601097
v -0.100229 0.592313 0.613376
v -0.089108 0.597902 0.638744
v -0.092120 0.568102 0.668167
v -0.081231 0.594977 0.661217
v -0.068721 0.606706 0.662028
v -0.057832 0.590575 0.687976
v -0.042425 0.545977 0.738163
v -0.028872 0.534857 0.764574
v -0.025860 0.522925 0.777201
v -0.040224 0.525126 0.755307
v -0.033158 0.460141 0.831297
v -0.064319 0.495819 0.731792
v -0.072891 0.479949 0.716038
v -0.093626 0.474273 0.651834
v -0.106021 0.488173 0.604920
v -0.098144 0.490954 0.657047
v -0.107063 0.499410 0.624496
v -0.108106 0.499294 0.589629
v -0.100924 0.513426 0.554877
v -0.094784 0.494892 0.552213
v -0.090846 0.498599 0.550475
v -0.095016 0.510067 0.553024
v -0.100229 0.523736 0.537849
v -0.099534 0.518755 0.555109
v -0.106368 0.534046 0.568083
v -0.110191 0.517249 0.593104
v -0.110191 0.534161 0.598317
v -0.106252 0.519913 0.635038
v -0.090846 0.506360 0.678361
v -0.073238 0.508909 0.712447
v -0.057948 0.523041 0.732371
v -0.056558 0.537405 0.730286
v -0.077988 0.556055 0.712215
v -0.087139 0.561963 0.697127
v -0.092699 0.555244 0.692494
v -0.087486 0.553507 0.703730
v -0.080768 0.542039 0.714764
v -0.081463 0.523852 0.711404
v -0.088413 0.508098 0.694579
v -0.092583 0.511573 0.687049
v -0.095248 0.523852 0.673496
v -0.094668 0.534046 0.669673
v -0.094321 0.525242 0.660638
v -0.099997 0.538795 0.649517
v -0.094784 0.542734 0.681489
v -0.090846 0.533119 0.676508
v -0.089572 0.518407 0.689482
v -0.084938 0.515164 0.695737
v -0.078914 0.516670 0.703846
v -0.080768 0.522809 0.704888
v -0.085633 0.523736 0.701992
v -0.092815 0.528833 0.692378
v -0.090846 0.539258 0.682647
v -0.088877 0.541228 0.694115
v -0.084938 0.533466 0.704425
v -0.236918 0.361330 0.246485
v -0.231706 0.365500 0.223405
v -0.229389 0.303179 0.256563
v -0.231358 0.346734 0.300698
v -0.225219 0.335846 0.322012
v -0.221975 0.348472 0.337766
v -0.215372 0.347198 0.352594
v -0.217689 0.296345 0.317379
v -0.224060 0.291363 0.298381
v -0.229157 0.281401 0.253204
v -0.222439 0.270049 0.228733
v -0.229736 0.232170 0.244400
v -0.233096 0.263678 0.273823
v -0.226609 0.260203 0.303594
v -0.206105 0.286382 0.333133
v -0.204136 0.303179 0.342632
v -0.204368 0.318354 0.354795
v -0.196375 0.340132 0.373908
v -0.204020 0.383108 0.377615
v -0.196375 0.404770 0.390010
v -0.188845 0.415890 0.397076
v -0.186876 0.382876 0.395338
v -0.191394 0.368512 0.387461
v -0.181316 0.367470 0.393137
v -0.178883 0.408129 0.403099
v -0.176682 0.430949 0.404605
v -0.168458 0.413457 0.406806
v -0.156874 0.381254 0.400667
v -0.158727 0.403148 0.406111
v -0.152240 0.439753 0.410629
v -0.152704 0.463732 0.409702
v -0.142278 0.456665 0.414452
v -0.111118 0.395966 0.403910
v -0.144363 0.348009 0.389199
v -0.154789 0.323914 0.378889
v -0.190815 0.328316 0.371939
v -0.192205 0.281054 0.347844
v -0.172396 0.289394 0.360934
v -0.156411 0.285456 0.363830
v -0.170775 0.265763 0.358386
v -0.153167 0.265879 0.358965
v -0.134169 0.284066 0.359081
v -0.121196 0.322756 0.372634
v -0.104167 0.359940 0.386998
v -0.088297 0.346155 0.372981
v -0.056326 0.332718 0.383754
v -0.042889 0.321134 0.376109
v -0.035591 0.311288 0.382480
v -0.118184 0.447514 0.422792
v -0.120269 0.461183 0.432754
v -0.129073 0.460488 0.425920
v -0.137992 0.463384 0.426615
v -0.135907 0.470450 0.432407
v -0.166604 0.449368 0.407154
v -0.173091 0.442070 0.403794
v -0.172628 0.428748 0.404953
v -0.129304 0.483308 0.445728
v -0.125482 0.496977 0.454995
v -0.117952 0.507171 0.475643
v -0.114245 0.511225 0.489428
v -0.106368 0.506244 0.498811
v -0.099302 0.532192 0.552213
v -0.100460 0.548294 0.565303
v -0.106368 0.562889 0.558584
v -0.121891 0.575863 0.558236
v -0.116214 0.564627 0.568894
v -0.116446 0.563237 0.565766
v -0.109380 0.557561 0.576887
v -0.106252 0.547135 0.579667
v -0.112392 0.493039 0.476454
v -0.122470 0.495471 0.466000
v -0.123976 0.485162 0.453605
v -0.114245 0.485046 0.470170
v -0.112160 0.475200 0.465189
v -0.113666 0.472419 0.455111
v -0.126292 0.469292 0.445960
v -0.123512 0.465932 0.438314
v -0.120964 0.460372 0.439704
v -0.113782 0.469408 0.450014
v -0.116446 0.445777 0.426615
v -0.127451 0.468365 0.435303
v -0.125829 0.475200 0.440284
v -0.107063 0.439405 0.423719
v -0.105094 0.457476 0.438430
v -0.231127 0.406739 0.232324
v -0.223365 0.471377 0.246949
v -0.217226 0.414732 0.206492
v -0.209696 0.418786 0.192476
v -0.194637 0.376737 0.164790
v -0.203904 0.376157 0.169424
v -0.212129 0.372914 0.188537
v -0.219427 0.370134 0.199658
v -0.217458 0.334919 0.194213
v -0.215720 0.341406 0.193750
v -0.213751 0.342796 0.183788
v -0.209001 0.344649 0.176837
v -0.207611 0.343028 0.161547
v -0.201935 0.327158 0.153438
v -0.209812 0.332486 0.174289
v -0.208306 0.319628 0.178343
v -0.200082 0.312794 0.160620
v -0.201819 0.315690 0.151585
v -0.197765 0.328548 0.147762
v -0.204136 0.341174 0.154944
v -0.208075 0.357276 0.174752
v -0.199618 0.351020 0.166528
v -0.199966 0.368280 0.161431
v -0.196259 0.349514 0.152395
v -0.193711 0.348588 0.156681
v -0.194406 0.339437 0.158419
v -0.193595 0.330749 0.149152
v -0.195217 0.305843 0.141391
v -0.191741 0.302021 0.142433
v -0.196491 0.306191 0.154944
v -0.192784 0.298314 0.147067
v -0.199966 0.299125 0.152395
v -0.190930 0.292174 0.137105
v -0.196607 0.289742 0.145793
v -0.188730 0.289278 0.135599
v -0.177725 0.297271 0.144982
v -0.182938 0.290321 0.142086
v -0.187687 0.290668 0.145213
v -0.191162 0.293449 0.155523
v -0.194058 0.291248 0.153206
v -0.197881 0.299125 0.160967
v -0.207032 0.307581 0.167339
v -0.204599 0.311983 0.169771
v -0.206453 0.303758 0.170235
v -0.204020 0.284297 0.158998
v -0.195912 0.290089 0.155755
v -0.193479 0.286267 0.162705
v -0.182706 0.279548 0.150426
v -0.185949 0.284066 0.145445
v -0.181316 0.282791 0.136989
v -0.186181 0.276189 0.135367
v -0.182127 0.274219 0.135367
v -0.176219 0.284181 0.143360
v -0.170543 0.294259 0.143823
v -0.168921 0.282096 0.140580
v -0.163013 0.290089 0.145908
v -0.173091 0.279895 0.145098
v -0.178536 0.277926 0.145793
v -0.182011 0.268891 0.157608
v -0.187803 0.276189 0.158998
v -0.194290 0.280243 0.164327
v -0.190815 0.263330 0.149152
v -0.187455 0.258349 0.150426
v -0.184559 0.262751 0.159114
v -0.180853 0.251399 0.165138
v -0.189077 0.263910 0.167918
v -0.190467 0.258581 0.150542
v -0.197417 0.269007 0.167107
v -0.197070 0.266111 0.174173
v -0.202051 0.266111 0.173826
v -0.202051 0.287888 0.171045
v -0.197533 0.283834 0.165601
v -0.197417 0.277810 0.154828
v -0.199850 0.280243 0.154249
v -0.200777 0.276304 0.158071
v -0.204136 0.283371 0.163516
v -0.207495 0.300051 0.178691
v -0.209696 0.293101 0.182861
v -0.203673 0.273061 0.180313
v -0.200198 0.241900 0.193750
v -0.209696 0.238309 0.207187
v -0.217689 0.222092 0.222941
v -0.196954 0.208770 0.199078
v -0.204599 0.194059 0.212747
v -0.187571 0.188730 0.198847
v -0.182243 0.199503 0.189927
v -0.187919 0.244796 0.175795
v -0.177957 0.245723 0.167570
v -0.177262 0.246881 0.163748
v -0.179347 0.245491 0.151585
v -0.178536 0.254643 0.155407
v -0.179231 0.248851 0.150889
v -0.172860 0.252789 0.157608
v -0.172975 0.247229 0.161431
v -0.163593 0.236688 0.166759
v -0.168805 0.256728 0.156681
v -0.172049 0.264952 0.147762
v -0.165214 0.267501 0.143244
v -0.170775 0.258349 0.146835
v -0.159422 0.254179 0.155755
v -0.166952 0.257307 0.145213
v -0.158496 0.257075 0.151353
v -0.157337 0.266690 0.150658
v -0.154094 0.260434 0.156797
v -0.156063 0.269470 0.145213
v -0.159770 0.273756 0.146951
v -0.157916 0.283023 0.148920
v -0.156526 0.287657 0.144055
v -0.160233 0.290784 0.141159
v -0.155947 0.280359 0.146835
v -0.150850 0.265995 0.146951
v -0.142857 0.258349 0.156797
v -0.152125 0.286730 0.143476
v -0.162202 0.300051 0.143128
v -0.148765 0.290784 0.151005
v -0.166836 0.307581 0.147298
v -0.172744 0.305380 0.144634
v -0.175176 0.297387 0.140812
v -0.183285 0.308392 0.149036
v -0.193942 0.328895 0.156681
v -0.186413 0.326694 0.153090
v -0.193131 0.332486 0.156218
v -0.182822 0.327158 0.147298
v -0.177030 0.314184 0.145329
v -0.170195 0.319512 0.146024
v -0.157453 0.305959 0.147067
v -0.167184 0.318817 0.143476
v -0.177957 0.338394 0.151469
v -0.184328 0.359477 0.158767
v -0.190351 0.366311 0.159230
v -0.190583 0.371176 0.162242
v -0.189193 0.352874 0.149152
v -0.188035 0.356928 0.158419
v -0.185718 0.349283 0.156797
v -0.187919 0.349862 0.150194
v -0.186297 0.344533 0.155060
v -0.185486 0.333760 0.144982
v -0.186065 0.326578 0.142665
v -0.188845 0.326926 0.142665
v -0.190467 0.333413 0.144750
v -0.231011 0.208886 0.288651
v -0.233096 0.218153 0.270580
v -0.225335 0.175293 0.264209
v -0.226725 0.193711 0.250076
v -0.225682 0.214678 0.236987
v -0.218384 0.193016 0.231861
v -0.206221 0.168227 0.226880
v -0.195101 0.168574 0.215064
v -0.183633 0.130695 0.228501
v -0.173439 0.147028 0.209620
v -0.173555 0.178189 0.194097
v -0.160349 0.188151 0.186336
v -0.146448 0.230432 0.168844
v -0.131505 0.230201 0.176374
v -0.144943 0.173324 0.194213
v -0.145638 0.147492 0.207766
v -0.137065 0.163825 0.203480
v -0.125829 0.162782 0.217381
v -0.125945 0.274914 0.165833
v -0.143668 0.288120 0.152280
v -0.119921 0.286151 0.159577
v -0.124439 0.291943 0.152743
v -0.113898 0.131853 0.255405
v -0.114129 0.088385 0.267452
v -0.125366 0.080624 0.260502
v -0.148765 0.095567 0.242894
v -0.160002 0.128378 0.217497
v -0.169384 0.114217 0.231166
v -0.166604 0.095567 0.245327
v -0.142973 0.042976 0.279384
v -0.124787 0.039154 0.287840
v -0.110191 0.046567 0.295369
v -0.133706 0.019808 0.307417
v -0.142278 0.021430 0.300119
v -0.149229 0.031971 0.288303
v -0.159307 0.016797 0.308575
v -0.174597 0.035910 0.293053
v -0.182822 0.047610 0.289462
v -0.192552 0.093134 0.265135
v -0.199271 0.091513 0.274866
v -0.204136 0.111900 0.263861
v -0.205990 0.137066 0.246254
v -0.212245 0.132664 0.262819
v -0.215952 0.118966 0.284133
v -0.223250 0.164057 0.292937
v -0.222439 0.200314 0.310428
v -0.218732 0.250241 0.319927
v -0.202862 0.254758 0.341126
v -0.193363 0.270512 0.346686
v -0.198808 0.231359 0.349582
v -0.183748 0.219428 0.363251
v -0.206105 0.191163 0.346454
v -0.216183 0.117461 0.314830
v -0.211666 0.057109 0.324097
v -0.202051 0.055371 0.304752
v -0.188730 0.030234 0.310776
v -0.170890 0.019229 0.309270
v -0.172049 0.016912 0.315178
v -0.139035 0.008572 0.341937
v -0.127219 0.021083 0.315641
v -0.107179 0.026295 0.326298
v -0.109612 0.018882 0.338461
v -0.096754 0.036258 0.336376
v -0.096638 0.044250 0.325719
v -0.100692 0.074600 0.300814
v -0.090730 0.056182 0.339967
v -0.101503 0.026411 0.358154
v -0.118068 0.015407 0.366031
v -0.139151 0.008920 0.360123
v -0.161160 0.009846 0.367653
v -0.151893 0.009151 0.339388
v -0.167415 0.013321 0.352941
v -0.192900 0.014827 0.349814
v -0.202399 0.039501 0.324561
v -0.211781 0.028844 0.364178
v -0.202978 0.017839 0.370317
v -0.190004 0.013669 0.373561
v -0.176566 0.012742 0.371591
v -0.183169 0.011352 0.356996
v -0.175524 0.011236 0.389546
v -0.182474 0.010657 0.394875
v -0.177146 0.013206 0.400203
v -0.191046 0.016565 0.406459
v -0.169500 0.009267 0.409818
v -0.141815 0.007530 0.402057
v -0.135096 0.007761 0.386187
v -0.121196 0.010078 0.386187
v -0.109148 0.015175 0.381438
v -0.119690 0.014712 0.422560
v -0.145290 0.015407 0.436924
v -0.146796 0.012858 0.420128
v -0.158148 0.009151 0.416768
v -0.175292 0.010773 0.419433
v -0.167763 0.012858 0.430553
v -0.154673 0.018650 0.440400
v -0.131389 0.026643 0.451752
v -0.115519 0.020388 0.431017
v -0.122238 0.034520 0.451288
v -0.108222 0.036142 0.434144
v -0.094437 0.034057 0.417811
v -0.104631 0.023631 0.402752
v -0.100808 0.022125 0.372170
v -0.092468 0.033825 0.363483
v -0.090846 0.035447 0.376572
v -0.089108 0.047031 0.386303
v -0.086791 0.053402 0.366494
v -0.088761 0.043208 0.415262
v -0.092815 0.044019 0.426731
v -0.098723 0.039617 0.434260
v -0.112044 0.042976 0.445381
v -0.117952 0.050158 0.448161
v -0.125945 0.039849 0.456154
v -0.130347 0.034752 0.459050
v -0.145522 0.035794 0.461250
v -0.166836 0.030581 0.447929
v -0.160581 0.036837 0.452215
v -0.163593 0.036605 0.453142
v -0.165214 0.045988 0.451520
v -0.167879 0.044714 0.452099
v -0.153051 0.051432 0.463683
v -0.133011 0.031856 0.488154
v -0.119226 0.023863 0.484795
v -0.117836 0.029655 0.478539
v -0.123860 0.042281 0.464146
v -0.112160 0.037648 0.484795
v -0.125945 0.051548 0.461598
v -0.122586 0.054560 0.454995
v -0.117373 0.054444 0.443991
v -0.113898 0.051896 0.449898
v -0.102661 0.045409 0.468201
v -0.099186 0.038574 0.467042
v -0.094205 0.039733 0.473298
v -0.078219 0.026180 0.469243
v -0.065825 0.020851 0.459745
v -0.087834 0.032782 0.450941
v -0.087255 0.051201 0.435418
v -0.090614 0.055603 0.426151
v -0.088761 0.060700 0.419317
v -0.091888 0.067882 0.415726
v -0.089687 0.070777 0.361397
v -0.100229 0.077728 0.397076
v -0.114593 0.079350 0.413409
v -0.106832 0.072978 0.426962
v -0.101503 0.063943 0.433913
v -0.086096 0.061742 0.457544
v -0.068489 0.045640 0.453953
v -0.084822 0.044135 0.441790
v -0.070342 0.031508 0.452678
v -0.060959 0.023284 0.453721
v -0.053662 0.024442 0.450941
v -0.035243 0.007414 0.440631
v -0.048217 0.010889 0.457659
v -0.026208 0.001043 0.433102
v -0.015782 0.003359 0.412482
v -0.012307 0.000695 0.414104
v -0.027714 0.012395 0.433797
v -0.012539 0.003939 0.412598
v -0.034432 0.023284 0.446307
v -0.011033 0.003243 0.417116
v -0.016246 0.000927 0.429163
v -0.029335 0.003359 0.448277
v -0.020648 0.007530 0.444338
v -0.031884 0.015291 0.461482
v -0.037792 0.012163 0.463683
v -0.058295 0.022009 0.473298
v -0.042889 0.024674 0.471213
v -0.032695 0.021430 0.461482
v -0.023659 0.015059 0.448392
v -0.033853 0.026411 0.452215
v -0.048912 0.035562 0.455111
v -0.057600 0.044250 0.467969
v -0.056558 0.039733 0.473761
v -0.073818 0.053286 0.470402
v -0.054936 0.030697 0.477265
v -0.068257 0.031971 0.478655
v -0.080768 0.039038 0.478771
v -0.079146 0.047610 0.478192
v -0.090151 0.059889 0.467622
v -0.102546 0.064638 0.444801
v -0.112044 0.061279 0.443759
v -0.104631 0.060236 0.459860
v -0.089919 0.052012 0.475296
v -0.096522 0.050158 0.473645
v -0.125366 0.065912 0.440284
v -0.130115 0.075990 0.429858
v -0.135212 0.079234 0.428931
v -0.122122 0.091628 0.388851
v -0.134054 0.093366 0.396728
v -0.144132 0.110510 0.382712
v -0.129652 0.113290 0.368116
v -0.112392 0.091513 0.374256
v -0.102430 0.085489 0.350624
v -0.121427 0.113985 0.356416
v -0.143552 0.143785 0.364062
v -0.148881 0.130463 0.371707
v -0.163824 0.104371 0.387809
v -0.142742 0.089775 0.407849
v -0.160697 0.093482 0.400667
v -0.157916 0.075411 0.438546
v -0.148534 0.071588 0.446423
v -0.128957 0.068345 0.443064
v -0.127335 0.060815 0.453605
v -0.135675 0.060004 0.460903
v -0.115983 0.045640 0.488038
v -0.095943 0.021083 0.493830
v -0.109264 0.021778 0.487343
v -0.100692 0.007066 0.500433
v -0.087023 0.003012 0.488386
v -0.086676 0.007182 0.486069
v -0.084243 0.004865 0.486532
v -0.082621 0.008688 0.488965
v -0.083085 0.006255 0.495104
v -0.084591 0.002896 0.493019
v -0.094668 0.006719 0.502981
v -0.087834 0.004865 0.499043
v -0.086676 0.009383 0.500780
v -0.084591 0.012047 0.494757
v -0.096174 0.023284 0.502981
v -0.094784 0.017492 0.506804
v -0.095479 0.011005 0.506457
v -0.103356 0.010425 0.504719
v -0.119921 0.022704 0.500665
v -0.128378 0.034172 0.498464
v -0.139614 0.045756 0.488038
v -0.121891 0.036489 0.502750
v -0.109959 0.027570 0.507962
v -0.100692 0.018882 0.508889
v -0.105094 0.028728 0.506572
v -0.120269 0.046336 0.495104
v -0.129883 0.053633 0.486648
v -0.134749 0.049000 0.490818
v -0.141351 0.052822 0.482941
v -0.142278 0.058267 0.473529
v -0.144363 0.061858 0.459976
v -0.155716 0.064291 0.454184
v -0.168226 0.059309 0.447350
v -0.177262 0.073442 0.424645
v -0.168342 0.082593 0.416305
v -0.176566 0.086647 0.402636
v -0.172396 0.112595 0.377962
v -0.158380 0.118040 0.379237
v -0.160002 0.145291 0.370433
v -0.170427 0.129305 0.372170
v -0.179462 0.130579 0.367769
v -0.188382 0.100896 0.374256
v -0.201356 0.084562 0.379005
v -0.203789 0.108193 0.350740
v -0.202283 0.133707 0.348192
v -0.184096 0.174019 0.367884
v -0.165678 0.196839 0.367884
v -0.190699 0.186993 0.364062
v -0.210623 0.124556 0.334175
v -0.211318 0.094177 0.345991
v -0.215488 0.086300 0.337766
v -0.217458 0.069040 0.343327
v -0.215604 0.071009 0.369275
v -0.210160 0.064291 0.399856
v -0.201935 0.060004 0.420939
v -0.211897 0.050158 0.413409
v -0.217342 0.050969 0.391979
v -0.217573 0.047262 0.355374
v -0.211781 0.025369 0.375066
v -0.217458 0.039501 0.370780
v -0.210044 0.023863 0.388272
v -0.200429 0.014943 0.387693
v -0.198112 0.016912 0.400088
v -0.195332 0.022125 0.421981
v -0.203209 0.033246 0.423835
v -0.207727 0.044830 0.424993
v -0.195332 0.055255 0.436809
v -0.189656 0.043903 0.446886
v -0.189540 0.031045 0.439241
v -0.190004 0.023631 0.434260
v -0.182127 0.016217 0.430322
v -0.175987 0.019924 0.438083
v -0.177609 0.028496 0.442716
v -0.169616 0.021430 0.467158
v -0.160928 0.026875 0.467042
v -0.158843 0.030234 0.473182
v -0.143437 0.007066 0.486880
v -0.146217 0.003359 0.488038
v -0.168805 0.018418 0.480277
v -0.187108 0.034172 0.456501
v -0.177725 0.027338 0.473066
v -0.182706 0.042860 0.460555
v -0.180968 0.048421 0.449782
v -0.184791 0.060004 0.442137
v -0.187224 0.064291 0.433913
v -0.175756 0.042397 0.465189
v -0.168458 0.029886 0.480393
v -0.170775 0.025253 0.481204
v -0.155484 0.010773 0.489197
v -0.144479 0.005908 0.490934
v -0.145522 0.011468 0.489312
v -0.155252 0.021198 0.486185
v -0.097333 0.194406 -0.280291
v -0.087139 0.175061 -0.254691
v -0.082737 0.166721 -0.236939
v -0.068373 0.154326 -0.246582
v -0.056558 0.149924 -0.257355
v -0.025049 0.147028 -0.251216
v -0.010917 0.156180 -0.264074
v -0.013929 0.162319 -0.284462
v -0.052503 0.156643 -0.274384
v -0.063392 0.158728 -0.271372
v -0.082274 0.185718 -0.290485
v -0.058295 0.180622 -0.307398
v -0.009759 0.193480 -0.342497
v 0.000898 0.171007 -0.291991
v -0.006168 0.157570 -0.253069
v -0.003619 0.150504 -0.243455
v 0.012830 0.148998 -0.238705
v -0.003619 0.130463 -0.227208
v -0.003619 0.119082 -0.204736
v -0.003156 0.116534 -0.191762
v 0.021054 0.122355 -0.179483
v 0.020012 0.117576 -0.167435
v 0.043411 0.125714 -0.169984
v 0.064610 0.136371 -0.175660
v 0.072950 0.148998 -0.134537
v 0.091253 0.168922 -0.143341
v 0.100636 0.175061 -0.125965
v 0.100752 0.171818 -0.107894
v 0.108049 0.185950 -0.077313
v 0.111640 0.185487 -0.100828
v 0.113957 0.194291 -0.094225
v 0.112335 0.202052 -0.072679
v 0.117432 0.203905 -0.090750
v 0.114536 0.185718 -0.101639
v 0.106080 0.177031 -0.121679
v 0.094033 0.169154 -0.146932
v 0.089052 0.165331 -0.153071
v 0.080711 0.152820 -0.174617
v 0.086503 0.155485 -0.168594
v 0.095886 0.150272 -0.160022
v 0.105964 0.102401 -0.168710
v 0.126815 0.125366 -0.124691
v 0.142917 0.171470 -0.078587
v 0.129248 0.180274 -0.090518
v 0.126236 0.206338 -0.080788
v 0.113610 0.205411 -0.059937
v 0.129016 0.214447 -0.061906
v 0.142917 0.219543 -0.067351
v 0.132491 0.221165 -0.061559
v 0.128205 0.217922 -0.052060
v 0.137936 0.221513 -0.052176
v 0.128089 0.216184 -0.043835
v 0.113378 0.210045 -0.052987
v 0.108860 0.213867 -0.033757
v 0.107586 0.216416 -0.024490
v 0.090558 0.212246 -0.003060
v 0.096234 0.224988 0.010609
v 0.103184 0.225567 0.001573
v 0.117896 0.221281 -0.011053
v 0.126815 0.213867 -0.024490
v 0.134113 0.223829 -0.022289
v 0.131796 0.221513 -0.015455
v 0.128321 0.230896 -0.006767
v 0.120792 0.229390 -0.006651
v 0.114884 0.223598 -0.002481
v 0.118127 0.232981 0.001342
v 0.123803 0.235182 0.009335
v 0.118707 0.237498 0.010840
v 0.115000 0.235297 0.014663
v 0.105038 0.235413 0.013157
v 0.106312 0.238425 0.030186
v 0.110829 0.245260 0.042812
v 0.122761 0.246997 0.032966
v 0.130985 0.243754 0.018370
v 0.116390 0.250936 0.048488
v 0.102142 0.232054 0.045245
v 0.092874 0.228000 0.057639
v 0.102605 0.241089 0.064126
v 0.092874 0.239352 0.076753
v 0.067969 0.235529 0.085441
v 0.072139 0.237498 0.094708
v 0.088357 0.252905 0.114748
v 0.100404 0.245723 0.086483
v 0.108397 0.252905 0.067717
v 0.119286 0.259160 0.067138
v 0.121950 0.262288 0.080460
v 0.122993 0.265300 0.074783
v 0.131912 0.264952 0.069107
v 0.131680 0.257886 0.051616
v 0.138515 0.246997 0.017212
v 0.141411 0.255801 0.026942
v 0.143380 0.253021 0.003195
v 0.136546 0.251052 0.002616
v 0.131680 0.246534 -0.000164
v 0.133881 0.229737 -0.012907
v 0.141990 0.252673 -0.001323
v 0.150910 0.259044 -0.008968
v 0.147666 0.236919 -0.012443
v 0.139789 0.230432 -0.013370
v 0.139905 0.223366 -0.025185
v 0.144423 0.223829 -0.038970
v 0.153226 0.240510 -0.020899
v 0.153458 0.248040 -0.013370
v 0.157049 0.265763 -0.018119
v 0.166316 0.277926 -0.028313
v 0.158439 0.257654 -0.042561
v 0.153342 0.239468 -0.040592
v 0.142685 0.230085 -0.057389
v 0.150678 0.232633 -0.061327
v 0.147435 0.244565 -0.057273
v 0.151141 0.254643 -0.055188
v 0.155196 0.262288 -0.050322
v 0.162725 0.276768 -0.053682
v 0.173730 0.288699 -0.059705
v 0.177553 0.250125 -0.048353
v 0.172687 0.221049 -0.045226
v 0.158323 0.204253 -0.054377
v 0.162146 0.184444 -0.055651
v 0.145813 0.145407 -0.093183
v 0.140368 0.101822 -0.131178
v 0.123803 0.104834 -0.142646
v 0.121023 0.069272 -0.161180
v 0.131912 0.076106 -0.150175
v 0.136082 0.091397 -0.140213
v 0.133186 0.070082 -0.143804
v 0.121718 0.045988 -0.141603
v 0.135271 0.058035 -0.128629
v 0.145234 0.073905 -0.141140
v 0.148477 0.063480 -0.127587
v 0.129595 0.044598 -0.103724
v 0.125078 0.040080 -0.122258
v 0.108744 0.047146 -0.177513
v 0.106891 0.063943 -0.185159
v 0.106891 0.087342 -0.175197
v 0.099246 0.114680 -0.180757
v 0.095539 0.132549 -0.193499
v 0.090674 0.147260 -0.177977
v 0.083144 0.151314 -0.184464
v 0.069475 0.147723 -0.184927
v 0.053953 0.136140 -0.182610
v 0.038662 0.128147 -0.178556
v 0.035303 0.124440 -0.187012
v 0.018158 0.118619 -0.187823
v 0.022560 0.124208 -0.204851
v 0.015147 0.133128 -0.223617
v 0.025688 0.138688 -0.216899
v 0.036229 0.129421 -0.200565
v 0.047929 0.131506 -0.193267
v 0.062988 0.143322 -0.195237
v 0.076425 0.155137 -0.216667
v 0.084187 0.153631 -0.207979
v 0.090326 0.147955 -0.205546
v 0.099709 0.119314 -0.207284
v 0.102721 0.079465 -0.221300
v 0.101794 0.042860 -0.221532
v 0.103995 0.039849 -0.233927
v 0.110134 0.113059 -0.229409
v 0.107123 0.042513 -0.240674
v 0.105038 0.132201 -0.221069
v 0.122066 0.094293 -0.246814
v 0.121602 0.112016 -0.242296
v 0.130406 0.104255 -0.250521
v 0.131796 0.127336 -0.247161
v 0.106196 0.151314 -0.231958
v 0.095886 0.170544 -0.247046
v 0.079901 0.165215 -0.229757
v 0.058470 0.153631 -0.229177
v 0.039936 0.137877 -0.216204
v 0.026151 0.146913 -0.226861
v 0.045728 0.149461 -0.229177
v 0.032638 0.145175 -0.240095
v 0.022908 0.147028 -0.251679
v 0.049435 0.147608 -0.252722
v 0.060787 0.151314 -0.250868
v 0.050477 0.154210 -0.269518
v 0.066232 0.164520 -0.276700
v 0.074804 0.165099 -0.262568
v 0.083144 0.172745 -0.251332
v 0.091369 0.186645 -0.270561
v 0.079205 0.182475 -0.287242
v 0.072139 0.195565 -0.310757
v 0.058239 0.176336 -0.301142
v 0.010513 0.196607 -0.344234
v 0.006227 0.170659 -0.299057
v 0.010745 0.155600 -0.266275
v 0.000551 0.178768 -0.307745
v -0.001071 0.191395 -0.332419
v 0.006690 0.189889 -0.346667
v -0.007558 0.186529 -0.359641
v -0.009990 0.188383 -0.347825
v -0.015203 0.200314 -0.349100
v -0.059338 0.216647 -0.345277
v -0.088182 0.211435 -0.309019
v -0.084706 0.242016 -0.338095
v -0.085286 0.250588 -0.348636
v -0.077409 0.260434 -0.364854
v -0.075439 0.250588 -0.352575
v -0.063855 0.225220 -0.351648
v -0.062118 0.222671 -0.355818
v -0.068605 0.233792 -0.356166
v -0.072427 0.243290 -0.356166
v -0.081579 0.227884 -0.365664
v -0.066404 0.203326 -0.361726
v -0.054472 0.215373 -0.355818
v -0.041962 0.212246 -0.354312
v -0.047290 0.211435 -0.358019
v -0.024818 0.204021 -0.355587
v -0.036749 0.209697 -0.357672
v -0.034780 0.205179 -0.359757
v -0.022269 0.194870 -0.357324
v -0.016477 0.184328 -0.361147
v -0.014740 0.179463 -0.367865
v -0.022848 0.180853 -0.369719
v -0.031768 0.187109 -0.364854
v -0.029335 0.193827 -0.363348
v -0.036054 0.197418 -0.359988
v -0.034896 0.205179 -0.359757
v -0.048333 0.197882 -0.359873
v -0.035012 0.188035 -0.367286
v -0.028988 0.180390 -0.367750
v -0.029220 0.168806 -0.377248
v -0.023428 0.168806 -0.381303
v -0.010222 0.174714 -0.375279
v -0.018562 0.169849 -0.378754
v -0.015203 0.161045 -0.387211
v -0.019837 0.156875 -0.387211
v -0.022848 0.154790 -0.390802
v -0.027598 0.153052 -0.389064
v -0.020995 0.141352 -0.396593
v -0.014971 0.147492 -0.395088
v -0.008484 0.143669 -0.397173
v -0.012307 0.128726 -0.406671
v -0.027714 0.133359 -0.402733
v -0.020995 0.110510 -0.427754
v -0.032695 0.143322 -0.398794
v -0.035359 0.160929 -0.387095
v -0.032695 0.171007 -0.379565
v -0.042657 0.184213 -0.365780
v -0.041846 0.169733 -0.378175
v -0.042657 0.139383 -0.399953
v -0.030030 0.121283 -0.416981
v -0.013466 0.098695 -0.447215
v 0.003563 0.116650 -0.418603
v -0.004314 0.100780 -0.444551
v 0.011672 0.109815 -0.428565
v 0.021518 0.125946 -0.408525
v 0.011556 0.133591 -0.402849
v 0.005069 0.147260 -0.394856
v -0.003503 0.141236 -0.396941
v -0.005125 0.162667 -0.386863
v -0.003851 0.182475 -0.361494
v 0.007965 0.186182 -0.358714
v 0.009818 0.187919 -0.349331
v 0.012830 0.199967 -0.351648
v 0.017463 0.202399 -0.350953
v 0.018969 0.201588 -0.356166
v 0.030901 0.207728 -0.357556
v 0.022329 0.196607 -0.357092
v 0.014799 0.178652 -0.371456
v 0.007733 0.184213 -0.365317
v 0.003910 0.180274 -0.364969
v 0.000435 0.176683 -0.373426
v 0.003563 0.170312 -0.378523
v -0.000955 0.167068 -0.383272
v 0.002868 0.157338 -0.389180
v 0.010629 0.166721 -0.383156
v 0.012830 0.172050 -0.375974
v 0.018158 0.170659 -0.379333
v 0.018969 0.184097 -0.363695
v 0.023487 0.186298 -0.365664
v 0.028236 0.195101 -0.359873
v 0.026383 0.167184 -0.379218
v 0.032175 0.175293 -0.375974
v 0.033681 0.184444 -0.369487
v 0.030669 0.160929 -0.387095
v 0.035766 0.168806 -0.379449
v 0.037851 0.182012 -0.367981
v 0.031827 0.192900 -0.362537
v 0.045265 0.205179 -0.359525
v 0.042832 0.213404 -0.357787
v 0.042485 0.213983 -0.354428
v 0.083260 0.223134 -0.323268
v 0.093685 0.221629 -0.313421
v 0.113262 0.168111 -0.254228
v 0.119170 0.152241 -0.245308
v 0.134692 0.142395 -0.252606
v 0.139210 0.167763 -0.267086
v 0.130985 0.183170 -0.278554
v 0.111293 0.254643 -0.350490
v 0.135851 0.219428 -0.315390
v 0.152763 0.173671 -0.269287
v 0.146508 0.152820 -0.260020
v 0.144770 0.129073 -0.254575
v 0.153226 0.099042 -0.260251
v 0.117664 0.042165 -0.251100
v 0.108397 0.032898 -0.239748
v 0.104574 0.030234 -0.220721
v 0.108165 0.029539 -0.192920
v 0.112451 0.018882 -0.217014
v 0.115926 0.018187 -0.233116
v 0.125309 0.022473 -0.251563
v 0.150446 0.040080 -0.262684
v 0.151373 0.028265 -0.260483
v 0.162841 0.039385 -0.260715
v 0.165737 0.103560 -0.258629
v 0.167011 0.119777 -0.252722
v 0.179174 0.095567 -0.252722
v 0.179754 0.037879 -0.250057
v 0.168517 0.025716 -0.254343
v 0.149288 0.015754 -0.250868
v 0.124151 0.016102 -0.242644
v 0.131217 0.011700 -0.225123
v 0.120560 0.015059 -0.197206
v 0.117201 0.018998 -0.184580
v 0.124962 0.029655 -0.119362
v 0.125889 0.027685 -0.099901
v 0.131912 0.032203 -0.093067
v 0.131796 0.021546 -0.093183
v 0.131680 0.016797 -0.099901
v 0.133186 0.016681 -0.115192
v 0.148130 0.011121 -0.123764
v 0.145349 0.011700 -0.239516
v 0.171413 0.015175 -0.241254
v 0.182302 0.025253 -0.243339
v 0.184850 0.014827 -0.224081
v 0.195855 0.013437 -0.181799
v 0.173498 0.010425 -0.113802
v 0.198288 0.015291 -0.109400
v 0.207439 0.017260 -0.136159
v 0.205817 0.018766 -0.176355
v 0.203616 0.022589 -0.197438
v 0.193307 0.018998 -0.218057
v 0.193886 0.040080 -0.232305
v 0.196087 0.097420 -0.229873
v 0.186820 0.114333 -0.241138
v 0.181028 0.149345 -0.237286
v 0.160988 0.147028 -0.254923
v 0.164231 0.174945 -0.263031
v 0.149867 0.230780 -0.319445
v 0.142222 0.238888 -0.330913
v 0.155427 0.256148 -0.332998
v 0.111872 0.273872 -0.365896
v 0.157397 0.281170 -0.342960
v 0.169096 0.249546 -0.310409
v 0.180449 0.191047 -0.255038
v 0.190527 0.170428 -0.231263
v 0.215548 0.179927 -0.191530
v 0.207902 0.139035 -0.200797
v 0.205701 0.114449 -0.204040
v 0.207902 0.109352 -0.202766
v 0.223309 0.164172 -0.149944
v 0.198751 0.057919 -0.214350
v 0.201184 0.037995 -0.214698
v 0.208829 0.041123 -0.185506
v 0.212420 0.028844 -0.158052
v 0.216243 0.027570 -0.097237
v 0.214042 0.020272 -0.099322
v 0.213694 0.025137 -0.090982
v 0.205586 0.015175 -0.094109
v 0.210103 0.019808 -0.088781
v 0.215432 0.023052 -0.067930
v 0.213694 0.030350 -0.089013
v 0.213810 0.036605 -0.101176
v 0.200489 0.067882 -0.176587
v 0.207787 0.094872 -0.177282
v 0.212188 0.117113 -0.181684
v 0.213463 0.121515 -0.160369
v 0.223425 0.168227 -0.126892
v 0.227247 0.207149 -0.107199
v 0.217749 0.163709 -0.104419
v 0.206049 0.108773 -0.152956
v 0.201763 0.078423 -0.174849
v 0.187399 0.079697 -0.144963
v 0.191222 0.070777 -0.147164
v 0.199562 0.049927 -0.109053
v 0.207555 0.038458 -0.088202
v 0.210798 0.027106 -0.065497
v 0.211957 0.018998 -0.060400
v 0.214273 0.017028 -0.062949
v 0.203848 0.017839 -0.087391
v 0.211262 0.016912 -0.062486
v 0.202226 0.024789 -0.076850
v 0.198867 0.026064 -0.080093
v 0.194465 0.016912 -0.087970
v 0.178711 0.014712 -0.091793
v 0.170602 0.013553 -0.080093
v 0.180912 0.018303 -0.077660
v 0.188557 0.019924 -0.061675
v 0.194465 0.020735 -0.062370
v 0.199214 0.026643 -0.073374
v 0.200025 0.031856 -0.081367
v 0.199099 0.038458 -0.086812
v 0.194002 0.046799 -0.097816
v 0.194118 0.042745 -0.084495
v 0.190063 0.040196 -0.075923
v 0.194118 0.030118 -0.048585
v 0.194233 0.019924 -0.039781
v 0.193075 0.016912 -0.040824
v 0.181028 0.025253 -0.065961
v 0.176858 0.022357 -0.074996
v 0.176163 0.028380 -0.063644
v 0.174541 0.023631 -0.057504
v 0.163999 0.013785 -0.079282
v 0.165274 0.020851 -0.057968
v 0.174888 0.018187 -0.041866
v 0.174657 0.028960 -0.048817
v 0.173498 0.019808 -0.038159
v 0.170486 0.020040 -0.039781
v 0.168401 0.032782 -0.049627
v 0.163073 0.031392 -0.054840
v 0.149635 0.023052 -0.087275
v 0.156470 0.016797 -0.092951
v 0.151257 0.014943 -0.100712
v 0.140368 0.014712 -0.097816
v 0.135040 0.018766 -0.090866
v 0.130290 0.021314 -0.068625
v 0.135966 0.017955 -0.077660
v 0.139326 0.017955 -0.059358
v 0.149520 0.032319 -0.086696
v 0.161451 0.039385 -0.073722
v 0.173846 0.038111 -0.075459
v 0.176626 0.030581 -0.071405
v 0.181028 0.030118 -0.065961
v 0.190179 0.021198 -0.040013
v 0.190295 0.034520 -0.053913
v 0.187631 0.030350 -0.049280
v 0.182765 0.039617 -0.075459
v 0.176278 0.040544 -0.079166
v 0.169328 0.052591 -0.093299
v 0.174193 0.050737 -0.095152
v 0.183345 0.050042 -0.089476
v 0.191106 0.052127 -0.099786
v 0.176510 0.071473 -0.133263
v 0.160988 0.065333 -0.119015
v 0.162609 0.048305 -0.084842
v 0.145581 0.050390 -0.104882
v 0.149056 0.042745 -0.098164
v 0.139673 0.039038 -0.093183
v 0.159018 0.073442 -0.131989
v 0.167011 0.079350 -0.137317
v 0.176047 0.079581 -0.137897
v 0.175236 0.088732 -0.133495
v 0.157165 0.093366 -0.129556
v 0.151026 0.084678 -0.137549
v 0.149983 0.075759 -0.137433
v 0.167706 0.127336 -0.098743
v 0.171066 0.171702 -0.058547
v 0.175815 0.193827 -0.045921
v 0.183576 0.219891 -0.041055
v 0.185430 0.202283 -0.041982
v 0.184271 0.175409 -0.055419
v 0.176278 0.143553 -0.082989
v 0.182418 0.099969 -0.124691
v 0.202574 0.120820 -0.124343
v 0.209987 0.142626 -0.109284
v 0.207323 0.152009 -0.095152
v 0.219486 0.183749 -0.091677
v 0.211841 0.191510 -0.068509
v 0.216011 0.236688 -0.063991
v 0.211725 0.234950 -0.055419
v 0.201531 0.199619 -0.049627
v 0.209524 0.258813 -0.058315
v 0.205122 0.243059 -0.048932
v 0.204427 0.217111 -0.045921
v 0.196666 0.226494 -0.042098
v 0.199330 0.273177 -0.051944
v 0.192959 0.195565 -0.045805
v 0.188210 0.164636 -0.065034
v 0.199446 0.164520 -0.072679
v 0.200489 0.145059 -0.092140
v 0.189832 0.147144 -0.082294
v 0.187167 0.116765 -0.110906
v 0.197129 0.130579 -0.105114
v -0.108222 0.165331 0.275793
v -0.107642 0.220238 0.232440
v -0.108569 0.266342 0.199426
v -0.104167 0.268543 0.224100
v -0.105673 0.260782 0.245211
v -0.103125 0.264836 0.292358
v -0.098723 0.278042 0.277994
v -0.096638 0.283950 0.286450
v -0.094437 0.290089 0.301972
v -0.093510 0.286151 0.290157
v -0.094900 0.280475 0.274403
v -0.097333 0.278389 0.263166
v -0.101271 0.270512 0.235799
v -0.100229 0.274219 0.249613
v -0.106600 0.276768 0.322823
v -0.120501 0.285572 0.351667
v -0.115288 0.263562 0.332669
v -0.118300 0.204021 0.318653
v -0.112160 0.163709 0.300466
v -0.107295 0.132664 0.290388
v -0.115172 0.141352 0.322707
v -0.126756 0.154442 0.340546
v -0.133474 0.217806 0.343906
v -0.131621 0.242016 0.344717
v -0.145406 0.249893 0.354447
v -0.158959 0.238541 0.358386
v -0.176566 0.223598 0.363483
v -0.109380 0.101706 0.342284
v -0.103472 0.094872 0.328152
v -0.099070 0.081203 0.316800
v -0.090730 0.069387 0.339041
v -0.094668 0.077264 0.350277
v -0.083664 0.070662 0.345064
v -0.074744 0.066028 0.350045
v -0.076598 0.069387 0.358849
v -0.069068 0.062437 0.367769
v -0.071385 0.060236 0.372981
v -0.084475 0.063480 0.365684
v -0.082274 0.054097 0.369043
v -0.085749 0.052012 0.360239
v -0.088066 0.055834 0.345875
v -0.077061 0.057688 0.347729
v -0.073933 0.043903 0.363019
v -0.077293 0.038111 0.375182
v -0.077640 0.042049 0.385724
v -0.066751 0.046683 0.385724
v -0.083316 0.031508 0.397423
v -0.083664 0.028496 0.391168
v -0.079262 0.026527 0.389083
v -0.079957 0.026411 0.397539
v -0.078451 0.030581 0.398698
v -0.067215 0.036721 0.390705
v -0.069300 0.030813 0.386419
v -0.069184 0.032203 0.379005
v -0.064087 0.038806 0.382133
v -0.065361 0.052359 0.362324
v -0.063508 0.052475 0.374140
v -0.196143 0.545630 0.143012
v -0.070458 0.578412 -0.318634
v -0.077524 0.559646 -0.334851
v -0.075439 0.544008 -0.346435
v -0.070111 0.551885 -0.346551
v -0.070342 0.561963 -0.332882
v -0.060844 0.574126 -0.326048
v -0.059222 0.561615 -0.340643
v -0.046248 0.567291 -0.336705
v -0.060612 0.553854 -0.344466
v -0.036633 0.571346 -0.336821
v -0.041846 0.529296 -0.372151
v -0.038950 0.485973 -0.397173
v -0.042078 0.459445 -0.410378
v -0.042889 0.428401 -0.426480
v -0.032116 0.438015 -0.422773
v -0.039993 0.379169 -0.449532
v -0.046480 0.370365 -0.455440
v -0.051229 0.371987 -0.449184
v -0.057832 0.366079 -0.443856
v -0.065477 0.353105 -0.457640
v -0.070922 0.338510 -0.483849
v -0.077640 0.333413 -0.487556
v -0.082969 0.313257 -0.499719
v -0.089572 0.309898 -0.495317
v -0.098491 0.303063 -0.487208
v -0.096869 0.300167 -0.480142
v -0.101387 0.291016 -0.482691
v -0.096985 0.291943 -0.494622
v -0.096754 0.298198 -0.503310
v -0.096638 0.290668 -0.522771
v -0.083432 0.299820 -0.514546
v -0.085401 0.310129 -0.494970
v -0.081347 0.313952 -0.507017
v -0.075323 0.314184 -0.511071
v -0.075208 0.321829 -0.508638
v -0.071501 0.308044 -0.524393
v -0.077524 0.302484 -0.526709
v -0.085633 0.293912 -0.522192
v -0.079494 0.292290 -0.532154
v -0.074976 0.290900 -0.549182
v -0.079494 0.284529 -0.547676
v -0.092931 0.275030 -0.554163
v -0.095248 0.276536 -0.528331
v -0.102661 0.283023 -0.495896
v -0.108569 0.262288 -0.494506
v -0.110191 0.262983 -0.482922
v -0.107295 0.233444 -0.482922
v -0.111233 0.243175 -0.500646
v -0.110191 0.238309 -0.523002
v -0.112508 0.229390 -0.543390
v -0.112508 0.247461 -0.522887
v -0.116099 0.234255 -0.551731
v -0.112160 0.239120 -0.547213
v -0.110191 0.243870 -0.540842
v -0.108337 0.249893 -0.527289
v -0.107179 0.262520 -0.513967
v -0.103125 0.264836 -0.533196
v -0.101040 0.270628 -0.543622
v -0.093163 0.269007 -0.557175
v -0.089224 0.269007 -0.574435
v -0.091077 0.263099 -0.583123
v -0.103356 0.264605 -0.563662
v -0.102546 0.263446 -0.549298
v -0.106947 0.261130 -0.535629
v -0.111349 0.250936 -0.539567
v -0.114593 0.234602 -0.562619
v -0.110423 0.254063 -0.555090
v -0.106021 0.256148 -0.556943
v -0.106484 0.259044 -0.572581
v -0.107411 0.250588 -0.572466
v -0.112971 0.242943 -0.576404
v -0.111928 0.239120 -0.572581
v -0.117605 0.223714 -0.580459
v -0.117952 0.226610 -0.565515
v -0.114245 0.226030 -0.557175
v -0.116562 0.219543 -0.549182
v -0.109843 0.205411 -0.519759
v -0.106252 0.216763 -0.502962
v -0.110307 0.216184 -0.495780
v -0.112044 0.210045 -0.500761
v -0.110191 0.228000 -0.474437
v -0.106716 0.241553 -0.459031
v -0.112392 0.235297 -0.451501
v -0.112623 0.243406 -0.445709
v -0.109032 0.251515 -0.444782
v -0.110307 0.248387 -0.424974
v -0.112392 0.238309 -0.435863
v -0.116099 0.230085 -0.452196
v -0.108685 0.225567 -0.463085
v -0.106716 0.219775 -0.477130
v -0.102546 0.203326 -0.487672
v -0.109264 0.215721 -0.466908
v -0.116099 0.216647 -0.460189
v -0.112855 0.214794 -0.454860
v -0.107063 0.194175 -0.467023
v -0.102893 0.207728 -0.455092
v -0.108569 0.188151 -0.474437
v -0.109728 0.194638 -0.474437
v -0.106484 0.199040 -0.475509
v -0.106021 0.196491 -0.486513
v -0.102661 0.195565 -0.491610
v -0.103009 0.183518 -0.497170
v -0.105094 0.188499 -0.486745
v -0.108569 0.173903 -0.497170
v -0.104051 0.168574 -0.510029
v -0.106484 0.191626 -0.509449
v -0.111928 0.204484 -0.512229
v -0.116099 0.197650 -0.540147
v -0.113898 0.202168 -0.543738
v -0.114593 0.186993 -0.571423
v -0.118068 0.209350 -0.569686
v -0.114245 0.214562 -0.572234
v -0.114593 0.221281 -0.577794
v -0.114361 0.210624 -0.583239
v -0.116562 0.211203 -0.601194
v -0.110770 0.229042 -0.598993
v -0.114129 0.230201 -0.604437
v -0.104631 0.249198 -0.593201
v -0.098839 0.256959 -0.582544
v -0.089340 0.266806 -0.589146
v -0.082621 0.270281 -0.587872
v -0.079957 0.273408 -0.575477
v -0.085170 0.279085 -0.554974
v -0.078567 0.279664 -0.563083
v -0.075439 0.276536 -0.568064
v -0.077524 0.281054 -0.568990
v -0.076366 0.278042 -0.580343
v -0.070342 0.286382 -0.573856
v -0.075439 0.274451 -0.596444
v -0.079146 0.265531 -0.606870
v -0.093047 0.256728 -0.604437
v -0.097333 0.255106 -0.605016
v -0.098723 0.251399 -0.600267
v -0.101271 0.247345 -0.620307
v -0.094900 0.241437 -0.637567
v -0.083432 0.259044 -0.617064
v -0.081695 0.260550 -0.635134
v -0.073586 0.264952 -0.621929
v -0.067562 0.272829 -0.598414
v -0.061654 0.282791 -0.583470
v -0.062697 0.290553 -0.565399
v -0.069184 0.296345 -0.546518
v -0.067099 0.312909 -0.531111
v -0.071617 0.314763 -0.523466
v -0.069416 0.329822 -0.515010
v -0.067562 0.335498 -0.495433
v -0.065825 0.346503 -0.480953
v -0.069416 0.337815 -0.507364
v -0.068026 0.352295 -0.486745
v -0.066288 0.359361 -0.472931
v -0.063624 0.361909 -0.455903
v -0.058990 0.364226 -0.475740
v -0.060264 0.356812 -0.491494
v -0.057716 0.342332 -0.510839
v -0.057716 0.332834 -0.518021
v -0.059453 0.348472 -0.510260
v -0.058063 0.358202 -0.494159
v -0.055862 0.355306 -0.494274
v -0.057253 0.360288 -0.481185
v -0.054125 0.364226 -0.473510
v -0.050302 0.367006 -0.467371
v -0.051808 0.368512 -0.476319
v -0.042773 0.376042 -0.475972
v -0.046364 0.366427 -0.489178
v -0.055052 0.363647 -0.488946
v -0.044047 0.360751 -0.498676
v -0.042889 0.364689 -0.502731
v -0.042773 0.349051 -0.510608
v -0.038603 0.352758 -0.518369
v -0.034316 0.362373 -0.504468
v -0.033969 0.371524 -0.486861
v -0.031073 0.379864 -0.460189
v -0.022153 0.381949 -0.448953
v -0.020416 0.377895 -0.471309
v -0.023891 0.370597 -0.495201
v -0.028409 0.360635 -0.510492
v -0.030725 0.351020 -0.516747
v -0.022733 0.344649 -0.525783
v -0.019026 0.353337 -0.518948
v -0.011728 0.362488 -0.497055
v -0.009295 0.370134 -0.485239
v -0.005704 0.374188 -0.471889
v -0.000839 0.381834 -0.447794
v -0.014624 0.386351 -0.446288
v -0.010685 0.475431 -0.398910
v -0.024007 0.466048 -0.408757
v -0.036054 0.492112 -0.395319
v -0.027250 0.509024 -0.385473
v -0.014161 0.495240 -0.389411
v -0.005009 0.477053 -0.399142
v 0.008196 0.471956 -0.400995
v 0.010629 0.491069 -0.391149
v -0.007789 0.503117 -0.383504
v -0.015087 0.515859 -0.377712
v 0.007270 0.520724 -0.373773
v 0.013988 0.495471 -0.391381
v 0.024298 0.451684 -0.415128
v 0.016537 0.418439 -0.430071
v 0.012946 0.386583 -0.446172
v 0.013293 0.382297 -0.453586
v 0.006575 0.374072 -0.473279
v -0.001997 0.375810 -0.474090
v -0.003619 0.368049 -0.496360
v -0.001650 0.360519 -0.510839
v -0.012886 0.350557 -0.516168
v -0.005936 0.352758 -0.516284
v -0.015666 0.343028 -0.524393
v -0.017867 0.331328 -0.539799
v -0.026092 0.334803 -0.537946
v -0.038718 0.337351 -0.530300
v -0.040340 0.333297 -0.524393
v -0.041151 0.341174 -0.512693
v -0.047059 0.343028 -0.518485
v -0.041962 0.329011 -0.529489
v -0.038603 0.315805 -0.543738
v -0.048680 0.333297 -0.529837
v -0.055978 0.342448 -0.518948
v -0.056673 0.330633 -0.525435
v -0.059685 0.320091 -0.528910
v -0.062118 0.310245 -0.532270
v -0.062581 0.300167 -0.542000
v -0.058063 0.317775 -0.538062
v -0.053662 0.313373 -0.543390
v -0.056558 0.294375 -0.561461
v -0.064435 0.294259 -0.549761
v -0.051692 0.290784 -0.581038
v -0.049144 0.300051 -0.562156
v -0.037907 0.306422 -0.556712
v -0.035359 0.316848 -0.552310
v -0.036402 0.325073 -0.545823
v -0.029220 0.321945 -0.549645
v -0.022964 0.325420 -0.541537
v -0.023659 0.311751 -0.555437
v -0.025165 0.309666 -0.561461
v -0.027019 0.300167 -0.571076
v -0.042773 0.302021 -0.565399
v -0.046248 0.296113 -0.569222
v -0.038371 0.294144 -0.579184
v -0.043120 0.294259 -0.581154
v -0.054241 0.284413 -0.588915
v -0.062002 0.282444 -0.592969
v -0.064782 0.273293 -0.621002
v -0.074049 0.266226 -0.637104
v -0.079146 0.256959 -0.646834
v -0.090035 0.251515 -0.651699
v -0.093973 0.248503 -0.643359
v -0.096754 0.236108 -0.651931
v -0.100576 0.241553 -0.659808
v -0.102777 0.239468 -0.671044
v -0.100808 0.231938 -0.658186
v -0.105210 0.232865 -0.644402
v -0.108337 0.240279 -0.624477
v -0.108685 0.231706 -0.628532
v -0.110538 0.214215 -0.678806
v -0.112276 0.221281 -0.652163
v -0.114014 0.226725 -0.630269
v -0.110654 0.223366 -0.616948
v -0.113319 0.219543 -0.627373
v -0.113434 0.214215 -0.645097
v -0.110191 0.211551 -0.633049
v -0.112276 0.197418 -0.637799
v -0.110886 0.206454 -0.651815
v -0.106600 0.205295 -0.684829
v -0.113087 0.203558 -0.666295
v -0.110538 0.196028 -0.656217
v -0.112160 0.195101 -0.694907
v -0.106484 0.198808 -0.699077
v -0.107990 0.212130 -0.689579
v -0.100808 0.220238 -0.676952
v -0.100692 0.226494 -0.667106
v -0.105673 0.231591 -0.672434
v -0.104515 0.233444 -0.682281
v -0.104862 0.223829 -0.689926
v -0.102546 0.219543 -0.687378
v -0.112160 0.209118 -0.716135
v -0.106368 0.216647 -0.712891
v -0.110423 0.211435 -0.724823
v -0.109843 0.219312 -0.741156
v -0.108569 0.210276 -0.741851
v -0.112160 0.206917 -0.743357
v -0.109728 0.202631 -0.732931
v -0.109264 0.194638 -0.702437
v -0.108569 0.189889 -0.711356
v -0.112160 0.194059 -0.726676
v -0.110307 0.187572 -0.726213
v -0.110307 0.185139 -0.778340
v -0.113319 0.187224 -0.752508
v -0.114129 0.174135 -0.740808
v -0.116562 0.178884 -0.705333
v -0.114014 0.189194 -0.685177
v -0.110538 0.183518 -0.680427
v -0.116330 0.181085 -0.663747
v -0.118415 0.174945 -0.688652
v -0.112276 0.180853 -0.687957
v -0.113319 0.176799 -0.695486
v -0.110770 0.175641 -0.696066
v -0.108685 0.172281 -0.716366
v -0.119110 0.167068 -0.701394
v -0.118184 0.165678 -0.694212
v -0.110654 0.162782 -0.683555
v -0.108801 0.159076 -0.694907
v -0.111118 0.155600 -0.699541
v -0.110654 0.161045 -0.667222
v -0.111118 0.169385 -0.664557
v -0.107642 0.155485 -0.664442
v -0.108453 0.174019 -0.643706
v -0.114245 0.190352 -0.630733
v -0.114824 0.208075 -0.600499
v -0.117025 0.194291 -0.592158
v -0.115635 0.182127 -0.582080
v -0.120269 0.173555 -0.589726
v -0.120037 0.179000 -0.570265
v -0.120848 0.165331 -0.600035
v -0.117025 0.168806 -0.574551
v -0.116214 0.177031 -0.563314
v -0.114940 0.190468 -0.543390
v -0.116330 0.180042 -0.540726
v -0.110191 0.189773 -0.516631
v -0.104631 0.174135 -0.522887
v -0.106368 0.167879 -0.534586
v -0.110307 0.158844 -0.548140
v -0.114245 0.155485 -0.562967
v -0.119921 0.165910 -0.569801
v -0.118068 0.159191 -0.603974
v -0.120037 0.158033 -0.620307
v -0.116330 0.161277 -0.618338
v -0.116678 0.186066 -0.606406
v -0.114361 0.199272 -0.598993
v -0.114245 0.189309 -0.606522
v -0.112276 0.177494 -0.622045
v -0.110191 0.171702 -0.633860
v -0.114593 0.169385 -0.631891
v -0.114129 0.153979 -0.631659
v -0.112623 0.153747 -0.655290
v -0.108801 0.159886 -0.649498
v -0.108569 0.145986 -0.672898
v -0.113434 0.147608 -0.660503
v -0.112044 0.151662 -0.648919
v -0.116562 0.142047 -0.645328
v -0.118647 0.150272 -0.634787
v -0.118300 0.148071 -0.618106
v -0.123744 0.151430 -0.594475
v -0.122238 0.144712 -0.594938
v -0.125829 0.141584 -0.620423
v -0.123976 0.135213 -0.630038
v -0.124555 0.137761 -0.618106
v -0.114245 0.141005 -0.590189
v -0.114129 0.136487 -0.584745
v -0.112044 0.130811 -0.602352
v -0.116446 0.125251 -0.633397
v -0.119921 0.122702 -0.656101
v -0.117141 0.137645 -0.642780
v -0.111581 0.135676 -0.660271
v -0.112276 0.136835 -0.684250
v -0.106368 0.137761 -0.699309
v -0.106716 0.147144 -0.710661
v -0.105789 0.136603 -0.717641
v -0.114245 0.147376 -0.723201
v -0.111233 0.144480 -0.726908
v -0.113087 0.130232 -0.737101
v -0.102430 0.129537 -0.724012
v -0.108106 0.124092 -0.706954
v -0.107063 0.124324 -0.682049
v -0.110423 0.116650 -0.679732
v -0.112392 0.108657 -0.686914
v -0.112508 0.113174 -0.647413
v -0.114593 0.120009 -0.640463
v -0.114014 0.111784 -0.640231
v -0.107642 0.106919 -0.622045
v -0.108685 0.126757 -0.586135
v -0.109380 0.136024 -0.572697
v -0.110538 0.146449 -0.559955
v -0.112160 0.148418 -0.548255
v -0.112276 0.138572 -0.561577
v -0.111002 0.124092 -0.584050
v -0.108337 0.117808 -0.591232
v -0.104862 0.106108 -0.603047
v -0.100692 0.116070 -0.587641
v -0.104746 0.090354 -0.622508
v -0.099765 0.106803 -0.596213
v -0.102314 0.118735 -0.580459
v -0.110538 0.122123 -0.579879
v -0.112276 0.129421 -0.568064
v -0.102661 0.123166 -0.567716
v -0.104746 0.138109 -0.543622
v -0.106716 0.165331 -0.524161
v -0.106252 0.159655 -0.515473
v -0.100576 0.143437 -0.527404
v -0.100692 0.156643 -0.508870
v -0.102777 0.172745 -0.488367
v -0.093394 0.188962 -0.463432
v -0.096638 0.201820 -0.453007
v -0.102546 0.215142 -0.442466
v -0.106484 0.225335 -0.436905
v -0.104167 0.189425 -0.450690
v -0.092931 0.181317 -0.463664
v -0.089919 0.176799 -0.470962
v -0.087023 0.170312 -0.481764
v -0.087371 0.164752 -0.490220
v -0.097796 0.154326 -0.501341
v -0.102661 0.144017 -0.512461
v -0.099650 0.145522 -0.519875
v -0.100808 0.132664 -0.530648
v -0.102661 0.140194 -0.520338
v -0.103125 0.128378 -0.528099
v -0.103936 0.116302 -0.543274
v -0.101271 0.128262 -0.539567
v -0.104631 0.124671 -0.548835
v -0.104399 0.089891 -0.587177
v -0.104167 0.098579 -0.589957
v -0.099534 0.096725 -0.603742
v -0.100576 0.081782 -0.627605
v -0.103356 0.080971 -0.604785
v -0.100576 0.082709 -0.587872
v -0.101735 0.090933 -0.574551
v -0.100808 0.105645 -0.562272
v -0.101271 0.118619 -0.549414
v -0.103472 0.106687 -0.553121
v -0.102661 0.098115 -0.559955
v -0.102198 0.081666 -0.580574
v -0.096638 0.095104 -0.554047
v -0.098491 0.110047 -0.538988
v -0.097564 0.125830 -0.521612
v -0.088992 0.148882 -0.499951
v -0.088877 0.157338 -0.490799
v -0.098607 0.170312 -0.464243
v -0.100692 0.179811 -0.447215
v -0.112276 0.205295 -0.436905
v -0.109843 0.235297 -0.424163
v -0.108222 0.259624 -0.402270
v -0.109032 0.259276 -0.413274
v -0.106600 0.253137 -0.418950
v -0.104399 0.267964 -0.404586
v -0.100576 0.270976 -0.398447
v -0.097217 0.279548 -0.391381
v -0.102314 0.269470 -0.393118
v -0.089687 0.272945 -0.374005
v -0.085286 0.266690 -0.372846
v -0.083200 0.255569 -0.371225
v -0.089340 0.250936 -0.375858
v -0.094668 0.259276 -0.385473
v -0.100924 0.262520 -0.387674
v -0.105094 0.250009 -0.396593
v -0.097912 0.248851 -0.391265
v -0.094784 0.251978 -0.380955
v -0.090846 0.245491 -0.379102
v -0.091193 0.243522 -0.370877
v -0.085981 0.226725 -0.365780
v -0.081463 0.215142 -0.371456
v -0.077988 0.202978 -0.369255
v -0.073586 0.189889 -0.371341
v -0.067794 0.188151 -0.369255
v -0.078219 0.190815 -0.375974
v -0.080304 0.198692 -0.377712
v -0.077640 0.185950 -0.386747
v -0.074049 0.175872 -0.380724
v -0.075439 0.174830 -0.390802
v -0.081115 0.174019 -0.391033
v -0.086791 0.200546 -0.377364
v -0.089108 0.210971 -0.373194
v -0.093858 0.230780 -0.371688
v -0.096406 0.230664 -0.376322
v -0.094321 0.241321 -0.380260
v -0.100576 0.244101 -0.388137
v -0.100576 0.239931 -0.400300
v -0.106252 0.219891 -0.400995
v -0.101966 0.228579 -0.388716
v -0.098723 0.218038 -0.389643
v -0.096985 0.207380 -0.384778
v -0.088877 0.178421 -0.394740
v -0.094784 0.184097 -0.400879
v -0.085170 0.156411 -0.408525
v -0.090614 0.168343 -0.409104
v -0.098375 0.198461 -0.402849
v -0.096754 0.207612 -0.394277
v -0.101155 0.205643 -0.396709
v -0.102777 0.213404 -0.400532
v -0.104631 0.205295 -0.413158
v -0.102314 0.229737 -0.407135
v -0.114014 0.240742 -0.411537
v -0.116446 0.229621 -0.422425
v -0.116446 0.221860 -0.424511
v -0.112623 0.214910 -0.424047
v -0.102661 0.192205 -0.435631
v -0.095364 0.190005 -0.435515
v -0.098607 0.202168 -0.426016
v -0.103241 0.211551 -0.422078
v -0.101271 0.212130 -0.416518
v -0.098607 0.201357 -0.421151
v -0.097333 0.190931 -0.422310
v -0.091541 0.177262 -0.424395
v -0.091193 0.178421 -0.445362
v -0.093973 0.163477 -0.459610
v -0.092004 0.159771 -0.469456
v -0.093394 0.155369 -0.480374
v -0.088413 0.147955 -0.496591
v -0.082969 0.139499 -0.501804
v -0.085401 0.131506 -0.515589
v -0.084938 0.117924 -0.525435
v -0.081115 0.118503 -0.513967
v -0.079957 0.100896 -0.525783
v -0.081579 0.112132 -0.514083
v -0.081000 0.127915 -0.504237
v -0.085981 0.147492 -0.486513
v -0.084938 0.147492 -0.492769
v -0.089340 0.155369 -0.480721
v -0.092699 0.148766 -0.470267
v -0.090035 0.141700 -0.484544
v -0.086907 0.125366 -0.496591
v -0.084938 0.102517 -0.511998
v -0.087139 0.119661 -0.492305
v -0.086907 0.131274 -0.480490
v -0.085054 0.141468 -0.466908
v -0.087371 0.155485 -0.457640
v -0.091309 0.170544 -0.453239
v -0.087023 0.150851 -0.448837
v -0.086560 0.163593 -0.436326
v -0.087023 0.162319 -0.423005
v -0.090962 0.182243 -0.413622
v -0.096985 0.191742 -0.411652
v -0.093163 0.194059 -0.407830
v -0.095364 0.199040 -0.403428
v -0.086791 0.150851 -0.425321
v -0.082853 0.149113 -0.420920
v -0.081000 0.141005 -0.419182
v -0.081926 0.138225 -0.438064
v -0.081810 0.147608 -0.437832
v -0.084011 0.153631 -0.442002
v -0.079841 0.147144 -0.446404
v -0.077177 0.137066 -0.454629
v -0.083316 0.133591 -0.465170
v -0.083432 0.135444 -0.470267
v -0.081347 0.125366 -0.474553
v -0.079725 0.131853 -0.464938
v -0.071385 0.120472 -0.453586
v -0.074744 0.124671 -0.449648
v -0.073470 0.125714 -0.431113
v -0.066636 0.125598 -0.423700
v -0.073007 0.139383 -0.413622
v -0.078219 0.156990 -0.400648
v -0.074860 0.167532 -0.393697
v -0.067678 0.158612 -0.390338
v -0.069763 0.156875 -0.400300
v -0.067678 0.147376 -0.406671
v -0.062929 0.130000 -0.418834
v -0.060959 0.128147 -0.415012
v -0.059685 0.144248 -0.399374
v -0.049376 0.121399 -0.420920
v -0.056442 0.118040 -0.420340
v -0.058063 0.120356 -0.430303
v -0.067794 0.118040 -0.433662
v -0.063044 0.109699 -0.445941
v -0.067215 0.107846 -0.460768
v -0.067562 0.113985 -0.462158
v -0.063508 0.104371 -0.470614
v -0.058295 0.094524 -0.473279
v -0.057832 0.104487 -0.451154
v -0.056094 0.102633 -0.447215
v -0.052387 0.114217 -0.437832
v -0.056789 0.116881 -0.425785
v -0.050418 0.110394 -0.427870
v -0.045321 0.114217 -0.427870
v -0.035127 0.118156 -0.419993
v -0.049607 0.160234 -0.385241
v -0.067910 0.172976 -0.378870
v -0.064782 0.186414 -0.371572
v -0.056673 0.197418 -0.361726
v -0.057484 0.182475 -0.371572
v -0.044394 0.174366 -0.379102
v -0.044047 0.179811 -0.372615
v -0.046711 0.184792 -0.369835
v -0.034085 0.107614 -0.436442
v -0.046595 0.106572 -0.434936
v -0.044279 0.104602 -0.447562
v -0.033506 0.092671 -0.464822
v -0.045553 0.094177 -0.459841
v -0.042078 0.084794 -0.478636
v -0.050302 0.088848 -0.480142
v -0.041614 0.078655 -0.492769
v -0.050881 0.083056 -0.489757
v -0.059801 0.096725 -0.486282
v -0.063855 0.102401 -0.478289
v -0.075092 0.107151 -0.486977
v -0.069647 0.082825 -0.509565
v -0.060496 0.088848 -0.500182
v -0.044626 0.069040 -0.511071
v -0.056673 0.073326 -0.519643
v -0.057832 0.067418 -0.527289
v -0.052967 0.061626 -0.534239
v -0.054241 0.059541 -0.546634
v -0.063392 0.067418 -0.532038
v -0.067562 0.073442 -0.526593
v -0.071501 0.090007 -0.523929
v -0.070227 0.081666 -0.537714
v -0.068836 0.071936 -0.555437
v -0.055862 0.055834 -0.554742
v -0.042541 0.053981 -0.540842
v -0.031073 0.059773 -0.525203
v -0.035012 0.071357 -0.501804
v -0.027250 0.083056 -0.478289
v -0.025165 0.094872 -0.454976
v -0.012655 0.088037 -0.469456
v 0.011903 0.093019 -0.458915
v -0.005473 0.063480 -0.513735
v -0.026324 0.048189 -0.543158
v -0.041962 0.042397 -0.569917
v -0.061770 0.053865 -0.575477
v -0.050302 0.036258 -0.599109
v -0.022964 0.026643 -0.608839
v -0.019142 0.036489 -0.570381
v -0.009064 0.038343 -0.567021
v 0.000667 0.064406 -0.510608
v 0.010397 0.032551 -0.580343
v -0.013466 0.020735 -0.622276
v -0.035012 0.020735 -0.634092
v -0.051576 0.028960 -0.631543
v -0.064087 0.044019 -0.603047
v -0.069184 0.055950 -0.591695
v -0.080652 0.066260 -0.584745
v -0.077524 0.078539 -0.555901
v -0.079030 0.089659 -0.537251
v -0.080420 0.093482 -0.527636
v -0.077061 0.098115 -0.514430
v -0.073470 0.097884 -0.501688
v -0.075208 0.108425 -0.494043
v -0.080189 0.103328 -0.504584
v -0.081115 0.116186 -0.488483
v -0.077756 0.118387 -0.486861
v -0.077524 0.123629 -0.480258
v -0.082505 0.124556 -0.481185
v -0.079262 0.096725 -0.535281
v -0.087255 0.104371 -0.540957
v -0.083432 0.094409 -0.550456
v -0.080420 0.078539 -0.569106
v -0.086096 0.071241 -0.579879
v -0.095364 0.067302 -0.593896
v -0.079957 0.053749 -0.604900
v -0.067446 0.045872 -0.616948
v -0.063276 0.035678 -0.630733
v -0.070342 0.040080 -0.626447
v -0.092931 0.057688 -0.611272
v -0.100808 0.069503 -0.601309
v -0.098723 0.068345 -0.614052
v -0.100576 0.072515 -0.624130
v -0.098375 0.074021 -0.639305
v -0.102661 0.077496 -0.637567
v -0.107990 0.100780 -0.629111
v -0.102546 0.103792 -0.638262
v -0.100808 0.096494 -0.659345
v -0.098607 0.089080 -0.656217
v -0.100576 0.081319 -0.660040
v -0.102082 0.073094 -0.648572
v -0.094321 0.064059 -0.662472
v -0.098491 0.064754 -0.642201
v -0.090846 0.057456 -0.643591
v -0.092931 0.054097 -0.668380
v -0.091077 0.061510 -0.667106
v -0.097680 0.063595 -0.665484
v -0.097449 0.077380 -0.674056
v -0.096985 0.082130 -0.677416
v -0.110538 0.090933 -0.689579
v -0.108569 0.098000 -0.690274
v -0.108222 0.100896 -0.706607
v -0.102777 0.110858 -0.708924
v -0.104399 0.116997 -0.739187
v -0.100460 0.109468 -0.733163
v -0.098607 0.109004 -0.745210
v -0.102314 0.103212 -0.758647
v -0.102546 0.092439 -0.737797
v -0.104978 0.093945 -0.696297
v -0.104515 0.081319 -0.701626
v -0.098955 0.090123 -0.704058
v -0.094900 0.087342 -0.715903
v -0.095595 0.091281 -0.720189
v -0.089108 0.088385 -0.741272
v -0.094668 0.076917 -0.747295
v -0.084822 0.089891 -0.760385
v -0.088413 0.089775 -0.752045
v -0.092468 0.092323 -0.782974
v -0.082969 0.092323 -0.776255
v -0.082853 0.089543 -0.776487
v -0.081347 0.093829 -0.786565
v -0.081579 0.096725 -0.790156
v -0.077640 0.098579 -0.803709
v -0.085054 0.096957 -0.810891
v -0.075208 0.100664 -0.813092
v -0.069416 0.094988 -0.814713
v -0.084822 0.082246 -0.787839
v -0.089108 0.077380 -0.768494
v -0.079378 0.081203 -0.795484
v -0.069763 0.086416 -0.811122
v -0.066404 0.083172 -0.800002
v -0.057948 0.090702 -0.824907
v -0.066056 0.098579 -0.830815
v -0.071848 0.104718 -0.828614
v -0.082042 0.100664 -0.821432
v -0.088877 0.096841 -0.807184
v -0.096754 0.094293 -0.780889
v -0.100345 0.097652 -0.769768
v -0.097912 0.112248 -0.763976
v -0.096869 0.115491 -0.754941
v -0.099534 0.120356 -0.749612
v -0.100924 0.121167 -0.741851
v -0.108917 0.118156 -0.755056
v -0.112276 0.136487 -0.740461
v -0.106484 0.141121 -0.750770
v -0.114129 0.146913 -0.737681
v -0.110770 0.149345 -0.756099
v -0.108222 0.143206 -0.776255
v -0.102777 0.137066 -0.769189
v -0.104515 0.130695 -0.764208
v -0.108222 0.117345 -0.776371
v -0.102893 0.124903 -0.774286
v -0.105789 0.131969 -0.773822
v -0.102546 0.135560 -0.785754
v -0.104399 0.127336 -0.787839
v -0.102777 0.123050 -0.779730
v -0.105326 0.116302 -0.780309
v -0.098259 0.116302 -0.764092
v -0.095248 0.112943 -0.766409
v -0.097217 0.113522 -0.778108
v -0.093278 0.117692 -0.781931
v -0.088877 0.117229 -0.799886
v -0.096638 0.127683 -0.807416
v -0.092931 0.137298 -0.831278
v -0.100808 0.143437 -0.799539
v -0.112276 0.154442 -0.776602
v -0.098607 0.152357 -0.825023
v -0.088761 0.147376 -0.861860
v -0.094900 0.153284 -0.832668
v -0.094553 0.164983 -0.857921
v -0.085517 0.158496 -0.860238
v -0.084127 0.155253 -0.874486
v -0.080768 0.162782 -0.869042
v -0.085981 0.165215 -0.872749
v -0.077640 0.166605 -0.875645
v -0.079146 0.156759 -0.885375
v -0.075671 0.178536 -0.891051
v -0.085054 0.180390 -0.890935
v -0.089108 0.173787 -0.866146
v -0.092931 0.172397 -0.858153
v -0.097217 0.172976 -0.851782
v -0.091077 0.180042 -0.870200
v -0.082390 0.196607 -0.892094
v -0.078335 0.196491 -0.901940
v -0.062002 0.195217 -0.916536
v -0.064782 0.181085 -0.906226
v -0.071385 0.164752 -0.898812
v -0.062581 0.172629 -0.908427
v -0.056326 0.192090 -0.920243
v -0.046711 0.213172 -0.931826
v -0.043931 0.204832 -0.925687
v -0.045900 0.190931 -0.917926
v -0.053662 0.172745 -0.906921
v -0.063276 0.159655 -0.896496
v -0.070574 0.149345 -0.885375
v -0.077293 0.145754 -0.875413
v -0.067910 0.147144 -0.881552
v -0.052040 0.150967 -0.894874
v -0.044163 0.160118 -0.904836
v -0.040456 0.168227 -0.910628
v -0.028525 0.182707 -0.922675
v -0.034085 0.206685 -0.928930
v -0.036402 0.217574 -0.935533
v -0.024934 0.217458 -0.933912
v -0.022964 0.203210 -0.932058
v -0.026671 0.182243 -0.926034
v -0.031189 0.164520 -0.916420
v -0.041846 0.145754 -0.902519
v -0.050534 0.141121 -0.896843
v -0.059801 0.139499 -0.883174
v -0.061654 0.127799 -0.881089
v -0.063624 0.130927 -0.873675
v -0.069647 0.132780 -0.870200
v -0.073354 0.135097 -0.860006
v -0.077640 0.131274 -0.850276
v -0.086444 0.140194 -0.849465
v -0.082969 0.125714 -0.832668
v -0.090730 0.111784 -0.809501
v -0.096638 0.108078 -0.788186
v -0.094784 0.103676 -0.786101
v -0.086907 0.108078 -0.811122
v -0.082969 0.109931 -0.821085
v -0.084938 0.117576 -0.831047
v -0.077293 0.128957 -0.854330
v -0.070574 0.126641 -0.862439
v -0.075323 0.121660 -0.848307
v -0.080884 0.117113 -0.835564
v -0.073933 0.110278 -0.846685
v -0.067562 0.120241 -0.867536
v -0.055399 0.120125 -0.869505
v -0.049607 0.128610 -0.879004
v -0.036633 0.137298 -0.887344
v -0.044394 0.114333 -0.869737
v -0.054357 0.110163 -0.858269
v -0.067794 0.108541 -0.840314
v -0.058411 0.102401 -0.842862
v -0.048101 0.088385 -0.824907
v -0.053893 0.084331 -0.817030
v -0.057716 0.078075 -0.815177
v -0.065593 0.079929 -0.797685
v -0.073702 0.081203 -0.783900
v -0.079262 0.081087 -0.777529
v -0.075208 0.078539 -0.776255
v -0.086444 0.077264 -0.752740
v -0.079378 0.079234 -0.766525
v -0.082969 0.076338 -0.756678
v -0.085054 0.068229 -0.764439
v -0.089224 0.074600 -0.746948
v -0.093510 0.070430 -0.728761
v -0.096754 0.074716 -0.700120
v -0.098491 0.081666 -0.684018
v -0.100113 0.075759 -0.685988
v -0.098491 0.069967 -0.697340
v -0.093047 0.067650 -0.710893
v -0.083085 0.063364 -0.739650
v -0.092699 0.061279 -0.717988
v -0.085401 0.060352 -0.694444
v -0.090962 0.067186 -0.684366
v -0.090730 0.055255 -0.692590
v -0.081231 0.053518 -0.709619
v -0.079146 0.053981 -0.746600
v -0.077293 0.061279 -0.750539
v -0.088877 0.065449 -0.751002
v -0.075208 0.063711 -0.785754
v -0.068836 0.061395 -0.775560
v -0.069300 0.057456 -0.772316
v -0.064203 0.063595 -0.787955
v -0.065014 0.065681 -0.802550
v -0.052271 0.071473 -0.818999
v -0.059453 0.065681 -0.798844
v -0.052040 0.059773 -0.805215
v -0.054009 0.067186 -0.805446
v -0.046364 0.066607 -0.817378
v -0.040340 0.075179 -0.830468
v -0.043699 0.085373 -0.836723
v -0.044047 0.091976 -0.832668
v -0.038255 0.102401 -0.849813
v -0.036286 0.110626 -0.861396
v -0.028872 0.104023 -0.861860
v -0.028525 0.116302 -0.871243
v -0.030610 0.139267 -0.896727
v -0.035127 0.143437 -0.892905
v -0.028061 0.151430 -0.902403
v -0.026671 0.156527 -0.911786
v -0.022733 0.150851 -0.906226
v -0.020300 0.159655 -0.916652
v -0.020184 0.186298 -0.927888
v -0.017288 0.203326 -0.943410
v -0.014740 0.214331 -0.939703
v -0.019026 0.223482 -0.938082
v -0.012770 0.221860 -0.938429
v -0.001882 0.222903 -0.943526
v 0.006922 0.235761 -0.942136
v -0.017752 0.240394 -0.945380
v -0.025165 0.241784 -0.939819
v -0.035938 0.233560 -0.937387
v -0.039761 0.227768 -0.933564
v -0.052271 0.211319 -0.922328
v -0.050302 0.233097 -0.935533
v -0.046711 0.240626 -0.937850
v -0.061654 0.221513 -0.925919
v -0.059917 0.211435 -0.918273
v -0.070227 0.208191 -0.910975
v -0.079146 0.217922 -0.898581
v -0.088413 0.194406 -0.882595
v -0.100460 0.181432 -0.844600
v -0.100808 0.170428 -0.837534
v -0.104051 0.169964 -0.818420
v -0.104746 0.161508 -0.787144
v -0.106600 0.164172 -0.770231
v -0.112739 0.163941 -0.735132
v -0.108685 0.156527 -0.731310
v -0.112160 0.153631 -0.721000
v -0.116214 0.160929 -0.719842
v -0.116099 0.164057 -0.725749
v -0.110191 0.167184 -0.730730
v -0.112160 0.170080 -0.778456
v -0.108222 0.171702 -0.793399
v -0.112392 0.181780 -0.772085
v -0.110307 0.177262 -0.770116
v -0.110423 0.180737 -0.794905
v -0.102661 0.186182 -0.826992
v -0.106716 0.186066 -0.797801
v -0.106600 0.190815 -0.826645
v -0.110191 0.193016 -0.810659
v -0.100808 0.191742 -0.839040
v -0.096290 0.190584 -0.851550
v -0.088877 0.209234 -0.877498
v -0.098375 0.208770 -0.861281
v -0.101966 0.199735 -0.840661
v -0.104631 0.201588 -0.817494
v -0.108685 0.201704 -0.772664
v -0.110886 0.196607 -0.768262
v -0.113782 0.206222 -0.773707
v -0.109032 0.216068 -0.778456
v -0.112276 0.208655 -0.789924
v -0.108337 0.206454 -0.805678
v -0.108685 0.216184 -0.792820
v -0.107063 0.216300 -0.776487
v -0.110538 0.226262 -0.757026
v -0.109264 0.223714 -0.736754
v -0.106484 0.230316 -0.737333
v -0.104399 0.231127 -0.708345
v -0.102314 0.225567 -0.705333
v -0.102082 0.231706 -0.693865
v -0.093973 0.240510 -0.678458
v -0.086560 0.248387 -0.662241
v -0.082621 0.254295 -0.652858
v -0.088413 0.252673 -0.672434
v -0.087023 0.245839 -0.673361
v -0.091309 0.245491 -0.683671
v -0.088992 0.255569 -0.683207
v -0.082737 0.259739 -0.666527
v -0.079146 0.266342 -0.658302
v -0.073933 0.267269 -0.668380
v -0.067910 0.266690 -0.648340
v -0.063740 0.268891 -0.633744
v -0.060612 0.272366 -0.632586
v -0.054704 0.272945 -0.636988
v -0.057368 0.278969 -0.611967
v -0.058411 0.279085 -0.600962
v -0.041498 0.286962 -0.592042
v -0.033390 0.292058 -0.590768
v -0.027830 0.292406 -0.585324
v -0.031652 0.286614 -0.595054
v -0.024470 0.296460 -0.579300
v -0.022153 0.294375 -0.588915
v -0.016477 0.308971 -0.566442
v -0.010570 0.306191 -0.569686
v -0.011496 0.340942 -0.534007
v -0.004546 0.345808 -0.527289
v -0.001650 0.350557 -0.524393
v -0.000955 0.338046 -0.538757
v -0.009064 0.332718 -0.541189
v -0.005704 0.315690 -0.557291
v -0.001997 0.321597 -0.555437
v -0.001302 0.308855 -0.565515
v -0.006515 0.301789 -0.572813
v -0.009527 0.292174 -0.594707
v -0.013118 0.290089 -0.594475
v -0.009875 0.286614 -0.605248
v -0.000723 0.290089 -0.594591
v 0.002868 0.297850 -0.584629
v 0.006690 0.301094 -0.576057
v 0.002868 0.315342 -0.557291
v 0.002057 0.325536 -0.549530
v 0.006922 0.341290 -0.532270
v 0.013293 0.350094 -0.519643
v 0.009239 0.362373 -0.496939
v 0.011324 0.370481 -0.484660
v 0.021634 0.364342 -0.506669
v 0.024993 0.372103 -0.492074
v 0.021981 0.382181 -0.448258
v 0.027078 0.423188 -0.430187
v 0.032291 0.457360 -0.414201
v 0.021865 0.466164 -0.408757
v 0.018274 0.487363 -0.395088
v 0.020939 0.504623 -0.387674
v 0.027194 0.509024 -0.385473
v 0.019780 0.540185 -0.362189
v 0.007617 0.552232 -0.349331
v -0.026324 0.541112 -0.361494
v -0.018099 0.559646 -0.344466
v -0.030725 0.567176 -0.338674
v -0.030841 0.591270 -0.313769
v -0.051113 0.585131 -0.319792
v -0.065709 0.579339 -0.321762
v -0.069995 0.587100 -0.308208
v -0.063624 0.606706 -0.287126
v -0.063624 0.614119 -0.276353
v -0.047638 0.631263 -0.255965
v -0.055399 0.607053 -0.290253
v -0.049028 0.600566 -0.301837
v -0.036054 0.628252 -0.267317
v -0.027134 0.645280 -0.241601
v -0.017983 0.654894 -0.223849
v 0.001941 0.594513 -0.307745
v 0.026151 0.557793 -0.348984
v 0.036229 0.530570 -0.371456
v 0.034028 0.572736 -0.335083
v 0.035303 0.588606 -0.317012
v 0.043875 0.606937 -0.295119
v 0.043180 0.588490 -0.317244
v 0.038778 0.573315 -0.331376
v 0.058355 0.553738 -0.344582
v 0.052678 0.550147 -0.352343
v 0.066000 0.542039 -0.352343
v 0.060903 0.532424 -0.363116
v 0.053489 0.513774 -0.380955
v 0.062525 0.513079 -0.379102
v 0.078974 0.518523 -0.366128
v 0.066579 0.554086 -0.344814
v 0.059281 0.574010 -0.326511
v 0.069359 0.553507 -0.340527
v 0.069823 0.567291 -0.331029
v 0.080248 0.546904 -0.341686
v 0.088936 0.565090 -0.311336
v 0.104574 0.523504 -0.341918
v 0.110714 0.497325 -0.358598
v 0.113494 0.479949 -0.366707
v 0.118359 0.532887 -0.315506
v 0.099361 0.559994 -0.307513
v 0.093222 0.573199 -0.295930
v 0.069475 0.591154 -0.300100
v 0.067853 0.587100 -0.308093
v 0.080364 0.585826 -0.296509
v 0.099014 0.578875 -0.280175
v 0.104690 0.573431 -0.284346
v 0.112567 0.552348 -0.300447
v 0.131101 0.469408 -0.353617
v 0.118591 0.442881 -0.379449
v 0.112799 0.435119 -0.387326
v 0.076078 0.470218 -0.397057
v 0.069128 0.490838 -0.388601
v 0.089283 0.499873 -0.372267
v 0.059513 0.500221 -0.388137
v 0.059976 0.479717 -0.399026
v 0.065768 0.445429 -0.412927
v 0.078974 0.425505 -0.412348
v 0.041905 0.405001 -0.438295
v 0.044801 0.452495 -0.414664
v 0.042021 0.483308 -0.398910
v 0.040631 0.502537 -0.388948
v 0.046655 0.475895 -0.404818
v 0.051983 0.469755 -0.404702
v 0.044686 0.520840 -0.377712
v 0.037851 0.381023 -0.447910
v 0.028816 0.379980 -0.450343
v 0.030322 0.376968 -0.466097
v 0.037388 0.375926 -0.475740
v 0.032291 0.371408 -0.486513
v 0.031248 0.366311 -0.496939
v 0.030437 0.356117 -0.511650
v 0.040747 0.364689 -0.501225
v 0.042485 0.367006 -0.493811
v 0.048045 0.368860 -0.470614
v 0.046307 0.366774 -0.464707
v 0.044454 0.370481 -0.450227
v 0.049203 0.377547 -0.443971
v 0.049551 0.371524 -0.449184
v 0.056501 0.366195 -0.466560
v 0.050477 0.364458 -0.471541
v 0.052331 0.364458 -0.487903
v 0.040515 0.361098 -0.499487
v 0.034260 0.346155 -0.523118
v 0.026499 0.328316 -0.544085
v 0.015031 0.329474 -0.541653
v 0.011324 0.336656 -0.538293
v 0.010397 0.305959 -0.569222
v 0.011324 0.291248 -0.594012
v 0.007965 0.290321 -0.592622
v 0.005069 0.286614 -0.605827
v -0.002577 0.280475 -0.621697
v 0.001014 0.279664 -0.636988
v -0.009411 0.282328 -0.624361
v -0.013697 0.278737 -0.625636
v -0.018678 0.284876 -0.607565
v -0.020763 0.289858 -0.592042
v -0.027366 0.285919 -0.598645
v -0.031073 0.280590 -0.606175
v -0.040456 0.280706 -0.617759
v -0.039529 0.288236 -0.595865
v -0.043468 0.280590 -0.602468
v -0.043236 0.278969 -0.610577
v -0.037907 0.277694 -0.635134
v -0.028525 0.278853 -0.649614
v -0.028177 0.281980 -0.617411
v -0.023891 0.284529 -0.596676
v -0.022964 0.280706 -0.610113
v -0.025744 0.278621 -0.637451
v -0.021111 0.280359 -0.642548
v -0.014624 0.279895 -0.636988
v -0.016477 0.280127 -0.648803
v -0.024702 0.275494 -0.648688
v -0.022038 0.276420 -0.667685
v -0.019026 0.276420 -0.667917
v -0.015435 0.282328 -0.672898
v -0.020763 0.283602 -0.682165
v -0.027250 0.284066 -0.683207
v -0.032347 0.276884 -0.663399
v -0.040803 0.279085 -0.676257
v -0.032579 0.276652 -0.673477
v -0.032695 0.280475 -0.687494
v -0.042541 0.282791 -0.699772
v -0.046943 0.276536 -0.691200
v -0.046364 0.274914 -0.669770
v -0.041962 0.274914 -0.651815
v -0.054357 0.274914 -0.656217
v -0.055399 0.278158 -0.674288
v -0.054472 0.278505 -0.688420
v -0.046480 0.280359 -0.703248
v -0.054472 0.282444 -0.703016
v -0.043815 0.300283 -0.731194
v -0.054820 0.290205 -0.726213
v -0.063276 0.292174 -0.721811
v -0.061539 0.293912 -0.734669
v -0.055399 0.297155 -0.733279
v -0.054588 0.305727 -0.749960
v -0.059338 0.304453 -0.748685
v -0.065709 0.296113 -0.745326
v -0.073702 0.294259 -0.747064
v -0.071732 0.298198 -0.762818
v -0.065477 0.311635 -0.765598
v -0.059801 0.311751 -0.761659
v -0.051924 0.311635 -0.751929
v -0.038718 0.307697 -0.742083
v -0.036749 0.296113 -0.724359
v -0.030957 0.295997 -0.716598
v -0.028988 0.310129 -0.738955
v -0.022501 0.304337 -0.733974
v -0.022964 0.299820 -0.726676
v -0.023080 0.296113 -0.708460
v -0.013002 0.290321 -0.704869
v -0.009990 0.286382 -0.692475
v -0.011496 0.294144 -0.706607
v -0.016130 0.295997 -0.714976
v -0.016130 0.311635 -0.732468
v -0.019837 0.306654 -0.727719
v -0.022964 0.319281 -0.750075
v -0.025976 0.337004 -0.765714
v -0.019026 0.335266 -0.765482
v -0.014740 0.340595 -0.763976
v -0.015551 0.327505 -0.749728
v -0.014624 0.311983 -0.738028
v -0.008832 0.340363 -0.764324
v -0.002693 0.319512 -0.752161
v 0.002752 0.343259 -0.767683
v 0.000898 0.354032 -0.774749
v -0.001071 0.367238 -0.787839
v -0.013234 0.350557 -0.777413
v -0.021458 0.343028 -0.773475
v -0.024239 0.359245 -0.784248
v -0.019026 0.382181 -0.813208
v -0.000955 0.379633 -0.807184
v 0.016768 0.355538 -0.782742
v 0.006227 0.357044 -0.779151
v 0.005995 0.346850 -0.767799
v 0.013062 0.345113 -0.770579
v 0.013293 0.324493 -0.747064
v -0.000028 0.311635 -0.744168
v -0.003619 0.296113 -0.722390
v -0.005820 0.290089 -0.709040
v -0.005241 0.284297 -0.693285
v -0.005357 0.280359 -0.683439
v -0.000723 0.292058 -0.703827
v 0.004953 0.291943 -0.711356
v 0.002752 0.299820 -0.726676
v 0.010281 0.311519 -0.738376
v 0.014220 0.315574 -0.736406
v 0.010629 0.302136 -0.720884
v 0.010050 0.293912 -0.705101
v 0.001362 0.286382 -0.696992
v -0.001071 0.282791 -0.678342
v -0.005241 0.278505 -0.671508
v -0.007442 0.276652 -0.657723
v -0.009990 0.276884 -0.645444
v -0.013813 0.277926 -0.636177
v 0.005416 0.280243 -0.646139
v 0.001941 0.280243 -0.663747
v 0.006227 0.280359 -0.681122
v 0.008660 0.276884 -0.655754
v 0.013177 0.284066 -0.679501
v 0.013062 0.292174 -0.707186
v 0.020707 0.298082 -0.716135
v 0.020707 0.298082 -0.722390
v 0.020823 0.307928 -0.738028
v 0.017695 0.316848 -0.739071
v 0.020939 0.319165 -0.750307
v 0.026731 0.304685 -0.732584
v 0.023371 0.292406 -0.708692
v 0.019433 0.291943 -0.699077
v 0.018274 0.280590 -0.679616
v 0.020012 0.284181 -0.681354
v 0.017116 0.276420 -0.669539
v 0.013988 0.280127 -0.656449
v 0.009818 0.276884 -0.640695
v 0.012482 0.276884 -0.634324
v 0.009934 0.280475 -0.617874
v 0.014799 0.284876 -0.608376
v 0.020823 0.284413 -0.600614
v 0.020939 0.302021 -0.577215
v 0.023371 0.292290 -0.586945
v 0.024877 0.300051 -0.571076
v 0.028121 0.296576 -0.577563
v 0.037388 0.287309 -0.597603
v 0.026731 0.282907 -0.605480
v 0.024298 0.280590 -0.606406
v 0.029047 0.280243 -0.626447
v 0.030669 0.278737 -0.620191
v 0.036924 0.275146 -0.643938
v 0.040284 0.278274 -0.623319
v 0.040863 0.280938 -0.602584
v 0.040863 0.276884 -0.614283
v 0.056849 0.278505 -0.613009
v 0.047118 0.274798 -0.643706
v 0.041905 0.275494 -0.657955
v 0.032638 0.278505 -0.651815
v 0.026962 0.278621 -0.650888
v 0.024877 0.277463 -0.641042
v 0.017579 0.282212 -0.636293
v 0.019896 0.276420 -0.646487
v 0.019433 0.274451 -0.651584
v 0.030553 0.276768 -0.673361
v 0.030553 0.276884 -0.663167
v 0.042485 0.278389 -0.673825
v 0.044686 0.276768 -0.690737
v 0.036113 0.280706 -0.687030
v 0.030437 0.280706 -0.687378
v 0.022908 0.284645 -0.688536
v 0.033565 0.286382 -0.700699
v 0.035187 0.288236 -0.710777
v 0.036693 0.299936 -0.732352
v 0.040515 0.284645 -0.704174
v 0.041905 0.280590 -0.702900
v 0.044222 0.284645 -0.712891
v 0.041674 0.294144 -0.720305
v 0.044338 0.313604 -0.753782
v 0.027310 0.327621 -0.757489
v 0.016884 0.331328 -0.761428
v 0.019664 0.343028 -0.773475
v 0.020591 0.359708 -0.784595
v 0.025109 0.345460 -0.773011
v 0.028584 0.335035 -0.767451
v 0.033797 0.328200 -0.761080
v 0.047002 0.321482 -0.763744
v 0.041095 0.333992 -0.771274
v 0.036229 0.340595 -0.775792
v 0.030206 0.360635 -0.791198
v 0.022908 0.376042 -0.804751
v 0.025572 0.381370 -0.815408
v -0.001650 0.393417 -0.827919
v 0.021170 0.384729 -0.823865
v 0.026499 0.380791 -0.818999
v 0.033565 0.371292 -0.805215
v 0.040515 0.356696 -0.790851
v 0.042369 0.341869 -0.777066
v 0.042369 0.335382 -0.777066
v 0.051983 0.321597 -0.763397
v 0.056849 0.309087 -0.757142
v 0.049667 0.303642 -0.744863
v 0.053953 0.296229 -0.732815
v 0.059629 0.294144 -0.734901
v 0.052794 0.282676 -0.704406
v 0.051520 0.278853 -0.693865
v 0.052563 0.278505 -0.677068
v 0.059976 0.272829 -0.693633
v 0.059513 0.276536 -0.682397
v 0.061946 0.274219 -0.675330
v 0.069823 0.270860 -0.689347
v 0.067506 0.269007 -0.681470
v 0.060208 0.271092 -0.660040
v 0.072371 0.267153 -0.681354
v 0.076194 0.263099 -0.666295
v 0.079205 0.266921 -0.698730
v 0.073414 0.264836 -0.710314
v 0.063567 0.279200 -0.724475
v 0.065652 0.292638 -0.730035
v 0.066811 0.297271 -0.754246
v 0.064146 0.306191 -0.759458
v 0.059050 0.314300 -0.766293
v 0.057544 0.336772 -0.785985
v 0.057428 0.318933 -0.773822
v 0.063451 0.315805 -0.773475
v 0.070865 0.308739 -0.789345
v 0.063451 0.328084 -0.793052
v 0.056501 0.325304 -0.786796
v 0.053837 0.329590 -0.790271
v 0.054068 0.339784 -0.805910
v 0.067274 0.335498 -0.809848
v 0.068664 0.320902 -0.798380
v 0.065652 0.332139 -0.811470
v 0.071908 0.315458 -0.812281
v 0.069707 0.327158 -0.835680
v 0.063567 0.337931 -0.828962
v 0.067737 0.337583 -0.842167
v 0.075151 0.325536 -0.839387
v 0.077120 0.317659 -0.824096
v 0.077352 0.309550 -0.800465
v 0.076425 0.302136 -0.789229
v 0.075151 0.294839 -0.762934
v 0.075035 0.290321 -0.762586
v 0.067622 0.281170 -0.732584
v 0.076194 0.279664 -0.743241
v 0.068780 0.272598 -0.718567
v 0.079437 0.267037 -0.727834
v 0.083028 0.278969 -0.761543
v 0.083144 0.269238 -0.756215
v 0.087198 0.282676 -0.797917
v 0.086735 0.268659 -0.762818
v 0.085229 0.255685 -0.747527
v 0.086851 0.257770 -0.759458
v 0.090558 0.270281 -0.804983
v 0.090789 0.257539 -0.771042
v 0.097045 0.255222 -0.771969
v 0.094612 0.267501 -0.813208
v 0.092527 0.271555 -0.820737
v 0.099246 0.253137 -0.805099
v 0.092527 0.269586 -0.842515
v 0.094844 0.256843 -0.837997
v 0.098666 0.244101 -0.807995
v 0.096929 0.249430 -0.827687
v 0.098551 0.251978 -0.850855
v 0.089747 0.264373 -0.871011
v 0.094496 0.256728 -0.867073
v 0.102373 0.237035 -0.822938
v 0.103416 0.234602 -0.800002
v 0.101215 0.245144 -0.796758
v 0.100636 0.251052 -0.780078
v 0.100520 0.253137 -0.754246
v 0.101099 0.248735 -0.762007
v 0.103763 0.243175 -0.772780
v 0.102489 0.235877 -0.764787
v 0.100520 0.243638 -0.728298
v 0.096581 0.247924 -0.738260
v 0.094844 0.255569 -0.731657
v 0.083492 0.255569 -0.737797
v 0.082101 0.256959 -0.721695
v 0.084882 0.259392 -0.708460
v 0.087198 0.251515 -0.716482
v 0.079553 0.255338 -0.696413
v 0.081175 0.256033 -0.705217
v 0.080016 0.258813 -0.697803
v 0.087083 0.255106 -0.696413
v 0.096581 0.242595 -0.699077
v 0.087778 0.246070 -0.682165
v 0.085229 0.257307 -0.679732
v 0.075614 0.261825 -0.685988
v 0.079901 0.259855 -0.664442
v 0.083028 0.251631 -0.661893
v 0.084997 0.245723 -0.675794
v 0.091484 0.240858 -0.682165
v 0.096697 0.235761 -0.698962
v 0.099477 0.232633 -0.685756
v 0.102373 0.230548 -0.710314
v 0.101910 0.237498 -0.736638
v 0.102721 0.238425 -0.749612
v 0.105733 0.234718 -0.750423
v 0.106659 0.224756 -0.737681
v 0.106312 0.225104 -0.788650
v 0.100636 0.230780 -0.811470
v 0.097508 0.233560 -0.836144
v 0.100520 0.226146 -0.815640
v 0.102605 0.218385 -0.785754
v 0.104574 0.218848 -0.766525
v 0.108397 0.226030 -0.760269
v 0.104922 0.223134 -0.744979
v 0.107934 0.215373 -0.766061
v 0.106891 0.214331 -0.780541
v 0.106196 0.218848 -0.811702
v 0.102489 0.220702 -0.846917
v 0.092759 0.238193 -0.860470
v 0.089052 0.256148 -0.875529
v 0.086851 0.263910 -0.885375
v 0.084187 0.270049 -0.878888
v 0.081406 0.283834 -0.883869
v 0.086967 0.281865 -0.848538
v 0.087778 0.276189 -0.843789
v 0.090094 0.281980 -0.840082
v 0.088704 0.279780 -0.822359
v 0.081175 0.292290 -0.816104
v 0.081175 0.288699 -0.801971
v 0.080827 0.288004 -0.776023
v 0.075151 0.297850 -0.785522
v 0.074804 0.300978 -0.793283
v 0.081059 0.297850 -0.807763
v 0.081638 0.297735 -0.828614
v 0.084882 0.289510 -0.825255
v 0.080016 0.303295 -0.842051
v 0.079553 0.313604 -0.844136
v 0.077005 0.308971 -0.824560
v 0.071908 0.322987 -0.845758
v 0.075267 0.313952 -0.836607
v 0.071676 0.323451 -0.854214
v 0.075151 0.326115 -0.866146
v 0.061598 0.337120 -0.866378
v 0.067506 0.332023 -0.856184
v 0.069475 0.338857 -0.855952
v 0.061366 0.344649 -0.844136
v 0.066463 0.342564 -0.826297
v 0.061366 0.354611 -0.842167
v 0.057659 0.358666 -0.841820
v 0.054184 0.344881 -0.816104
v 0.053837 0.358550 -0.804404
v 0.042369 0.350789 -0.796758
v 0.038314 0.354959 -0.799770
v 0.032638 0.366543 -0.812049
v 0.026383 0.374420 -0.818999
v 0.020591 0.379748 -0.827919
v 0.015031 0.383919 -0.833479
v 0.024645 0.380559 -0.829888
v 0.031017 0.370250 -0.818073
v 0.036693 0.379980 -0.824096
v 0.047929 0.370481 -0.818536
v 0.045960 0.358434 -0.830468
v 0.042485 0.367933 -0.841936
v 0.032059 0.375926 -0.839735
v 0.042021 0.376273 -0.826761
v 0.030206 0.385656 -0.834059
v 0.025456 0.387625 -0.833595
v 0.004605 0.391680 -0.847380
v -0.001766 0.393649 -0.848423
v -0.019142 0.387857 -0.827108
v -0.027019 0.376389 -0.806026
v -0.030841 0.346966 -0.779267
v -0.031305 0.335150 -0.767451
v -0.035359 0.333760 -0.765366
v -0.046364 0.321366 -0.761775
v -0.041846 0.336309 -0.771506
v -0.042078 0.358434 -0.792820
v -0.033506 0.376852 -0.812628
v -0.026787 0.376157 -0.823749
v -0.014971 0.386004 -0.835449
v -0.025860 0.387857 -0.833827
v -0.027366 0.378127 -0.828151
v -0.032347 0.370134 -0.816567
v -0.042194 0.356581 -0.800813
v -0.045205 0.348124 -0.791430
v -0.046480 0.338973 -0.783205
v -0.044394 0.327505 -0.769305
v -0.057948 0.325768 -0.771158
v -0.060264 0.319281 -0.777298
v -0.057716 0.325420 -0.785059
v -0.066172 0.327621 -0.792009
v -0.055747 0.329474 -0.790387
v -0.059801 0.336888 -0.786217
v -0.055747 0.349862 -0.794789
v -0.051808 0.368512 -0.816683
v -0.057484 0.355191 -0.803825
v -0.055747 0.346850 -0.817957
v -0.057484 0.334919 -0.799075
v -0.069300 0.330517 -0.801971
v -0.069300 0.313604 -0.783089
v -0.073354 0.307928 -0.786680
v -0.073586 0.311867 -0.797801
v -0.079262 0.304337 -0.788186
v -0.077293 0.296345 -0.764439
v -0.071732 0.282791 -0.738028
v -0.081579 0.282560 -0.754825
v -0.079494 0.290089 -0.772664
v -0.077524 0.298082 -0.788766
v -0.078914 0.302947 -0.801044
v -0.084359 0.293912 -0.801044
v -0.085286 0.282560 -0.770347
v -0.081115 0.274567 -0.737797
v -0.087255 0.272598 -0.769305
v -0.088877 0.263794 -0.751118
v -0.088877 0.280590 -0.786796
v -0.083895 0.295649 -0.822475
v -0.084359 0.307697 -0.839735
v -0.079262 0.308392 -0.819463
v -0.081000 0.314068 -0.817494
v -0.073818 0.315690 -0.810196
v -0.069763 0.332255 -0.830815
v -0.067446 0.332255 -0.812165
v -0.069184 0.341869 -0.823633
v -0.063740 0.339205 -0.839040
v -0.065130 0.351136 -0.841009
v -0.064203 0.352526 -0.833016
v -0.049839 0.356465 -0.828151
v -0.056326 0.362604 -0.848423
v -0.059569 0.350905 -0.850392
v -0.063508 0.344765 -0.841704
v -0.071501 0.329590 -0.837186
v -0.077061 0.326115 -0.840545
v -0.075439 0.315921 -0.839040
v -0.076366 0.326578 -0.867073
v -0.071501 0.323567 -0.850623
v -0.073354 0.337351 -0.850971
v -0.065593 0.335382 -0.864061
v -0.065709 0.347082 -0.866493
v -0.050302 0.362373 -0.874370
v -0.048101 0.362720 -0.859891
v -0.038603 0.372219 -0.864177
v -0.032811 0.371640 -0.876456
v -0.035591 0.373146 -0.877614
v -0.026324 0.376042 -0.876803
v -0.032347 0.375462 -0.865335
v -0.043120 0.368975 -0.849813
v -0.046364 0.362952 -0.831163
v -0.040340 0.375926 -0.845758
v -0.038023 0.377895 -0.856068
v -0.026787 0.384266 -0.870084
v -0.025165 0.382065 -0.854562
v -0.036749 0.374304 -0.843557
v -0.023196 0.387857 -0.850739
v -0.018447 0.386120 -0.859311
v -0.016941 0.389711 -0.853404
v -0.008716 0.386120 -0.869389
v -0.011496 0.389595 -0.876340
v -0.008948 0.385772 -0.878656
v -0.023196 0.379864 -0.883985
v -0.040224 0.362604 -0.883058
v -0.053662 0.354148 -0.876803
v -0.056210 0.346966 -0.874139
v -0.060033 0.343143 -0.872749
v -0.069531 0.337236 -0.878772
v -0.061770 0.349051 -0.877961
v -0.046480 0.362257 -0.893600
v -0.044626 0.358434 -0.886186
v -0.027830 0.367354 -0.892557
v -0.017057 0.376389 -0.889198
v -0.008832 0.382413 -0.892094
v -0.003272 0.383571 -0.882942
v 0.005300 0.385656 -0.873444
v 0.008776 0.388089 -0.860006
v 0.016189 0.385193 -0.859196
v -0.023080 0.389595 -0.841125
v -0.036286 0.383803 -0.831394
v -0.036170 0.380907 -0.825255
v 0.016421 0.390406 -0.843789
v 0.024761 0.384266 -0.847148
v 0.022908 0.381718 -0.855141
v 0.021634 0.385656 -0.864756
v 0.010281 0.389595 -0.875876
v 0.006690 0.384382 -0.880973
v 0.003794 0.384034 -0.889545
v 0.000435 0.380212 -0.889429
v -0.008600 0.377663 -0.898465
v -0.006515 0.376505 -0.906689
v -0.027134 0.364226 -0.900202
v -0.046595 0.356001 -0.896148
v -0.055167 0.349978 -0.890588
v -0.068836 0.334455 -0.882827
v -0.075323 0.319976 -0.867768
v -0.079378 0.311867 -0.859311
v -0.079378 0.310593 -0.850508
v -0.082969 0.303063 -0.836259
v -0.085054 0.305380 -0.853404
v -0.081463 0.313025 -0.865451
v -0.077061 0.320902 -0.880047
v -0.079030 0.304106 -0.871822
v -0.083085 0.298777 -0.854214
v -0.087371 0.284297 -0.837302
v -0.090730 0.283023 -0.811354
v -0.094668 0.274798 -0.819810
v -0.092583 0.281285 -0.842746
v -0.088877 0.290205 -0.855257
v -0.083085 0.297850 -0.879351
v -0.086676 0.278274 -0.875760
v -0.091077 0.274914 -0.841125
v -0.096522 0.268659 -0.830352
v -0.100576 0.255685 -0.781468
v -0.092815 0.271092 -0.807995
v -0.092931 0.264952 -0.786680
v -0.092815 0.257307 -0.768957
v -0.088877 0.257539 -0.759343
v -0.088529 0.256380 -0.742546
v -0.084475 0.257307 -0.730846
v -0.093163 0.256843 -0.724128
v -0.079725 0.261245 -0.713934
v -0.072543 0.271092 -0.715555
v -0.067446 0.280822 -0.728529
v -0.059685 0.280127 -0.711009
v -0.067910 0.276304 -0.722506
v -0.063855 0.274798 -0.712167
v -0.057948 0.276536 -0.686451
v -0.061654 0.277694 -0.682397
v -0.063740 0.272366 -0.696761
v -0.074860 0.269470 -0.693401
v -0.069879 0.268891 -0.681007
v -0.063160 0.271671 -0.664326
v -0.057832 0.270281 -0.648919
v -0.074628 0.268080 -0.684018
v -0.081810 0.266690 -0.702321
v -0.079378 0.261130 -0.689231
v -0.087486 0.256843 -0.694328
v -0.081926 0.256148 -0.696529
v -0.088182 0.259276 -0.713470
v -0.088413 0.252210 -0.711240
v -0.083316 0.255685 -0.702900
v -0.096869 0.247808 -0.704290
v -0.093163 0.249546 -0.724591
v -0.097333 0.248735 -0.730962
v -0.100460 0.253832 -0.739534
v -0.103009 0.253600 -0.755983
v -0.106368 0.245491 -0.765482
v -0.105789 0.242595 -0.757026
v -0.100229 0.244565 -0.711240
v -0.102661 0.237614 -0.726676
v -0.100924 0.235993 -0.705912
v -0.091193 0.248040 -0.692590
v -0.104746 0.235529 -0.743820
v -0.108685 0.234139 -0.754014
v -0.110886 0.223482 -0.770926
v -0.104515 0.235877 -0.766293
v -0.103009 0.239468 -0.800118
v -0.098839 0.252905 -0.824328
v -0.099186 0.252905 -0.843441
v -0.102777 0.249198 -0.831510
v -0.108337 0.224756 -0.788534
v -0.104399 0.238078 -0.827340
v -0.101966 0.252442 -0.847496
v -0.096638 0.257423 -0.867883
v -0.087023 0.269238 -0.879815
v -0.075208 0.288815 -0.898928
v -0.083085 0.271092 -0.895221
v -0.091077 0.255222 -0.876803
v -0.100576 0.245723 -0.850739
v -0.100692 0.230780 -0.825371
v -0.103241 0.227768 -0.806836
v -0.105210 0.221976 -0.793052
v -0.106832 0.221744 -0.778803
v -0.104515 0.222092 -0.802782
v -0.108453 0.220123 -0.805562
v -0.098839 0.233328 -0.846222
v -0.091425 0.243175 -0.878772
v -0.080884 0.262520 -0.900087
v -0.069647 0.289742 -0.911439
v -0.067678 0.303295 -0.909817
v -0.077061 0.307002 -0.894179
v -0.072775 0.319165 -0.886418
v -0.073238 0.329474 -0.883058
v -0.061770 0.344881 -0.891051
v -0.050186 0.352874 -0.901013
v -0.041846 0.354727 -0.906110
v -0.052040 0.343028 -0.905184
v -0.061770 0.333297 -0.906921
v -0.061770 0.319628 -0.916420
v -0.038834 0.354496 -0.918273
v -0.031073 0.360403 -0.913292
v -0.024934 0.360635 -0.916536
v -0.036286 0.342912 -0.918042
v -0.048565 0.331791 -0.916420
v -0.045437 0.330517 -0.920590
v -0.049028 0.316964 -0.923370
v -0.054357 0.304917 -0.928004
v -0.044742 0.314184 -0.933564
v -0.028525 0.337120 -0.933680
v -0.020532 0.352874 -0.924529
v -0.013002 0.358318 -0.918389
v -0.016941 0.362604 -0.912945
v -0.008716 0.369902 -0.905879
v -0.005588 0.368280 -0.912829
v 0.005764 0.371408 -0.904952
v 0.002752 0.375694 -0.907384
v -0.000839 0.375347 -0.902635
v 0.009586 0.376505 -0.901245
v 0.004721 0.380443 -0.893947
v 0.017116 0.380328 -0.886881
v 0.018738 0.374420 -0.887113
v 0.028816 0.376157 -0.881784
v 0.015031 0.379980 -0.879699
v 0.013525 0.388320 -0.877266
v 0.037272 0.376852 -0.849813
v 0.022445 0.383455 -0.872633
v 0.034144 0.374188 -0.859543
v 0.026731 0.376273 -0.870084
v 0.027310 0.374420 -0.878888
v 0.032175 0.373377 -0.877730
v 0.051868 0.358666 -0.875413
v 0.036461 0.366659 -0.871706
v 0.043527 0.363068 -0.865451
v 0.038314 0.370481 -0.852245
v 0.051868 0.362604 -0.853983
v 0.053953 0.354959 -0.852129
v 0.057312 0.352410 -0.871127
v 0.034723 0.374188 -0.843557
v 0.059976 0.349283 -0.873907
v 0.058007 0.343375 -0.869853
v 0.059629 0.345113 -0.875413
v 0.053953 0.348819 -0.874718
v 0.054300 0.349514 -0.871474
v 0.048392 0.355075 -0.877846
v 0.044570 0.356465 -0.882016
v 0.053837 0.354496 -0.883869
v 0.069243 0.331559 -0.885607
v 0.069475 0.329359 -0.879699
v 0.071676 0.323914 -0.873791
v 0.075267 0.317311 -0.863482
v 0.077352 0.310477 -0.852593
v 0.081986 0.305380 -0.855605
v 0.075035 0.321829 -0.879583
v 0.069938 0.321366 -0.886649
v 0.073298 0.314300 -0.879815
v 0.075267 0.306307 -0.878541
v 0.079437 0.301557 -0.859427
v 0.081175 0.295765 -0.851666
v 0.084882 0.284761 -0.825023
v 0.084534 0.285803 -0.842167
v 0.088125 0.287309 -0.853404
v 0.081059 0.288352 -0.875529
v 0.078858 0.299820 -0.883058
v 0.071328 0.309782 -0.901245
v 0.077120 0.286498 -0.889661
v 0.079090 0.273061 -0.896959
v 0.077236 0.265068 -0.899160
v 0.081175 0.256612 -0.895453
v 0.092643 0.237267 -0.872980
v 0.092759 0.230316 -0.867883
v 0.084997 0.241205 -0.886186
v 0.073645 0.259855 -0.904720
v 0.078510 0.233212 -0.903678
v 0.091021 0.228347 -0.882247
v 0.098435 0.224524 -0.866030
v 0.102257 0.215605 -0.844368
v 0.103300 0.214099 -0.810659
v 0.108281 0.207728 -0.795948
v 0.106428 0.205759 -0.831510
v 0.102721 0.201820 -0.815061
v 0.101678 0.202399 -0.832089
v 0.104343 0.196723 -0.807184
v 0.108165 0.193016 -0.807647
v 0.108629 0.187688 -0.789345
v 0.104458 0.186298 -0.796063
v 0.102489 0.183633 -0.815061
v 0.107586 0.182359 -0.790967
v 0.110366 0.183865 -0.764787
v 0.108397 0.202283 -0.767799
v 0.110829 0.204021 -0.767915
v 0.104806 0.212825 -0.731541
v 0.110134 0.207033 -0.751118
v 0.108397 0.193132 -0.748917
v 0.107007 0.203558 -0.731541
v 0.108397 0.207844 -0.716482
v 0.106080 0.214215 -0.727024
v 0.102837 0.222671 -0.725865
v 0.100752 0.224061 -0.714629
v 0.102257 0.227420 -0.686219
v 0.105269 0.209697 -0.699541
v 0.104690 0.204832 -0.708460
v 0.108860 0.195101 -0.721579
v 0.112104 0.177841 -0.752856
v 0.108165 0.185139 -0.722506
v 0.108744 0.177378 -0.768494
v 0.106428 0.176104 -0.778108
v 0.107934 0.169154 -0.783089
v 0.106543 0.174714 -0.788766
v 0.106312 0.174598 -0.805910
v 0.103532 0.178652 -0.821316
v 0.102837 0.188267 -0.827224
v 0.098319 0.204948 -0.851203
v 0.102952 0.206222 -0.846801
v 0.096350 0.215952 -0.870779
v 0.094844 0.220933 -0.865798
v 0.087430 0.223134 -0.889082
v 0.075614 0.218385 -0.900666
v 0.071792 0.236919 -0.914682
v 0.067969 0.226841 -0.908775
v 0.065421 0.258813 -0.920474
v 0.060324 0.250241 -0.928004
v 0.063451 0.235297 -0.916767
v 0.067506 0.210856 -0.912829
v 0.060555 0.219312 -0.924065
v 0.049898 0.214099 -0.923370
v 0.057428 0.196260 -0.917462
v 0.052563 0.199156 -0.926150
v 0.044917 0.210856 -0.931711
v 0.044454 0.216763 -0.928351
v 0.036461 0.230432 -0.933912
v 0.039936 0.214099 -0.932058
v 0.056038 0.181896 -0.914219
v 0.074109 0.190120 -0.898928
v 0.078974 0.194175 -0.896496
v 0.083144 0.201704 -0.889198
v 0.090094 0.210740 -0.873907
v 0.092759 0.190236 -0.855605
v 0.096350 0.175756 -0.849465
v 0.084766 0.194406 -0.885028
v 0.077468 0.201704 -0.895106
v 0.082912 0.184676 -0.882132
v 0.087198 0.173671 -0.865683
v 0.085461 0.176451 -0.880973
v 0.079437 0.187688 -0.896843
v 0.075035 0.169501 -0.882247
v 0.087314 0.168690 -0.873907
v 0.092411 0.166605 -0.858732
v 0.091021 0.170775 -0.857342
v 0.096697 0.166026 -0.828962
v 0.100288 0.158960 -0.802319
v 0.100520 0.162435 -0.793862
v 0.104574 0.164172 -0.768610
v 0.110714 0.171239 -0.748222
v 0.112220 0.181085 -0.719494
v 0.108281 0.167995 -0.736175
v 0.106312 0.174250 -0.714281
v 0.110250 0.161856 -0.753087
v 0.110134 0.154790 -0.773475
v 0.093338 0.147839 -0.831858
v 0.090905 0.152241 -0.834869
v 0.083260 0.156064 -0.858269
v 0.086503 0.147608 -0.859080
v 0.088473 0.137645 -0.837881
v 0.094496 0.141468 -0.811470
v 0.106891 0.149113 -0.783553
v 0.098666 0.134981 -0.789924
v 0.108513 0.151314 -0.755752
v 0.108860 0.145522 -0.748570
v 0.106543 0.157222 -0.743936
v 0.110366 0.163941 -0.733279
v 0.106543 0.171934 -0.710314
v 0.108976 0.178884 -0.696761
v 0.114536 0.180622 -0.698846
v 0.114420 0.181085 -0.708113
v 0.104690 0.191395 -0.706607
v 0.104806 0.197882 -0.701626
v 0.108629 0.188730 -0.697687
v 0.112220 0.188499 -0.688999
v 0.110250 0.194638 -0.690158
v 0.102837 0.200778 -0.692243
v 0.102489 0.201357 -0.698962
v 0.107123 0.208191 -0.666063
v 0.110250 0.202515 -0.642664
v 0.108397 0.212361 -0.623666
v 0.107934 0.191047 -0.666758
v 0.109671 0.183170 -0.685988
v 0.108513 0.174945 -0.695718
v 0.109671 0.180158 -0.685408
v 0.113725 0.177494 -0.685756
v 0.108744 0.183054 -0.675099
v 0.112104 0.181896 -0.652394
v 0.116158 0.167068 -0.692127
v 0.116042 0.167532 -0.704058
v 0.114305 0.162667 -0.722274
v 0.114536 0.165678 -0.722274
v 0.106659 0.156875 -0.727603
v 0.112104 0.148418 -0.728066
v 0.108744 0.153863 -0.717641
v 0.106891 0.158960 -0.693054
v 0.108397 0.163593 -0.678111
v 0.106428 0.174598 -0.648456
v 0.111409 0.201125 -0.621813
v 0.108513 0.228926 -0.594243
v 0.107818 0.221513 -0.613704
v 0.110366 0.215373 -0.630269
v 0.108397 0.214562 -0.676836
v 0.108629 0.220933 -0.647877
v 0.108744 0.222787 -0.625056
v 0.112104 0.228579 -0.618454
v 0.108629 0.222324 -0.653900
v 0.101910 0.232170 -0.646487
v 0.098898 0.229390 -0.662588
v 0.100752 0.217806 -0.676489
v 0.098782 0.227189 -0.673477
v 0.102373 0.231011 -0.669886
v 0.102605 0.235993 -0.675446
v 0.093222 0.241437 -0.664789
v 0.085345 0.249314 -0.652974
v 0.077815 0.258118 -0.655754
v 0.076425 0.266574 -0.659461
v 0.072719 0.264836 -0.638030
v 0.077005 0.256959 -0.644286
v 0.089631 0.249546 -0.653321
v 0.074688 0.263446 -0.628995
v 0.079901 0.260898 -0.630269
v 0.070170 0.264952 -0.617990
v 0.067042 0.267501 -0.636640
v 0.061366 0.268312 -0.639189
v 0.058239 0.272598 -0.634439
v 0.057196 0.270281 -0.649846
v 0.053373 0.272134 -0.637451
v 0.062061 0.268659 -0.629574
v 0.064726 0.273408 -0.615094
v 0.054068 0.280590 -0.596560
v 0.050593 0.288467 -0.585324
v 0.043759 0.286614 -0.593780
v 0.038662 0.286614 -0.591347
v 0.038199 0.296460 -0.569454
v 0.039125 0.290437 -0.583239
v 0.042600 0.293912 -0.581038
v 0.046423 0.290437 -0.580690
v 0.046191 0.296229 -0.567253
v 0.038546 0.303874 -0.559260
v 0.028468 0.301210 -0.570612
v 0.028468 0.309898 -0.559260
v 0.035650 0.311288 -0.550804
v 0.033102 0.321713 -0.549530
v 0.031596 0.327389 -0.541768
v 0.036229 0.322061 -0.545939
v 0.036693 0.319860 -0.540147
v 0.037619 0.313836 -0.545591
v 0.048624 0.324146 -0.536556
v 0.038430 0.327273 -0.531690
v 0.021054 0.323682 -0.543738
v 0.023255 0.308160 -0.559723
v 0.013177 0.315921 -0.553931
v 0.014915 0.307813 -0.563199
v 0.038430 0.340827 -0.514199
v 0.041442 0.333297 -0.524277
v 0.045265 0.337120 -0.526362
v 0.042137 0.339089 -0.516400
v 0.040863 0.350905 -0.508523
v 0.054184 0.343723 -0.516747
v 0.057428 0.320902 -0.531922
v 0.058123 0.323567 -0.524277
v 0.060440 0.308276 -0.532270
v 0.055227 0.305264 -0.547676
v 0.048508 0.313720 -0.547560
v 0.053721 0.299704 -0.554626
v 0.053489 0.290668 -0.574087
v 0.058007 0.284992 -0.584165
v 0.058239 0.282212 -0.596792
v 0.061946 0.277579 -0.593432
v 0.066116 0.269470 -0.608723
v 0.070054 0.270976 -0.600499
v 0.062293 0.278621 -0.584860
v 0.059976 0.284761 -0.575362
v 0.066695 0.284181 -0.579184
v 0.077352 0.267037 -0.609071
v 0.079205 0.262867 -0.610113
v 0.087198 0.253368 -0.617411
v 0.089399 0.257654 -0.606870
v 0.077584 0.269238 -0.596908
v 0.075730 0.278737 -0.581154
v 0.069591 0.280938 -0.575825
v 0.070170 0.284761 -0.561693
v 0.067390 0.290089 -0.563314
v 0.058123 0.292522 -0.564936
v 0.053953 0.296345 -0.555437
v 0.059513 0.297850 -0.545475
v 0.065421 0.294723 -0.551615
v 0.065305 0.301441 -0.541073
v 0.065073 0.309203 -0.535281
v 0.071676 0.314415 -0.518948
v 0.073645 0.307813 -0.516631
v 0.072487 0.298082 -0.538293
v 0.069823 0.288236 -0.559260
v 0.076773 0.278389 -0.564704
v 0.077468 0.286382 -0.541653
v 0.076889 0.300978 -0.523582
v 0.081175 0.299820 -0.514430
v 0.081291 0.307928 -0.500646
v 0.079205 0.314068 -0.503310
v 0.073182 0.321829 -0.505627
v 0.069707 0.323335 -0.508638
v 0.066232 0.336425 -0.507943
v 0.055806 0.336772 -0.514083
v 0.059860 0.344649 -0.502615
v 0.057659 0.357044 -0.495549
v 0.051868 0.359361 -0.485818
v 0.057775 0.356233 -0.490452
v 0.054300 0.354843 -0.491263
v 0.065537 0.344765 -0.500761
v 0.061830 0.362257 -0.465749
v 0.054068 0.365964 -0.443740
v 0.068317 0.376852 -0.430303
v 0.064262 0.393533 -0.432156
v 0.085345 0.382876 -0.418603
v 0.112567 0.400252 -0.395319
v 0.092759 0.335730 -0.408409
v 0.114768 0.355538 -0.395667
v 0.133186 0.373609 -0.384199
v 0.141527 0.416006 -0.366475
v 0.153342 0.426779 -0.343076
v 0.151836 0.384034 -0.361842
v 0.141643 0.376968 -0.375858
v 0.154848 0.358666 -0.360915
v 0.168865 0.389942 -0.331260
v 0.166895 0.414963 -0.325121
v 0.152763 0.457360 -0.323615
v 0.167822 0.444386 -0.301374
v 0.170602 0.412299 -0.317244
v 0.176278 0.421682 -0.301606
v 0.184271 0.434772 -0.266738
v 0.205006 0.393533 -0.253880
v 0.190295 0.413805 -0.276584
v 0.191569 0.377779 -0.293149
v 0.173035 0.335035 -0.330797
v 0.149635 0.326926 -0.366128
v 0.141643 0.335614 -0.377828
v 0.134808 0.327389 -0.380724
v 0.119981 0.330401 -0.389643
v 0.119633 0.298198 -0.378291
v 0.107586 0.321597 -0.393929
v 0.099941 0.325304 -0.399489
v 0.087314 0.343375 -0.416749
v 0.080016 0.351136 -0.425206
v 0.073066 0.348472 -0.428449
v 0.072371 0.336541 -0.424395
v 0.079090 0.332834 -0.420572
v 0.082449 0.327042 -0.416054
v 0.081291 0.320902 -0.413390
v 0.089283 0.321597 -0.443971
v 0.085113 0.323567 -0.446172
v 0.088936 0.317659 -0.455324
v 0.098666 0.294607 -0.472120
v 0.098551 0.296576 -0.444319
v 0.088936 0.313836 -0.441423
v 0.096581 0.302136 -0.438064
v 0.102257 0.283950 -0.442002
v 0.083260 0.315458 -0.409220
v 0.089168 0.299820 -0.400995
v 0.102952 0.311172 -0.391265
v 0.110714 0.305148 -0.383504
v 0.092990 0.293680 -0.389643
v 0.101678 0.284876 -0.377364
v 0.127858 0.299472 -0.375627
v 0.131912 0.311172 -0.375974
v 0.137820 0.314995 -0.375858
v 0.142222 0.293333 -0.363927
v 0.142222 0.273640 -0.354312
v 0.135040 0.294491 -0.368908
v 0.184503 0.295997 -0.303227
v 0.203848 0.249777 -0.249594
v 0.227363 0.285919 -0.215161
v 0.225046 0.213404 -0.179598
v 0.234082 0.245260 -0.154114
v 0.227132 0.187224 -0.134074
v 0.233387 0.251978 -0.108705
v 0.236775 0.307002 -0.129093
v 0.230143 0.322987 -0.208790
v 0.233850 0.341753 -0.158052
v 0.227132 0.355770 -0.206473
v 0.234893 0.334108 -0.130830
v 0.227479 0.352295 -0.106041
v 0.233155 0.312678 -0.100133
v 0.231302 0.274567 -0.090403
v 0.221571 0.257654 -0.072911
v 0.219718 0.257886 -0.065150
v 0.215432 0.284413 -0.063296
v 0.210219 0.306422 -0.061211
v 0.216127 0.305380 -0.065961
v 0.221455 0.283371 -0.070710
v 0.226089 0.317659 -0.080093
v 0.225510 0.335614 -0.088897
v 0.221687 0.347082 -0.089939
v 0.215779 0.343028 -0.080904
v 0.211725 0.320555 -0.065381
v 0.198751 0.309898 -0.059474
v 0.200373 0.328316 -0.065034
v 0.203037 0.343028 -0.053798
v 0.211378 0.362952 -0.042561
v 0.210103 0.377432 -0.016150
v 0.210914 0.376737 -0.003524
v 0.208134 0.387741 0.008755
v 0.208134 0.399325 0.026479
v 0.202110 0.393302 0.037020
v 0.197477 0.382760 0.039453
v 0.196782 0.390290 0.056133
v 0.193654 0.381138 0.055091
v 0.192264 0.397588 0.088684
v 0.190411 0.385193 0.089032
v 0.185198 0.388552 0.098183
v 0.180564 0.381138 0.089727
v 0.188210 0.385656 0.083240
v 0.190295 0.371408 0.046866
v 0.190295 0.369323 0.028216
v 0.195971 0.373609 0.028332
v 0.197245 0.376737 0.024046
v 0.204196 0.386930 0.021961
v 0.202110 0.385309 0.013505
v 0.203964 0.375926 -0.002944
v 0.200836 0.363415 -0.011285
v 0.192148 0.356233 -0.010242
v 0.184503 0.360403 0.019181
v 0.183345 0.360635 0.043970
v 0.176163 0.364921 0.070961
v 0.176858 0.369555 0.086136
v 0.170371 0.351831 0.107797
v 0.154964 0.335266 0.147183
v 0.158323 0.340942 0.148109
v 0.151836 0.328432 0.147530
v 0.167359 0.323335 0.145098
v 0.171066 0.344070 0.147067
v 0.173498 0.329822 0.149268
v 0.166432 0.315690 0.146256
v 0.156933 0.311635 0.144750
v 0.145465 0.321250 0.145561
v 0.143264 0.324725 0.143244
v 0.151373 0.328548 0.137916
v 0.147087 0.329243 0.128069
v 0.141874 0.320555 0.138031
v 0.145697 0.311983 0.139190
v 0.148593 0.328779 0.123436
v 0.153342 0.337004 0.117875
v 0.164463 0.348124 0.102932
v 0.157397 0.341753 0.107102
v 0.154964 0.336888 0.111852
v 0.157165 0.319976 0.122046
v 0.161104 0.345923 0.100847
v 0.164231 0.350905 0.096793
v 0.170139 0.362720 0.084861
v 0.170718 0.351484 0.081155
v 0.162378 0.325883 0.078838
v 0.158671 0.312099 0.092738
v 0.157165 0.311404 0.119729
v 0.148130 0.306075 0.135251
v 0.152879 0.300167 0.147530
v 0.142106 0.299588 0.140348
v 0.132260 0.278042 0.112894
v 0.146392 0.291711 0.107450
v 0.148593 0.298777 0.095055
v 0.169676 0.324841 0.063779
v 0.172456 0.324493 0.052427
v 0.168633 0.316732 0.052195
v 0.162725 0.307118 0.059724
v 0.154732 0.299936 0.070845
v 0.168170 0.305959 0.050805
v 0.179869 0.319976 0.020687
v 0.182186 0.322408 -0.004682
v 0.184271 0.351484 0.002384
v 0.190179 0.342332 -0.021363
v 0.205586 0.365964 -0.019162
v 0.201879 0.358666 -0.028661
v 0.207787 0.351831 -0.041171
v 0.191106 0.320207 -0.063412
v 0.184966 0.311983 -0.061559
v 0.192264 0.340247 -0.043488
v 0.176047 0.294839 -0.047658
v 0.178711 0.303411 -0.059242
v 0.174425 0.295997 -0.057389
v 0.175931 0.296924 -0.036769
v 0.180912 0.317775 -0.032136
v 0.186472 0.325883 -0.013370
v 0.175120 0.300283 0.011883
v 0.156702 0.278505 0.037252
v 0.150678 0.285456 0.072351
v 0.139094 0.284645 0.082660
v 0.146739 0.276536 0.065516
v 0.149172 0.272250 0.044550
v 0.138283 0.268659 0.056481
v 0.137820 0.272018 0.066327
v 0.139557 0.268312 0.036788
v 0.141295 0.264025 0.022772
v 0.163189 0.280590 0.012810
v 0.166780 0.289626 -0.010011
v 0.155080 0.275609 -0.002713
v 0.147203 0.267616 0.009335
v 0.145349 0.256264 0.010609
v 0.161104 0.271439 -0.013138
v 0.172803 0.284992 -0.021942
v 0.174541 0.301094 -0.014065
v 0.178248 0.297735 -0.022521
v 0.126236 0.278042 0.087873
v 0.121602 0.272829 0.102701
v 0.094033 0.257307 0.132587
v 0.135619 0.295418 0.146372
v 0.146392 0.291016 0.151005
v 0.140600 0.286846 0.152975
v 0.145118 0.281980 0.147298
v 0.153342 0.278042 0.148225
v 0.159482 0.270628 0.145793
v 0.157860 0.287425 0.148804
v 0.158787 0.292754 0.141275
v 0.166432 0.308276 0.147298
v 0.173498 0.310593 0.145329
v 0.180449 0.325188 0.147530
v 0.178943 0.340942 0.153206
v 0.187051 0.329590 0.141622
v 0.180564 0.356001 0.156681
v 0.177900 0.354727 0.150079
v 0.185082 0.376852 0.157145
v 0.178943 0.387394 0.159230
v 0.195508 0.381602 0.169192
v 0.191337 0.372451 0.162821
v 0.186588 0.362373 0.159230
v 0.184387 0.363879 0.158767
v 0.184271 0.356117 0.157608
v 0.186009 0.343838 0.153554
v 0.192264 0.331096 0.151005
v 0.187978 0.326810 0.143244
v 0.190758 0.332486 0.153901
v 0.183460 0.323103 0.153206
v 0.191569 0.331328 0.158767
v 0.177089 0.304222 0.146951
v 0.175352 0.300862 0.140927
v 0.168749 0.295302 0.142665
v 0.160988 0.290668 0.145908
v 0.164347 0.285340 0.141275
v 0.168749 0.291595 0.143707
v 0.169328 0.292754 0.146719
v 0.174772 0.287657 0.143707
v 0.166085 0.275957 0.143476
v 0.164926 0.268312 0.143244
v 0.167359 0.256843 0.146835
v 0.159829 0.258118 0.147067
v 0.167359 0.256380 0.158767
v 0.170371 0.265068 0.148689
v 0.174657 0.268196 0.148920
v 0.173846 0.279895 0.146835
v 0.178479 0.275841 0.135367
v 0.180796 0.273408 0.135830
v 0.184735 0.276420 0.134556
v 0.180564 0.289742 0.143244
v 0.184619 0.275725 0.138495
v 0.178479 0.277115 0.147414
v 0.182650 0.275957 0.158767
v 0.182650 0.287541 0.154828
v 0.188557 0.295302 0.156334
v 0.189136 0.289163 0.158651
v 0.192727 0.283486 0.164327
v 0.190874 0.272598 0.156913
v 0.182765 0.270512 0.157956
v 0.178943 0.268080 0.158998
v 0.177437 0.256612 0.157608
v 0.182534 0.261593 0.158998
v 0.184155 0.259392 0.150426
v 0.186704 0.264025 0.149963
v 0.188557 0.260203 0.149036
v 0.195739 0.269007 0.167223
v 0.192496 0.268196 0.172204
v 0.197824 0.265995 0.173710
v 0.200025 0.269817 0.170350
v 0.198172 0.286267 0.170582
v 0.200373 0.278274 0.159462
v 0.202226 0.293101 0.176142
v 0.207671 0.293101 0.183093
v 0.202110 0.267732 0.185294
v 0.176163 0.248503 0.151237
v 0.172340 0.248966 0.152859
v 0.204427 0.301326 0.171161
v 0.214737 0.335730 0.193055
v 0.226900 0.354496 0.218076
v 0.234893 0.363763 0.244053
v 0.234893 0.359013 0.254594
v 0.236428 0.381370 0.272549
v 0.235588 0.390058 0.248223
v 0.232692 0.403727 0.292821
v 0.229217 0.345923 0.300814
v 0.223193 0.310709 0.296180
v 0.222846 0.335150 0.322591
v 0.205817 0.299936 0.337071
v 0.196434 0.276420 0.340778
v 0.188905 0.293101 0.352594
v 0.200373 0.328895 0.362208
v 0.208250 0.318470 0.345991
v 0.200605 0.339205 0.367074
v 0.187631 0.319744 0.368232
v 0.175583 0.285803 0.357922
v 0.197593 0.256728 0.342979
v 0.193654 0.345228 0.375993
v 0.185777 0.361098 0.387693
v 0.185893 0.386930 0.395454
v 0.189600 0.412878 0.394527
v 0.200025 0.406160 0.380279
v 0.213578 0.350210 0.352478
v 0.223425 0.355075 0.329542
v 0.211609 0.423420 0.359081
v 0.207439 0.443460 0.363714
v 0.185777 0.460488 0.388735
v 0.176510 0.452495 0.398929
v 0.186704 0.443112 0.389662
v 0.194349 0.427706 0.383523
v 0.212304 0.393533 0.359544
v -0.121659 0.597091 0.559279
v -0.113550 0.582350 0.565882
v -0.110307 0.577833 0.585111
v -0.103936 0.573315 0.584184
v -0.098144 0.576558 0.586269
v -0.105326 0.573547 0.587775
v -0.108453 0.595904 0.584184
v -0.112392 0.593008 0.584069
v -0.114361 0.582235 0.594726
v -0.106484 0.563237 0.598664
v -0.107990 0.551885 0.587312
v -0.114129 0.558024 0.584995
v -0.110307 0.565090 0.578277
v -0.112160 0.570767 0.573296
v -0.115983 0.575632 0.581288
v -0.114940 0.572736 0.585111
v -0.112739 0.563005 0.588355
v -0.106368 0.560109 0.590787
v -0.095364 0.061395 -0.612893
v -0.100460 0.065796 -0.612893
v -0.093394 0.052012 -0.629922
v -0.088413 0.050390 -0.628763
v -0.082969 0.040428 -0.641158
v -0.073586 0.036026 -0.641506
v -0.067215 0.030350 -0.652974
v -0.054357 0.026643 -0.663515
v -0.047175 0.020851 -0.661314
v -0.043815 0.021662 -0.659461
v -0.025976 0.018650 -0.648224
v -0.030030 0.014132 -0.685524
v -0.024354 0.018882 -0.682628
v -0.020532 0.018882 -0.682512
v -0.021227 0.022704 -0.702089
v -0.029335 0.016797 -0.702784
v -0.038487 0.018766 -0.688768
v -0.045205 0.024442 -0.682860
v -0.048912 0.022704 -0.686798
v -0.041730 0.026643 -0.703363
v -0.036749 0.020851 -0.706491
v -0.036402 0.026180 -0.720768
v -0.040224 0.026527 -0.713355
v -0.044047 0.025253 -0.715208
v -0.054472 0.026527 -0.696992
v -0.065014 0.030697 -0.685524
v -0.072775 0.031508 -0.662472
v -0.077756 0.036142 -0.652626
v -0.079725 0.047726 -0.645907
v -0.083316 0.049116 -0.633513
v -0.087371 0.052012 -0.632586
v -0.083548 0.050158 -0.638378
v -0.088761 0.047494 -0.653437
v -0.075439 0.041470 -0.655406
v -0.073354 0.034752 -0.668148
v -0.069647 0.034057 -0.674867
v -0.069647 0.032319 -0.694444
v -0.058063 0.030002 -0.695602
v -0.059106 0.028960 -0.703479
v -0.051808 0.030350 -0.727371
v -0.059685 0.034057 -0.707649
v -0.067099 0.035331 -0.701394
v -0.070458 0.036721 -0.693517
v -0.077640 0.040196 -0.692243
v -0.083432 0.047726 -0.667801
v -0.087139 0.053286 -0.653089
v -0.089224 0.047726 -0.675794
v -0.085517 0.050622 -0.678806
v -0.087371 0.054908 -0.672666
v -0.082042 0.046567 -0.693749
v -0.071617 0.045872 -0.715671
v -0.077640 0.046220 -0.713702
v -0.070111 0.047726 -0.729456
v -0.061886 0.043787 -0.727603
v -0.067910 0.049695 -0.731078
v -0.060264 0.051896 -0.754709
v -0.059685 0.047494 -0.743588
v -0.063740 0.036489 -0.721463
v -0.067099 0.035099 -0.709271
v -0.057137 0.034520 -0.717061
v -0.049491 0.036373 -0.730499
v -0.048680 0.040196 -0.738955
v -0.046132 0.041702 -0.743125
v -0.049376 0.046104 -0.754941
v -0.041962 0.041123 -0.766409
v -0.045437 0.044598 -0.753319
v -0.041730 0.047610 -0.763860
v -0.051576 0.047726 -0.772432
v -0.056326 0.042281 -0.758879
v -0.058411 0.038343 -0.745326
v -0.055631 0.051317 -0.766409
v -0.061423 0.054560 -0.779498
v -0.045437 0.063595 -0.811817
v -0.024007 0.092903 -0.859775
v -0.034201 0.093714 -0.854214
v -0.024586 0.100432 -0.867420
v -0.021111 0.123976 -0.879236
v -0.012770 0.147376 -0.901129
v -0.010338 0.155253 -0.906458
v -0.002577 0.162667 -0.910628
v -0.000839 0.152125 -0.910280
v -0.000028 0.141352 -0.900897
v 0.007154 0.139267 -0.895106
v 0.009123 0.155369 -0.906458
v -0.000839 0.177610 -0.924876
v -0.009759 0.175525 -0.925919
v -0.012770 0.178884 -0.924760
v -0.007094 0.187224 -0.925687
v 0.009123 0.173324 -0.925455
v 0.009818 0.179927 -0.924297
v 0.013062 0.181201 -0.926730
v 0.002752 0.202052 -0.933796
v 0.022445 0.183054 -0.927309
v 0.022445 0.161508 -0.916188
v 0.021170 0.153979 -0.909701
v 0.012830 0.144480 -0.898697
v 0.014915 0.131853 -0.886881
v 0.005764 0.129305 -0.893020
v -0.003619 0.133128 -0.896843
v -0.011496 0.135097 -0.891167
v -0.010685 0.122471 -0.884680
v -0.016477 0.107151 -0.873907
v -0.008253 0.112132 -0.869621
v 0.007270 0.110047 -0.868810
v 0.006922 0.122355 -0.883985
v 0.014915 0.108193 -0.875181
v 0.021170 0.109815 -0.869505
v 0.033797 0.111089 -0.862555
v 0.031132 0.097073 -0.853751
v 0.020244 0.098926 -0.867188
v 0.020939 0.093482 -0.860238
v 0.040168 0.084562 -0.838345
v 0.042137 0.092555 -0.832553
v 0.040979 0.104602 -0.848307
v 0.040631 0.116186 -0.871590
v 0.032522 0.133359 -0.890935
v 0.026267 0.143785 -0.898928
v 0.023255 0.155369 -0.906458
v 0.031943 0.145870 -0.896611
v 0.034376 0.149345 -0.906574
v 0.037272 0.139383 -0.889198
v 0.032522 0.137066 -0.889314
v 0.038430 0.131738 -0.883174
v 0.055922 0.122586 -0.872054
v 0.054648 0.129884 -0.885143
v 0.052099 0.139383 -0.893020
v 0.059860 0.126988 -0.879583
v 0.071792 0.110394 -0.846453
v 0.067274 0.110394 -0.845642
v 0.050593 0.112248 -0.861860
v 0.063915 0.102170 -0.834985
v 0.065652 0.104487 -0.832668
v 0.073993 0.100896 -0.809501
v 0.067969 0.093598 -0.814366
v 0.077120 0.096610 -0.793515
v 0.079901 0.097420 -0.798959
v 0.080480 0.093134 -0.781236
v 0.085345 0.092439 -0.771737
v 0.082333 0.094988 -0.800002
v 0.086967 0.096957 -0.806026
v 0.093106 0.092787 -0.778803
v 0.083607 0.090933 -0.761196
v 0.080827 0.089543 -0.770231
v 0.080943 0.082130 -0.789692
v 0.067853 0.084910 -0.809153
v 0.048161 0.087574 -0.824212
v 0.049551 0.073673 -0.821664
v 0.038314 0.075179 -0.830236
v 0.045960 0.069040 -0.815061
v 0.059629 0.069156 -0.809037
v 0.057775 0.082477 -0.809037
v 0.061598 0.080740 -0.801276
v 0.071676 0.081203 -0.781815
v 0.087778 0.077496 -0.762702
v 0.086851 0.082130 -0.773011
v 0.083028 0.087690 -0.758763
v 0.092759 0.076801 -0.742662
v 0.087198 0.088501 -0.743357
v 0.099361 0.092555 -0.736522
v 0.096929 0.096957 -0.772780
v 0.100056 0.102517 -0.756794
v 0.093106 0.113406 -0.774749
v 0.103300 0.104371 -0.710430
v 0.097508 0.108309 -0.744399
v 0.094960 0.115375 -0.756794
v 0.093338 0.113174 -0.787028
v 0.101331 0.117345 -0.781468
v 0.091600 0.119198 -0.778340
v 0.095307 0.122239 -0.782047
v 0.088704 0.116534 -0.789345
v 0.087083 0.120125 -0.797338
v 0.085229 0.116302 -0.807879
v 0.090326 0.110626 -0.800929
v 0.089283 0.104718 -0.797917
v 0.083028 0.107614 -0.813092
v 0.081059 0.103792 -0.823054
v 0.079321 0.113985 -0.827224
v 0.084650 0.116302 -0.822011
v 0.083376 0.121775 -0.819463
v 0.079090 0.124092 -0.843441
v 0.073298 0.121775 -0.846222
v 0.069012 0.119893 -0.860586
v 0.061482 0.131043 -0.873560
v 0.069359 0.131738 -0.865567
v 0.077236 0.129421 -0.846106
v 0.061135 0.136140 -0.878425
v 0.053721 0.145870 -0.890009
v 0.044222 0.151083 -0.901013
v 0.026499 0.182127 -0.922328
v 0.018622 0.202168 -0.940167
v 0.018738 0.206569 -0.934259
v 0.015494 0.197650 -0.940051
v 0.010976 0.208191 -0.943526
v 0.011903 0.218501 -0.937966
v 0.005300 0.212130 -0.940746
v -0.003272 0.210392 -0.938313
v -0.014161 0.197997 -0.933912
v -0.010106 0.187919 -0.928351
v -0.013466 0.210508 -0.943526
v 0.010745 0.225451 -0.939935
v 0.027194 0.209002 -0.930205
v 0.038546 0.197882 -0.922096
v 0.050709 0.176220 -0.908543
v 0.049782 0.159423 -0.901129
v 0.060787 0.160697 -0.896959
v 0.060555 0.148998 -0.889314
v 0.076425 0.145522 -0.873560
v 0.102489 0.127336 -0.784364
v 0.100288 0.122123 -0.779498
v 0.106428 0.117576 -0.773011
v 0.100983 0.124440 -0.770463
v 0.102952 0.131158 -0.766177
v 0.100636 0.134749 -0.777993
v 0.101562 0.138456 -0.767915
v 0.106543 0.142858 -0.733395
v 0.107007 0.146217 -0.715324
v 0.108397 0.152589 -0.696645
v 0.108397 0.158381 -0.672782
v 0.104458 0.155716 -0.657144
v 0.108513 0.177957 -0.622392
v 0.112335 0.190931 -0.602120
v 0.112335 0.207496 -0.601194
v 0.114189 0.224177 -0.584976
v 0.114536 0.224988 -0.572929
v 0.112451 0.217922 -0.582775
v 0.110482 0.228926 -0.554511
v 0.114189 0.193480 -0.596792
v 0.114189 0.176799 -0.617411
v 0.110714 0.162435 -0.640811
v 0.110250 0.146565 -0.663631
v 0.104574 0.149693 -0.672203
v 0.110250 0.136719 -0.682976
v 0.104458 0.138688 -0.693517
v 0.105153 0.151199 -0.704290
v 0.107238 0.125946 -0.736175
v 0.110134 0.138456 -0.732005
v 0.102605 0.136140 -0.756447
v 0.102721 0.128610 -0.764324
v 0.110134 0.128378 -0.749960
v 0.107007 0.120356 -0.749612
v 0.100636 0.122239 -0.742198
v 0.100636 0.131506 -0.722506
v 0.104227 0.119198 -0.720305
v 0.100520 0.120356 -0.735248
v 0.102142 0.116418 -0.738492
v 0.102489 0.115144 -0.694212
v 0.108976 0.128610 -0.663167
v 0.110250 0.108425 -0.685524
v 0.104111 0.094756 -0.695486
v 0.097276 0.092903 -0.704985
v 0.089631 0.086995 -0.732584
v 0.092874 0.087690 -0.711820
v 0.096813 0.089196 -0.703595
v 0.102605 0.082825 -0.698614
v 0.104690 0.088385 -0.698151
v 0.108281 0.091744 -0.689231
v 0.106428 0.097073 -0.689810
v 0.118011 0.125019 -0.651584
v 0.110829 0.143553 -0.646602
v 0.109208 0.150851 -0.648919
v 0.112915 0.155948 -0.628068
v 0.112567 0.171934 -0.602931
v 0.116506 0.157686 -0.622392
v 0.114884 0.146333 -0.639768
v 0.116274 0.142511 -0.630733
v 0.121950 0.136950 -0.624593
v 0.122529 0.145870 -0.612778
v 0.114884 0.157106 -0.605711
v 0.118011 0.162898 -0.604205
v 0.112451 0.182707 -0.584629
v 0.118011 0.172629 -0.581849
v 0.115116 0.165099 -0.586366
v 0.121950 0.150156 -0.600962
v 0.119054 0.143322 -0.595286
v 0.116506 0.135560 -0.618569
v 0.110598 0.115723 -0.643243
v 0.110366 0.113985 -0.656217
v 0.110366 0.102170 -0.661198
v 0.110366 0.110394 -0.640579
v 0.100867 0.094640 -0.669770
v 0.097161 0.084910 -0.685177
v 0.096697 0.093366 -0.659924
v 0.100636 0.103907 -0.635829
v 0.106659 0.110163 -0.626215
v 0.115695 0.138225 -0.604321
v 0.112567 0.141352 -0.593085
v 0.116853 0.151894 -0.580690
v 0.116158 0.168111 -0.566210
v 0.114305 0.169385 -0.570844
v 0.112451 0.179579 -0.552078
v 0.116158 0.187340 -0.562388
v 0.112335 0.188267 -0.570612
v 0.112915 0.201125 -0.569338
v 0.114073 0.217574 -0.552310
v 0.110366 0.222324 -0.552078
v 0.108281 0.235645 -0.522192
v 0.109439 0.240163 -0.506090
v 0.106543 0.207033 -0.521265
v 0.112104 0.199503 -0.534702
v 0.114305 0.181780 -0.540610
v 0.116042 0.165794 -0.558333
v 0.110598 0.156411 -0.556017
v 0.110366 0.141468 -0.570265
v 0.108513 0.132085 -0.597371
v 0.104690 0.116881 -0.592390
v 0.106659 0.134518 -0.571191
v 0.108513 0.126525 -0.583007
v 0.109671 0.137645 -0.560766
v 0.107238 0.129653 -0.564241
v 0.107238 0.122123 -0.579532
v 0.098782 0.117576 -0.581385
v 0.100752 0.127336 -0.560071
v 0.106428 0.158149 -0.535050
v 0.104458 0.172629 -0.531459
v 0.108513 0.176567 -0.531111
v 0.106659 0.191742 -0.513388
v 0.108397 0.195912 -0.519759
v 0.109208 0.204253 -0.512229
v 0.104458 0.212593 -0.506901
v 0.110134 0.209002 -0.503542
v 0.103995 0.205527 -0.497286
v 0.102489 0.173903 -0.513156
v 0.101447 0.164868 -0.516400
v 0.100636 0.147376 -0.525435
v 0.098898 0.129768 -0.541189
v 0.102489 0.121283 -0.552426
v 0.102373 0.099737 -0.585208
v 0.096697 0.101359 -0.598645
v 0.098898 0.114217 -0.591579
v 0.096813 0.082477 -0.623898
v 0.102605 0.106340 -0.605480
v 0.104458 0.104487 -0.628647
v 0.093685 0.081319 -0.668264
v 0.097971 0.077612 -0.687725
v 0.094844 0.076338 -0.696066
v 0.092759 0.072978 -0.704058
v 0.094728 0.066607 -0.702668
v 0.085345 0.063595 -0.693170
v 0.089052 0.060931 -0.720305
v 0.087083 0.066839 -0.722042
v 0.087662 0.067882 -0.732700
v 0.088357 0.074021 -0.744168
v 0.083607 0.075179 -0.752161
v 0.084302 0.077380 -0.752856
v 0.079205 0.076454 -0.758647
v 0.075383 0.078539 -0.768494
v 0.086967 0.066955 -0.753087
v 0.088704 0.067071 -0.742083
v 0.079553 0.063248 -0.739302
v 0.083839 0.063827 -0.751350
v 0.074804 0.062321 -0.774633
v 0.069243 0.066028 -0.792936
v 0.064494 0.063711 -0.796063
v 0.053837 0.065565 -0.801276
v 0.063336 0.063364 -0.787491
v 0.067506 0.060931 -0.770231
v 0.073298 0.061395 -0.754477
v 0.071676 0.056413 -0.759458
v 0.080827 0.055255 -0.734785
v 0.081406 0.056877 -0.701742
v 0.086619 0.061626 -0.689694
v 0.088936 0.069040 -0.682397
v 0.096697 0.078075 -0.667222
v 0.102489 0.084562 -0.635945
v 0.099246 0.074948 -0.641737
v 0.098551 0.071241 -0.652047
v 0.095307 0.074600 -0.633976
v 0.098551 0.074137 -0.616716
v 0.098666 0.090586 -0.578373
v 0.099014 0.117924 -0.552657
v 0.096813 0.145059 -0.523234
v 0.096697 0.151314 -0.515936
v 0.106312 0.168111 -0.503310
v 0.101099 0.179811 -0.497170
v 0.100520 0.205527 -0.485471
v 0.106196 0.222671 -0.482111
v 0.106543 0.218848 -0.493116
v 0.102721 0.243175 -0.465633
v 0.106428 0.246766 -0.506438
v 0.111988 0.237151 -0.543506
v 0.114305 0.232517 -0.556132
v 0.106312 0.245839 -0.534818
v 0.106891 0.249546 -0.521033
v 0.108397 0.251862 -0.504932
v 0.106428 0.271092 -0.472004
v 0.100867 0.267848 -0.445825
v 0.096813 0.282907 -0.427638
v 0.101562 0.260434 -0.440149
v 0.106891 0.237614 -0.459841
v 0.104922 0.222903 -0.474437
v 0.104806 0.226610 -0.466213
v 0.112220 0.231822 -0.450806
v 0.104806 0.226494 -0.466213
v 0.106428 0.217342 -0.465981
v 0.106428 0.204137 -0.473395
v 0.106312 0.193364 -0.474321
v 0.114189 0.222671 -0.456366
v 0.112220 0.231591 -0.445014
v 0.110366 0.243985 -0.442234
v 0.100636 0.261361 -0.417676
v 0.100404 0.271439 -0.413853
v 0.088357 0.302484 -0.410726
v 0.091137 0.291827 -0.393002
v 0.098087 0.273756 -0.400764
v 0.107934 0.246881 -0.422310
v 0.104458 0.227073 -0.434936
v 0.107007 0.215373 -0.451269
v 0.104574 0.188383 -0.472931
v 0.096118 0.165910 -0.493232
v 0.096813 0.154790 -0.510724
v 0.099709 0.145407 -0.513851
v 0.100520 0.116534 -0.540957
v 0.099246 0.090354 -0.567716
v 0.098666 0.078539 -0.583470
v 0.098666 0.070662 -0.602815
v 0.095075 0.059425 -0.618569
v 0.093454 0.065565 -0.607217
v 0.090905 0.061510 -0.603395
v 0.089399 0.084678 -0.564704
v 0.094728 0.112364 -0.535513
v 0.095655 0.129421 -0.519296
v 0.086040 0.147955 -0.498792
v 0.083607 0.127915 -0.517674
v 0.085692 0.106340 -0.539104
v 0.077352 0.084794 -0.560303
v 0.080480 0.073094 -0.578026
v 0.072139 0.067071 -0.571539
v 0.079901 0.059541 -0.595518
v 0.067737 0.061279 -0.581385
v 0.066347 0.066144 -0.565052
v 0.076194 0.089312 -0.539567
v 0.077005 0.096957 -0.535629
v 0.079553 0.114449 -0.522307
v 0.077700 0.128262 -0.506322
v 0.080943 0.139615 -0.494274
v 0.085113 0.153399 -0.484544
v 0.087083 0.156643 -0.476204
v 0.086851 0.131274 -0.487672
v 0.078047 0.094988 -0.525551
v 0.071444 0.093134 -0.523813
v 0.067274 0.079350 -0.545244
v 0.067390 0.082014 -0.537019
v 0.065305 0.075179 -0.525435
v 0.054879 0.062669 -0.542000
v 0.061714 0.049811 -0.591579
v 0.065189 0.046220 -0.612662
v 0.070749 0.040775 -0.627605
v 0.061830 0.038111 -0.632818
v 0.055922 0.036373 -0.613125
v 0.044570 0.036258 -0.595170
v 0.043643 0.047957 -0.563199
v 0.040863 0.051780 -0.548255
v 0.056501 0.067418 -0.529026
v 0.065537 0.080740 -0.511650
v 0.072950 0.097768 -0.504700
v 0.077005 0.101475 -0.508523
v 0.082912 0.104139 -0.511187
v 0.083492 0.113754 -0.497402
v 0.088820 0.156759 -0.460768
v 0.077584 0.127799 -0.476667
v 0.075846 0.116186 -0.488598
v 0.075499 0.119082 -0.477130
v 0.065073 0.090470 -0.498908
v 0.058470 0.080740 -0.511650
v 0.050014 0.077033 -0.509681
v 0.046655 0.069272 -0.515125
v 0.039357 0.061626 -0.523234
v 0.029974 0.063364 -0.516400
v 0.020128 0.051896 -0.534934
v 0.020012 0.042281 -0.556132
v 0.022329 0.084678 -0.477130
v 0.038430 0.079350 -0.490452
v 0.048392 0.079002 -0.497750
v 0.054068 0.088732 -0.497865
v 0.059860 0.100548 -0.481996
v 0.054416 0.090933 -0.480721
v 0.043295 0.081087 -0.493927
v 0.039820 0.084331 -0.481416
v 0.046655 0.098695 -0.451385
v 0.060092 0.102401 -0.458683
v 0.065652 0.113638 -0.465518
v 0.073298 0.131390 -0.458683
v 0.079437 0.136603 -0.461579
v 0.081522 0.143206 -0.462506
v 0.090442 0.175177 -0.448258
v 0.096929 0.178536 -0.447331
v 0.090674 0.156064 -0.483849
v 0.085113 0.157917 -0.491842
v 0.085461 0.170891 -0.484544
v 0.085229 0.169964 -0.477825
v 0.086967 0.178652 -0.472931
v 0.093106 0.182591 -0.476899
v 0.096581 0.201820 -0.457756
v 0.098666 0.211551 -0.446983
v 0.114189 0.218964 -0.427175
v 0.108860 0.232286 -0.422773
v 0.114073 0.232402 -0.417792
v 0.108397 0.249661 -0.407598
v 0.098782 0.274914 -0.392076
v 0.092990 0.280590 -0.390802
v 0.092759 0.284066 -0.379565
v 0.086503 0.265531 -0.361263
v 0.087546 0.252905 -0.344466
v 0.093917 0.240974 -0.332998
v 0.081522 0.245144 -0.340527
v 0.088241 0.243754 -0.338327
v 0.075383 0.258813 -0.362189
v 0.075267 0.250936 -0.350374
v 0.067390 0.238773 -0.352575
v 0.063567 0.231011 -0.353154
v 0.047813 0.214099 -0.355934
v 0.062988 0.224177 -0.356513
v 0.067506 0.238888 -0.355818
v 0.076773 0.258697 -0.366128
v 0.081291 0.265647 -0.371456
v 0.085229 0.272250 -0.372846
v 0.095423 0.262983 -0.384778
v 0.088704 0.262635 -0.380724
v 0.094844 0.252557 -0.390917
v 0.098319 0.240742 -0.388137
v 0.085113 0.248851 -0.373657
v 0.081291 0.240047 -0.363811
v 0.073645 0.219196 -0.361958
v 0.061482 0.204484 -0.363116
v 0.057312 0.190815 -0.366244
v 0.042948 0.174366 -0.379333
v 0.050709 0.176451 -0.375511
v 0.040979 0.157106 -0.389180
v 0.038546 0.133707 -0.404702
v 0.050130 0.163130 -0.383156
v 0.064378 0.164520 -0.385010
v 0.054764 0.145407 -0.398910
v 0.070286 0.167532 -0.387558
v 0.073414 0.180506 -0.379102
v 0.073298 0.178305 -0.388716
v 0.070981 0.164172 -0.395551
v 0.077815 0.191974 -0.383040
v 0.080943 0.180853 -0.387326
v 0.074804 0.156759 -0.400532
v 0.061830 0.139499 -0.412232
v 0.059629 0.129189 -0.415243
v 0.049435 0.122123 -0.420572
v 0.045728 0.122239 -0.418487
v 0.052447 0.114217 -0.424047
v 0.056038 0.121891 -0.427407
v 0.060324 0.132085 -0.416865
v 0.067853 0.133359 -0.418603
v 0.075846 0.141121 -0.416170
v 0.083144 0.156643 -0.407946
v 0.085113 0.168806 -0.400764
v 0.080364 0.149808 -0.420456
v 0.090905 0.178305 -0.404123
v 0.094728 0.203789 -0.388137
v 0.086735 0.196607 -0.381998
v 0.084071 0.207264 -0.373426
v 0.092295 0.228579 -0.373194
v 0.080480 0.199851 -0.379218
v 0.079901 0.225335 -0.367634
v 0.077120 0.207496 -0.373194
v 0.065537 0.188151 -0.369719
v 0.062409 0.184213 -0.373542
v 0.083839 0.226610 -0.365780
v 0.087314 0.244101 -0.369371
v 0.094728 0.230085 -0.384778
v 0.091137 0.242016 -0.381419
v 0.099361 0.217690 -0.391149
v 0.096002 0.216068 -0.389643
v 0.093801 0.192785 -0.400879
v 0.098551 0.203442 -0.398215
v 0.102837 0.218964 -0.396478
v 0.095770 0.198577 -0.402849
v 0.091253 0.197882 -0.406208
v 0.094149 0.193364 -0.411305
v 0.089631 0.190584 -0.408641
v 0.084882 0.157570 -0.425206
v 0.079090 0.136950 -0.440844
v 0.075499 0.129768 -0.443045
v 0.071444 0.127915 -0.428333
v 0.057428 0.116765 -0.433314
v 0.064031 0.113985 -0.439106
v 0.071328 0.120936 -0.448605
v 0.069591 0.123861 -0.453123
v 0.054879 0.106108 -0.442697
v 0.048277 0.112479 -0.439685
v 0.044570 0.106572 -0.435168
v 0.032175 0.106224 -0.439106
v 0.040631 0.123861 -0.417908
v 0.036345 0.115955 -0.424163
v 0.022908 0.104602 -0.441539
v 0.030206 0.120356 -0.418719
v 0.027078 0.133591 -0.402733
v 0.030901 0.149113 -0.394856
v 0.026499 0.148071 -0.393002
v 0.013409 0.158612 -0.386747
v 0.019549 0.141236 -0.396825
v 0.021634 0.094756 -0.455092
v 0.043643 0.107151 -0.444087
v 0.053373 0.101475 -0.453354
v -0.105326 0.213636 -0.838576
v -0.106368 0.220007 -0.838692
v -0.097449 0.229390 -0.863134
v -0.096406 0.235297 -0.868463
v -0.090846 0.231938 -0.881089
v -0.100460 0.224756 -0.866146
v -0.096869 0.221165 -0.867768
v -0.088877 0.228926 -0.893136
v -0.070227 0.260666 -0.912829
v -0.070111 0.276652 -0.919316
v -0.060728 0.293912 -0.919548
v -0.048217 0.300399 -0.928120
v -0.042078 0.303990 -0.932058
v -0.046711 0.300283 -0.935649
v -0.061886 0.290205 -0.925224
v -0.057368 0.288236 -0.929625
v -0.058527 0.276420 -0.924181
v -0.057600 0.272713 -0.931942
v -0.072543 0.252905 -0.913524
v -0.059106 0.260898 -0.929625
v -0.075323 0.239815 -0.908775
v -0.066751 0.245723 -0.924297
v -0.073586 0.223019 -0.904720
v -0.065593 0.232633 -0.914566
v -0.056210 0.246418 -0.926034
v -0.057948 0.256612 -0.931826
v -0.049028 0.261477 -0.935417
v -0.046132 0.243406 -0.934143
v -0.028061 0.256843 -0.944221
v -0.014971 0.254643 -0.943758
v 0.006806 0.246997 -0.947349
v 0.015031 0.241669 -0.945495
v 0.021634 0.223366 -0.939588
v 0.069243 0.166605 -0.899044
v 0.075614 0.166373 -0.875529
v 0.079437 0.159886 -0.867883
v 0.077120 0.156875 -0.885375
v 0.032291 0.235066 -0.937734
v 0.048508 0.234487 -0.935649
v 0.048161 0.243406 -0.931826
v 0.044338 0.241784 -0.937966
v 0.026731 0.257654 -0.943758
v 0.015726 0.256148 -0.943758
v 0.007849 0.267269 -0.949318
v -0.008600 0.267385 -0.949434
v -0.020068 0.262404 -0.945611
v -0.025281 0.261361 -0.942136
v -0.036402 0.253252 -0.937850
v -0.026092 0.280243 -0.945380
v -0.012655 0.276304 -0.945495
v 0.006806 0.276073 -0.945959
v 0.023140 0.263678 -0.941789
v 0.034492 0.251747 -0.938198
v 0.056385 0.265416 -0.931826
v 0.052215 0.252094 -0.929973
v 0.059745 0.269007 -0.922559
v 0.067506 0.277463 -0.920127
v 0.065537 0.284413 -0.914451
v 0.065884 0.303527 -0.908195
v 0.059745 0.319628 -0.916188
v 0.048161 0.315921 -0.922212
v 0.052678 0.322408 -0.920358
v 0.053837 0.325420 -0.916420
v 0.052099 0.341290 -0.912713
v 0.051868 0.341174 -0.903098
v 0.043064 0.352179 -0.905763
v 0.039125 0.351136 -0.918273
v 0.028700 0.358202 -0.917462
v 0.022676 0.348819 -0.920358
v 0.032175 0.340711 -0.920127
v 0.034376 0.331212 -0.925919
v 0.040400 0.319396 -0.932406
v 0.052099 0.306422 -0.928004
v 0.059745 0.301557 -0.919432
v 0.055806 0.294259 -0.922328
v 0.047929 0.300167 -0.927888
v 0.055806 0.292290 -0.928351
v 0.048161 0.298198 -0.934027
v 0.054879 0.278853 -0.925803
v 0.052099 0.276884 -0.928699
v 0.048161 0.278274 -0.937503
v 0.044570 0.289278 -0.931942
v 0.040863 0.287077 -0.939472
v 0.029858 0.281980 -0.940399
v 0.024530 0.270744 -0.944685
v 0.002984 0.283371 -0.943642
v -0.004778 0.286498 -0.943758
v -0.010222 0.289278 -0.947696
v 0.001014 0.297966 -0.946654
v 0.010397 0.291479 -0.948623
v 0.017232 0.289858 -0.947581
v 0.002057 0.310129 -0.947349
v -0.016361 0.293796 -0.947928
v -0.024934 0.292985 -0.941557
v -0.050650 0.278042 -0.937503
v -0.051924 0.278621 -0.930321
v -0.050650 0.284297 -0.929741
v -0.042194 0.291827 -0.934027
v -0.022269 0.301557 -0.942715
v -0.011728 0.313025 -0.943758
v -0.031768 0.317080 -0.935186
v -0.024702 0.327273 -0.933796
v -0.015551 0.322292 -0.943410
v 0.003794 0.322292 -0.941441
v 0.012251 0.309203 -0.943063
v 0.030785 0.298545 -0.937966
v 0.037504 0.303179 -0.936112
v 0.042369 0.301789 -0.932406
v 0.037735 0.307581 -0.932985
v 0.032291 0.317543 -0.934607
v 0.030437 0.331444 -0.933912
v 0.017348 0.349514 -0.932058
v 0.020591 0.334803 -0.932985
v 0.013525 0.322177 -0.943294
v -0.000955 0.328895 -0.944800
v -0.002924 0.336193 -0.937387
v -0.004430 0.348704 -0.932174
v 0.011903 0.347545 -0.928120
v 0.010397 0.353916 -0.929857
v 0.007154 0.360635 -0.924181
v -0.000955 0.362836 -0.919779
v 0.012135 0.364110 -0.912713
v 0.018738 0.366311 -0.902519
v 0.038083 0.358318 -0.898465
v 0.053953 0.348819 -0.889893
v 0.044570 0.362257 -0.891630
v 0.034723 0.362488 -0.889893
v 0.027657 0.366543 -0.893600
v -0.009295 0.360288 -0.924413
v -0.016825 0.350325 -0.931711
v -0.002113 0.357160 -0.924181
v -0.010106 0.351136 -0.926150
v -0.013234 0.344997 -0.930089
v -0.021574 0.335614 -0.932058
v -0.046943 0.280359 -0.620191
v -0.108337 0.207496 -0.842862
v -0.108453 0.208307 -0.823749
v -0.108569 0.204021 -0.819579
v -0.102546 0.201009 -0.831047
v -0.102661 0.206222 -0.847959
v -0.104515 0.209813 -0.856184
v -0.091541 0.220238 -0.884217
v -0.048565 0.055255 -0.778572
v -0.049376 0.057919 -0.783900
v -0.044858 0.051896 -0.780193
v -0.042309 0.061742 -0.795484
v -0.032463 0.074484 -0.820274
v -0.019373 0.088732 -0.836607
v -0.020879 0.091628 -0.843557
v -0.009179 0.100548 -0.855952
v -0.015319 0.092787 -0.844021
v -0.009527 0.090818 -0.848075
v -0.018562 0.081319 -0.830931
v 0.000088 0.085373 -0.840893
v -0.013002 0.073094 -0.818768
v -0.040456 0.057456 -0.791198
v -0.038139 0.052012 -0.773707
v -0.037560 0.045988 -0.770000
v -0.038487 0.036373 -0.770116
v -0.042773 0.032551 -0.753087
v -0.040919 0.032087 -0.741503
v -0.044742 0.030350 -0.725865
v -0.038603 0.028380 -0.739302
v -0.038487 0.025021 -0.728529
v -0.033042 0.028265 -0.733395
v -0.030957 0.020735 -0.719842
v -0.028293 0.024558 -0.729572
v -0.023659 0.026759 -0.719378
v -0.016825 0.018882 -0.701973
v -0.013002 0.013785 -0.671392
v -0.015666 0.017028 -0.642085
v -0.006863 0.015986 -0.654827
v -0.009179 0.014827 -0.683903
v -0.008137 0.020851 -0.722042
v -0.019026 0.026759 -0.733279
v -0.023080 0.030581 -0.733163
v -0.028061 0.032319 -0.746021
v -0.035938 0.034172 -0.750770
v -0.033853 0.039501 -0.773707
v -0.032347 0.045988 -0.771969
v -0.025744 0.045293 -0.764903
v -0.026092 0.053749 -0.778224
v -0.023891 0.054560 -0.783669
v -0.020763 0.061395 -0.795600
v -0.019257 0.067302 -0.807531
v -0.018910 0.059078 -0.800118
v -0.022501 0.051201 -0.784364
v -0.022385 0.041934 -0.758300
v -0.022385 0.034288 -0.742778
v -0.020763 0.039849 -0.765250
v -0.013118 0.047494 -0.788186
v -0.012191 0.037763 -0.767220
v -0.011265 0.028380 -0.745442
v -0.002577 0.034520 -0.741040
v -0.002461 0.026759 -0.719610
v 0.001130 0.030813 -0.734669
v 0.004721 0.028033 -0.741503
v 0.000667 0.036142 -0.744863
v -0.002577 0.042281 -0.756447
v -0.010338 0.044250 -0.782047
v -0.009759 0.059657 -0.807531
v -0.011149 0.067186 -0.819115
v 0.002173 0.073210 -0.830699
v -0.002577 0.065565 -0.809385
v -0.002229 0.058035 -0.789924
v -0.004198 0.051548 -0.778803
v 0.000319 0.045872 -0.764787
v 0.002752 0.053402 -0.784248
v 0.004258 0.059541 -0.805215
v 0.002289 0.067534 -0.823170
v 0.009471 0.066723 -0.818073
v 0.003563 0.084910 -0.836491
v 0.013641 0.073442 -0.817030
v 0.016884 0.059078 -0.799770
v 0.007965 0.052012 -0.795600
v 0.006459 0.047726 -0.786680
v 0.008196 0.034520 -0.760733
v 0.016653 0.028844 -0.740345
v 0.005995 0.020851 -0.722158
v 0.004721 0.014480 -0.678342
v -0.002577 0.013206 -0.670697
v 0.007154 0.016681 -0.650888
v 0.011787 0.024789 -0.606754
v 0.023835 0.022704 -0.626562
v 0.034955 0.022704 -0.627952
v 0.052099 0.028496 -0.636409
v 0.064494 0.032435 -0.644286
v 0.056733 0.028612 -0.653321
v 0.073529 0.034288 -0.657607
v 0.082681 0.045756 -0.633281
v 0.087430 0.050042 -0.626215
v 0.092527 0.055487 -0.628879
v 0.091021 0.061510 -0.635482
v 0.095307 0.065333 -0.637683
v 0.090326 0.053981 -0.669886
v 0.085461 0.055718 -0.651931
v 0.083376 0.051317 -0.659229
v 0.083839 0.047841 -0.660271
v 0.079553 0.042397 -0.666874
v 0.084997 0.046915 -0.681007
v 0.074919 0.040196 -0.693633
v 0.073414 0.041702 -0.655522
v 0.077815 0.047957 -0.644170
v 0.088473 0.052243 -0.628995
v 0.083839 0.053402 -0.627721
v 0.079090 0.039269 -0.645676
v 0.071560 0.035910 -0.684945
v 0.063799 0.032319 -0.685408
v 0.065768 0.032435 -0.694444
v 0.067737 0.035794 -0.699425
v 0.059860 0.033593 -0.700120
v 0.057775 0.030002 -0.702553
v 0.053837 0.035794 -0.715903
v 0.064146 0.036142 -0.714050
v 0.069359 0.045756 -0.709966
v 0.077584 0.045409 -0.692243
v 0.085229 0.055834 -0.677531
v 0.088936 0.061395 -0.666990
v 0.091021 0.063132 -0.661314
v 0.096581 0.066260 -0.665600
v 0.091948 0.061742 -0.681702
v 0.083260 0.051201 -0.702437
v 0.075962 0.047494 -0.719494
v 0.059629 0.045293 -0.730267
v 0.056038 0.038343 -0.743704
v 0.053258 0.035215 -0.722737
v 0.051983 0.030234 -0.722042
v 0.048740 0.030466 -0.713123
v 0.060208 0.028265 -0.683323
v 0.047813 0.022589 -0.680080
v 0.050130 0.026643 -0.669423
v 0.048161 0.024326 -0.652626
v 0.045149 0.020851 -0.665716
v 0.042021 0.022357 -0.672087
v 0.028352 0.014364 -0.670118
v 0.022445 0.018071 -0.651815
v 0.013525 0.016912 -0.641853
v 0.013062 0.014248 -0.670813
v 0.013525 0.020851 -0.715671
v 0.019433 0.026759 -0.719494
v 0.019433 0.020619 -0.690042
v 0.026036 0.014827 -0.689115
v 0.036345 0.020619 -0.699772
v 0.041558 0.025716 -0.695371
v 0.050014 0.024558 -0.692590
v 0.044338 0.024442 -0.714281
v 0.044106 0.030118 -0.719494
v 0.036461 0.024558 -0.724938
v 0.038662 0.032087 -0.740924
v 0.044801 0.030697 -0.737101
v 0.036345 0.030350 -0.743820
v 0.033797 0.034404 -0.750539
v 0.036924 0.036258 -0.768610
v 0.043759 0.044598 -0.753087
v 0.044338 0.042165 -0.743125
v 0.045960 0.037763 -0.731078
v 0.052678 0.042397 -0.760733
v 0.055690 0.043440 -0.757257
v 0.051868 0.045988 -0.768146
v 0.060671 0.053633 -0.753898
v 0.073298 0.051548 -0.721811
v 0.077352 0.053170 -0.707649
v 0.065189 0.051896 -0.753551
v 0.048624 0.055950 -0.776255
v 0.059976 0.055603 -0.784132
v 0.051983 0.059194 -0.801624
v 0.039473 0.067534 -0.819347
v 0.047118 0.059773 -0.803709
v 0.041095 0.061858 -0.793631
v 0.036229 0.057340 -0.790735
v 0.046423 0.045640 -0.753898
v 0.040631 0.047378 -0.758647
v 0.038546 0.049927 -0.766061
v 0.033449 0.039269 -0.773707
v 0.026267 0.037995 -0.762934
v 0.023950 0.034057 -0.743588
v 0.023487 0.041470 -0.759458
v 0.024298 0.047610 -0.766756
v 0.030322 0.044482 -0.771853
v 0.023719 0.053865 -0.779962
v 0.026383 0.060584 -0.796874
v 0.018274 0.062321 -0.800118
v 0.021170 0.067534 -0.811122
v 0.028816 0.073789 -0.819347
v 0.021981 0.088617 -0.842862
v 0.009934 0.100780 -0.855836
v 0.002520 0.107151 -0.865914
v 0.011092 0.092555 -0.844368
v 0.017000 0.084794 -0.832437
v 0.009818 0.086879 -0.842399
v -0.000028 0.098695 -0.861744
v 0.017927 0.049116 -0.784595
v 0.017000 0.039849 -0.768610
v 0.020359 0.041702 -0.758879
v 0.020012 0.035099 -0.748106
v 0.020128 0.030466 -0.733163
v 0.028931 0.024558 -0.729804
v 0.030322 0.027917 -0.729804
v 0.034955 0.028265 -0.717756
v 0.027310 0.016912 -0.704406
v 0.011208 0.042165 -0.778108
v 0.013293 0.051780 -0.789576
v 0.136662 0.034752 -0.073143
v 0.139326 0.030697 -0.067119
v 0.134808 0.029076 -0.064918
v 0.135851 0.018650 -0.058431
v 0.133418 0.014596 -0.061790
v 0.135503 0.014480 -0.059126
v 0.136662 0.012974 -0.062370
v 0.075846 0.278274 -0.570844
v 0.078510 0.273872 -0.574667
v 0.073761 0.276884 -0.567253
v 0.087778 0.273293 -0.559955
v 0.087198 0.266921 -0.585555
v 0.092643 0.256496 -0.598182
v 0.089168 0.261130 -0.583123
v 0.099014 0.261014 -0.571191
v 0.101099 0.253252 -0.582891
v 0.103300 0.255338 -0.580806
v 0.101447 0.262867 -0.566790
v 0.104574 0.251631 -0.569686
v 0.093106 0.268543 -0.555322
v 0.090905 0.275030 -0.554047
v 0.090905 0.273524 -0.544317
v 0.093685 0.289626 -0.525667
v 0.093222 0.296460 -0.509565
v 0.085113 0.309782 -0.494738
v 0.087198 0.312909 -0.490799
v 0.081522 0.315690 -0.493348
v 0.079437 0.329822 -0.483849
v 0.073298 0.319976 -0.501688
v 0.070170 0.334803 -0.490336
v 0.066232 0.335035 -0.489525
v 0.068896 0.339784 -0.480142
v 0.063683 0.343375 -0.478057
v 0.061482 0.352758 -0.463548
v 0.057775 0.360519 -0.448721
v 0.059745 0.360751 -0.438180
v 0.065652 0.371756 -0.428681
v 0.067737 0.355191 -0.428681
v 0.072255 0.348356 -0.449648
v 0.079205 0.340942 -0.462158
v 0.080480 0.337815 -0.455208
v 0.084882 0.335035 -0.451385
v 0.087083 0.327273 -0.467371
v 0.094612 0.310593 -0.472584
v 0.094033 0.288004 -0.508059
v 0.091369 0.274914 -0.534471
v 0.098087 0.271207 -0.543390
v 0.093454 0.279200 -0.520802
v 0.098203 0.275725 -0.515705
v 0.092990 0.288699 -0.499256
v 0.102373 0.283255 -0.474437
v 0.102373 0.278737 -0.501456
v 0.102605 0.269354 -0.485702
v 0.103879 0.265995 -0.523582
v 0.101331 0.264952 -0.530648
v 0.104690 0.254990 -0.557291
v 0.110250 0.243754 -0.575362
v 0.106543 0.257654 -0.544317
v 0.106428 0.256612 -0.523234
v 0.108513 0.247461 -0.557407
v 0.100520 0.277231 -0.469804
v 0.100172 0.284066 -0.461463
v 0.108744 0.242132 -0.565863
v 0.110366 0.232865 -0.588567
v 0.108976 0.227536 -0.606870
v 0.110366 0.235645 -0.598645
v 0.106428 0.231475 -0.623435
v 0.103879 0.243059 -0.601309
v 0.105038 0.245723 -0.577447
v 0.103068 0.243985 -0.618917
v 0.104227 0.237962 -0.632702
v 0.092990 0.237614 -0.641274
v 0.090789 0.248040 -0.638030
v 0.094728 0.235645 -0.652394
v 0.096697 0.241784 -0.656449
v 0.010281 0.001158 0.421170
v 0.010513 0.003939 0.412482
v 0.010397 0.001043 0.413988
v 0.010629 0.006603 0.420707
v 0.013409 0.003939 0.412598
v 0.020128 0.014827 0.437851
v 0.021402 0.014248 0.448972
v 0.020359 0.005097 0.445960
v 0.022676 0.000000 0.435303
v 0.015610 0.000811 0.416189
v 0.023835 0.010541 0.430206
v 0.035303 0.012858 0.441905
v 0.034260 0.024442 0.447466
v 0.052215 0.017376 0.453258
v 0.045612 0.034867 0.455227
v 0.045381 0.036721 0.466695
v 0.030090 0.018650 0.462177
v 0.052563 0.030697 0.477034
v 0.028236 0.010425 0.458239
v 0.039125 0.014132 0.466232
v 0.038314 0.007993 0.457659
v 0.067853 0.025948 0.455227
v 0.062061 0.037184 0.453373
v 0.063799 0.048536 0.457891
v 0.068896 0.044019 0.452215
v 0.083028 0.038574 0.444917
v 0.072487 0.024674 0.458934
v 0.092411 0.032667 0.460324
v 0.081754 0.030350 0.472139
v 0.074340 0.036605 0.479234
v 0.069359 0.042860 0.479119
v 0.054995 0.038806 0.475064
v 0.076310 0.058267 0.459629
v 0.076310 0.055255 0.451404
v 0.080596 0.048768 0.442832
v 0.088473 0.055834 0.428468
v 0.090326 0.044830 0.428584
v 0.096697 0.038806 0.434260
v 0.101562 0.037879 0.432407
v 0.111872 0.022473 0.432754
v 0.112567 0.037648 0.442948
v 0.111988 0.046683 0.447582
v 0.096697 0.038806 0.468317
v 0.090789 0.040312 0.474717
v 0.102489 0.046451 0.466000
v 0.115347 0.052012 0.445844
v 0.116042 0.049927 0.447929
v 0.123919 0.039964 0.455922
v 0.121487 0.035099 0.453953
v 0.131565 0.034636 0.460324
v 0.122529 0.033362 0.469938
v 0.126236 0.030697 0.474369
v 0.122877 0.049695 0.463683
v 0.110366 0.023631 0.485142
v 0.115347 0.020619 0.490355
v 0.102837 0.020851 0.488849
v 0.130059 0.059194 0.459281
v 0.119981 0.056298 0.451983
v 0.118243 0.050042 0.453837
v 0.124151 0.068461 0.439009
v 0.129132 0.063943 0.454300
v 0.129943 0.076685 0.430090
v 0.129132 0.083288 0.419317
v 0.143844 0.074832 0.437504
v 0.144075 0.061395 0.460440
v 0.152763 0.068808 0.448972
v 0.153574 0.081435 0.426151
v 0.125541 0.083172 0.411092
v 0.107238 0.067882 0.435882
v 0.120907 0.093134 0.387230
v 0.100172 0.079350 0.398234
v 0.090210 0.067997 0.400551
v 0.090326 0.069387 0.414336
v 0.105153 0.075527 0.423024
v 0.096697 0.063711 0.431712
v 0.108165 0.062669 0.443527
v 0.108281 0.055139 0.456154
v 0.097045 0.052475 0.471097
v 0.087662 0.046683 0.476918
v 0.087198 0.052127 0.475180
v 0.078395 0.054097 0.473182
v 0.089168 0.062785 0.459513
v 0.095307 0.060004 0.465768
v 0.095886 0.064870 0.447350
v 0.086967 0.064059 0.417000
v 0.086851 0.042281 0.415958
v 0.087314 0.045988 0.389199
v 0.092990 0.029539 0.364293
v 0.104343 0.017607 0.374835
v 0.098087 0.021894 0.382828
v 0.102026 0.024094 0.403215
v 0.117664 0.015059 0.424993
v 0.113841 0.015059 0.407617
v 0.116621 0.010889 0.394412
v 0.133071 0.014596 0.435303
v 0.135966 0.017955 0.442369
v 0.154153 0.024326 0.446886
v 0.143148 0.035562 0.461135
v 0.129711 0.032435 0.492324
v 0.104806 0.012742 0.504487
v 0.112683 0.024674 0.506341
v 0.132491 0.037763 0.492672
v 0.125193 0.040775 0.498927
v 0.111409 0.032435 0.506109
v 0.103879 0.021546 0.509005
v 0.105153 0.032203 0.504835
v 0.118938 0.042049 0.499970
v 0.132491 0.053170 0.486648
v 0.120792 0.051896 0.484563
v 0.089863 0.018418 0.502518
v 0.093106 0.010773 0.506341
v 0.095075 0.005329 0.499390
v 0.084997 0.006719 0.500317
v 0.084766 0.002896 0.495336
v 0.088357 0.003939 0.489312
v 0.084997 0.009267 0.486648
v 0.080827 0.004865 0.488386
v 0.081522 0.010425 0.494409
v 0.091021 0.016102 0.490934
v 0.100172 0.029076 0.494178
v 0.143264 0.054328 0.476918
v 0.147666 0.058151 0.461830
v 0.151257 0.049000 0.463220
v 0.141643 0.044366 0.482594
v 0.148593 0.040775 0.463336
v 0.161683 0.053749 0.451173
v 0.163420 0.041934 0.453373
v 0.165042 0.030813 0.449551
v 0.170486 0.015059 0.433218
v 0.152300 0.016912 0.436461
v 0.144770 0.013321 0.421170
v 0.157512 0.009267 0.404605
v 0.153690 0.009846 0.418506
v 0.160756 0.011236 0.426846
v 0.172803 0.010773 0.419433
v 0.174425 0.012742 0.400667
v 0.187978 0.016333 0.406459
v 0.185661 0.021662 0.433449
v 0.169444 0.028380 0.443875
v 0.180680 0.028728 0.442253
v 0.162609 0.016681 0.473877
v 0.161335 0.036605 0.453142
v 0.155196 0.027570 0.473298
v 0.159829 0.033709 0.472487
v 0.146971 0.015175 0.488733
v 0.141527 0.009151 0.488965
v 0.151952 0.017376 0.476686
v 0.142685 0.004749 0.486301
v 0.146971 0.007414 0.490818
v 0.161914 0.023631 0.484795
v 0.175931 0.044250 0.461250
v 0.182534 0.046220 0.449898
v 0.183229 0.060004 0.441790
v 0.170371 0.068229 0.435882
v 0.160524 0.074948 0.435882
v 0.166316 0.083636 0.413988
v 0.189252 0.090123 0.384449
v 0.197245 0.068924 0.408428
v 0.197477 0.051548 0.433333
v 0.209872 0.060120 0.402984
v 0.198288 0.093366 0.366147
v 0.194581 0.106803 0.360702
v 0.185082 0.128262 0.362788
v 0.185545 0.173903 0.365568
v 0.198519 0.138572 0.349582
v 0.211262 0.096378 0.336492
v 0.207671 0.083404 0.360702
v 0.215548 0.068808 0.356996
v 0.215664 0.047262 0.355258
v 0.209756 0.045177 0.341473
v 0.195855 0.018766 0.348539
v 0.182765 0.016797 0.335797
v 0.154848 0.010657 0.336260
v 0.133071 0.010078 0.336029
v 0.129016 0.009730 0.360471
v 0.156933 0.011352 0.359081
v 0.133071 0.012047 0.367653
v 0.109092 0.018534 0.361745
v 0.132955 0.007761 0.388620
v 0.170602 0.012163 0.363946
v 0.183692 0.011352 0.366610
v 0.175583 0.013206 0.380743
v 0.188673 0.011468 0.391284
v 0.198983 0.015986 0.392674
v 0.204196 0.018882 0.380395
v 0.192032 0.014943 0.372055
v 0.193770 0.014827 0.358270
v 0.207902 0.022704 0.381090
v 0.216822 0.047262 0.369159
v 0.213463 0.047262 0.397887
v 0.205122 0.024210 0.396381
v 0.198288 0.030929 0.426151
v 0.204080 0.043092 0.426846
v 0.209640 0.048421 0.413409
v 0.188673 0.041123 0.444106
v 0.182534 0.038458 0.462061
v 0.184271 0.033014 0.458007
v 0.166432 0.018071 0.480045
v 0.170950 0.024905 0.478655
v 0.173730 0.033246 0.474601
v 0.077352 0.146913 -0.444435
v 0.085113 0.168922 -0.423931
v 0.091137 0.182938 -0.420572
v 0.086967 0.168459 -0.427407
v 0.083376 0.152936 -0.443276
v 0.089052 0.180390 -0.442929
v 0.099130 0.195681 -0.431577
v 0.093454 0.189889 -0.435515
v 0.093454 0.190236 -0.426132
v 0.085113 0.170428 -0.435168
v 0.100520 0.201125 -0.415359
v 0.102373 0.228579 -0.400184
v 0.096697 0.203210 -0.419530
v 0.100404 0.214331 -0.418834
v 0.098666 0.240742 -0.400648
v 0.106891 0.242595 -0.404355
v 0.100983 0.238773 -0.404470
v 0.105038 0.213288 -0.422078
v 0.104227 0.194986 -0.446520
v 0.089052 0.181317 -0.465633
v 0.095191 0.196955 -0.451733
v 0.100636 0.261130 -0.394740
v 0.215664 0.383687 -0.230452
v 0.221340 0.330054 -0.242528
v 0.217633 0.363531 -0.240674
v 0.198056 0.382876 -0.279133
v 0.217285 0.316500 -0.252722
v 0.205586 0.280822 -0.261410
v 0.214969 0.375810 -0.111022
v 0.200141 0.368280 -0.092719
v 0.200141 0.365732 -0.087043
v 0.198056 0.376621 -0.097353
v 0.196434 0.382181 -0.103956
v 0.193191 0.395271 -0.112296
v 0.194002 0.431412 -0.124807
v 0.200141 0.421682 -0.112644
v 0.206744 0.446935 -0.101523
v 0.209640 0.413342 -0.094805
v 0.207902 0.399093 -0.092719
v 0.194233 0.397588 -0.107778
v 0.221224 0.378358 0.207766
v 0.203616 0.389363 0.178575
v 0.207671 0.362373 0.182166
v 0.205817 0.343259 0.176374
v 0.205933 0.334455 0.168149
v 0.206628 0.347082 0.168497
v 0.200373 0.358897 0.172320
v 0.198172 0.367585 0.162126
v 0.193307 0.365037 0.157029
v 0.186356 0.357160 0.152627
v 0.185661 0.348935 0.153670
v 0.194813 0.345344 0.164327
v 0.193191 0.337120 0.156913
v 0.195623 0.330517 0.148920
v 0.202110 0.341058 0.155176
v 0.194928 0.309318 0.143128
v 0.186820 0.299009 0.141159
v 0.176394 0.297966 0.143823
v 0.173382 0.297271 0.139537
v 0.174193 0.295302 0.147067
v 0.185661 0.287888 0.135135
v 0.194697 0.290089 0.146256
v 0.188557 0.290784 0.135483
v 0.190295 0.299588 0.147298
v 0.196318 0.292754 0.144982
v 0.194233 0.308855 0.154596
v 0.196203 0.307813 0.145445
v 0.196898 0.350905 0.166528
v 0.191685 0.348935 0.157145
v 0.189252 0.349862 0.149152
v 0.194118 0.350325 0.152975
v 0.198172 0.314879 0.160388
v 0.202342 0.312330 0.170350
v 0.207787 0.308508 0.172088
v 0.201647 0.304685 0.165138
v 0.199562 0.300283 0.155060
v 0.196087 0.300051 0.161199
v 0.201415 0.291943 0.160852
v 0.199909 0.280359 0.154828
v 0.196434 0.280359 0.154133
vn -0.997206 0.030509 0.068183
vn -0.998554 -0.051354 -0.015904
vn -0.979001 0.012819 0.203453
vn -0.963166 0.154660 0.219982
vn -0.861996 0.176576 0.475168
vn -0.795178 0.039930 0.605060
vn -0.979004 -0.083330 0.186031
vn -0.986101 -0.154190 0.061884
vn -0.971309 -0.140127 0.192152
vn -0.942450 -0.115281 0.313845
vn -0.848758 0.030611 0.527894
vn -0.525710 0.143107 0.838540
vn -0.630197 0.287256 0.721343
vn -0.715102 0.430318 0.550867
vn -0.889952 0.393286 0.230891
vn -0.977179 0.209184 0.036930
vn -0.995759 0.050683 -0.076783
vn -0.978745 0.176749 -0.104011
vn -0.955135 0.296153 -0.003202
vn -0.826914 0.550078 0.116733
vn -0.672539 0.605637 0.425318
vn -0.566744 0.594527 0.570385
vn -0.725287 0.575522 0.377801
vn -0.835315 0.481438 0.265455
vn -0.907871 0.417745 -0.035501
vn -0.987595 0.152103 -0.039004
vn -0.958380 0.199496 -0.204227
vn -0.913518 0.297389 -0.277569
vn -0.891714 0.307471 -0.332125
vn -0.935522 0.333178 -0.117434
vn -0.866592 0.495434 -0.059703
vn -0.917774 0.366012 -0.154031
vn -0.918407 0.318473 -0.234743
vn -0.905397 0.344685 -0.247890
vn -0.903239 0.314032 -0.292478
vn -0.870278 0.348698 -0.347888
vn -0.913007 0.295628 -0.281110
vn -0.944893 0.156701 -0.287442
vn -0.996703 0.055638 -0.059056
vn -0.918626 -0.108758 -0.379865
vn -0.959050 -0.057179 -0.277406
vn -0.873162 -0.071903 -0.482098
vn -0.907228 0.125256 -0.401558
vn -0.878486 0.079250 -0.471149
vn -0.861312 -0.134839 -0.489857
vn -0.730585 -0.276348 -0.624402
vn -0.754351 -0.300751 -0.583527
vn -0.721733 -0.271042 -0.636897
vn -0.838546 -0.366875 -0.402794
vn -0.932649 -0.144810 -0.330448
vn -0.945969 0.102905 -0.307496
vn -0.904525 0.266763 -0.332675
vn -0.912696 0.230916 -0.337141
vn -0.894684 0.323157 -0.308398
vn -0.913741 0.327772 -0.240091
vn -0.897697 0.377803 -0.226724
vn -0.898186 0.373161 -0.232409
vn -0.927025 0.313622 -0.205587
vn -0.937748 0.248458 -0.242687
vn -0.962367 0.238537 -0.130193
vn -0.992213 0.116783 -0.043305
vn -0.988872 -0.097160 -0.112656
vn -0.964572 -0.241031 -0.107265
vn -0.940487 -0.060950 -0.334320
vn -0.818312 0.172116 0.548399
vn -0.687434 -0.391932 0.611411
vn -0.101925 0.220841 0.969969
vn -0.422701 -0.170026 0.890177
vn -0.302639 0.169718 0.937873
vn -0.670426 0.057604 0.739737
vn -0.890726 -0.096037 0.444279
vn -0.925079 -0.173159 0.338002
vn -0.940150 -0.271193 0.206329
vn -0.958702 -0.267902 0.095491
vn -0.888254 -0.388434 0.245201
vn -0.806946 -0.475947 0.349732
vn -0.783307 -0.455679 0.422832
vn -0.802056 -0.368448 0.470056
vn -0.626283 -0.553217 0.549291
vn -0.576502 -0.561665 0.593445
vn -0.496363 -0.602959 0.624551
vn -0.560600 -0.608364 0.561801
vn -0.772803 -0.508054 0.380337
vn -0.893368 -0.346727 0.285788
vn -0.981325 -0.170061 -0.089888
vn -0.983470 -0.114157 -0.140549
vn -0.991146 -0.003038 -0.132742
vn -0.956291 0.245029 -0.159586
vn -0.883542 0.460775 -0.083901
vn -0.876719 0.454411 -0.157714
vn -0.893180 0.385645 -0.231317
vn -0.927375 0.229073 -0.295807
vn -0.971123 0.136613 -0.195596
vn -0.955937 -0.000740 -0.293570
vn -0.889868 0.104053 -0.444195
vn -0.894524 0.208410 -0.395465
vn -0.877239 0.366470 -0.310083
vn -0.880418 0.125132 -0.457390
vn -0.875307 0.261047 -0.407054
vn -0.864159 0.339386 -0.371546
vn -0.859636 0.233385 -0.454485
vn -0.865484 0.083681 -0.493899
vn -0.867046 -0.036333 -0.496902
vn -0.868416 -0.088012 -0.487963
vn -0.929574 -0.155461 -0.334251
vn -0.950791 -0.147888 -0.272260
vn -0.929744 -0.137399 -0.341611
vn -0.890969 -0.197947 -0.408645
vn -0.856323 -0.186766 -0.481486
vn -0.839186 -0.179192 -0.513476
vn -0.823463 -0.059343 -0.564258
vn -0.830108 0.146061 -0.538133
vn -0.816274 0.278305 -0.506205
vn -0.838672 0.358011 -0.410436
vn -0.885963 0.407848 -0.220749
vn -0.900932 0.408859 -0.145448
vn -0.896890 0.319795 -0.305484
vn -0.891535 0.338739 -0.300701
vn -0.884925 0.368657 -0.284604
vn -0.898942 0.332421 -0.285305
vn -0.891347 0.362288 -0.272484
vn -0.865916 0.392713 -0.309784
vn -0.860565 0.437716 -0.260448
vn -0.839501 0.445273 -0.311399
vn -0.863906 0.417119 -0.282275
vn -0.895072 0.350674 -0.275452
vn -0.900060 0.374808 -0.222287
vn -0.915426 0.365350 -0.168862
vn -0.884971 0.415548 -0.210110
vn -0.827199 0.453121 -0.332300
vn -0.724054 0.475196 -0.499935
vn -0.714376 0.364888 -0.597096
vn -0.724882 0.246554 -0.643239
vn -0.743283 0.097907 -0.661774
vn -0.629510 0.153139 -0.761751
vn -0.605354 0.257604 -0.753118
vn -0.577652 0.366543 -0.729359
vn -0.578679 0.494513 -0.648528
vn -0.614216 0.583690 -0.531080
vn -0.727775 0.543831 -0.417842
vn -0.789734 0.515657 -0.332291
vn -0.815178 0.489055 -0.310337
vn -0.889454 0.415498 -0.190350
vn -0.842437 0.428995 -0.325980
vn -0.840047 0.479153 -0.254429
vn -0.843378 0.468454 -0.263182
vn -0.806884 0.512343 -0.294011
vn -0.831230 0.486332 -0.269327
vn -0.831636 0.485843 -0.268959
vn -0.809295 0.485570 -0.330551
vn -0.833692 0.406289 -0.374015
vn -0.896104 0.334743 -0.291451
vn -0.896768 0.360871 -0.256085
vn -0.860848 0.390120 -0.326722
vn -0.877543 0.407173 -0.253236
vn -0.870866 0.455219 -0.185388
vn -0.850916 0.456219 -0.260394
vn -0.879274 0.386216 -0.278772
vn -0.844884 0.454289 -0.282476
vn -0.809432 0.511671 -0.288120
vn -0.811500 0.515052 -0.276022
vn -0.843558 0.494257 -0.210048
vn -0.847432 0.503849 -0.167318
vn -0.805048 0.562665 -0.187898
vn -0.822999 0.516235 -0.237011
vn -0.761752 0.582654 -0.283279
vn -0.808195 0.543283 -0.227298
vn -0.763292 0.580202 -0.284167
vn -0.786187 0.545199 -0.290977
vn -0.821527 0.507658 -0.259572
vn -0.791299 0.548448 -0.270280
vn -0.799106 0.543643 -0.256676
vn -0.842392 0.484269 -0.236344
vn -0.786147 0.533823 -0.311458
vn -0.736170 0.563865 -0.374312
vn -0.739588 0.584435 -0.333835
vn -0.723515 0.562024 -0.400817
vn -0.584424 0.622144 -0.520947
vn -0.552257 0.643396 -0.530145
vn -0.483920 0.645715 -0.590655
vn -0.694355 0.604520 -0.390418
vn -0.606105 0.623326 -0.494066
vn -0.693423 0.602288 -0.395492
vn -0.712730 0.587971 -0.382500
vn -0.793511 0.553836 -0.252201
vn -0.743268 0.604764 -0.286032
vn -0.787883 0.564708 -0.245652
vn -0.747492 0.609608 -0.263882
vn -0.700871 0.665897 -0.255657
vn -0.635815 0.707901 -0.307596
vn -0.666313 0.702333 -0.250509
vn -0.625227 0.718836 -0.303918
vn -0.668188 0.662662 -0.338236
vn -0.530338 0.750272 -0.394758
vn -0.635737 0.665191 -0.391611
vn -0.608964 0.669953 -0.424648
vn -0.544937 0.727104 -0.417569
vn -0.413974 0.803576 -0.427659
vn -0.394211 0.840921 -0.370741
vn -0.506817 0.809216 -0.297162
vn -0.526362 0.776518 -0.346356
vn -0.557314 0.706504 -0.436180
vn -0.666321 0.693702 -0.273483
vn -0.463264 0.825189 -0.323185
vn -0.381060 0.878296 -0.288772
vn -0.252890 0.901800 -0.350434
vn -0.219981 0.878225 -0.424651
vn -0.348904 0.811269 -0.469157
vn -0.469726 0.763520 -0.443164
vn -0.516231 0.722079 -0.460551
vn -0.490268 0.734183 -0.469694
vn -0.539923 0.692195 -0.478904
vn -0.572764 0.644911 -0.505996
vn -0.600294 0.619823 -0.505436
vn -0.559042 0.601118 -0.571078
vn -0.442030 0.534895 -0.720068
vn -0.491047 0.465850 -0.736109
vn -0.453512 0.419009 -0.786612
vn -0.509775 0.295432 -0.807991
vn -0.571570 0.148600 -0.806986
vn -0.599195 0.058990 -0.798427
vn -0.706143 -0.063261 -0.705238
vn -0.708462 -0.258232 -0.656809
vn -0.727630 -0.347245 -0.591587
vn -0.798938 -0.304675 -0.518527
vn -0.827468 -0.264486 -0.495321
vn -0.829737 -0.192049 -0.524074
vn -0.706729 -0.310820 -0.635552
vn -0.640393 -0.452617 -0.620511
vn -0.400301 -0.503017 -0.765985
vn -0.415839 -0.571305 -0.707593
vn -0.507631 -0.417089 -0.753888
vn -0.430172 -0.434988 -0.791036
vn -0.536972 -0.318369 -0.781218
vn -0.514091 -0.143003 -0.845731
vn -0.591313 -0.025087 -0.806052
vn -0.540644 -0.252706 -0.802399
vn -0.381201 -0.369638 -0.847381
vn -0.251064 -0.522511 -0.814831
vn -0.272464 -0.563837 -0.779648
vn -0.114512 -0.673784 -0.730002
vn -0.178106 -0.661442 -0.728541
vn 0.197346 -0.629474 -0.751544
vn 0.115631 -0.722627 -0.681499
vn 0.079918 -0.699891 -0.709765
vn -0.092146 -0.654727 -0.750228
vn -0.391413 -0.473522 -0.789033
vn -0.579448 -0.421967 -0.697270
vn -0.858935 -0.156984 -0.487430
vn -0.838941 -0.105868 -0.533825
vn -0.949746 0.310852 0.036784
vn -0.807088 -0.107814 -0.580505
vn -0.659665 -0.168362 -0.732459
vn -0.735763 -0.112600 -0.667813
vn -0.592427 0.012223 -0.805532
vn -0.578948 0.136996 -0.803773
vn -0.477145 0.275783 -0.834432
vn -0.371012 0.368608 -0.852337
vn -0.287369 0.475528 -0.831439
vn -0.317863 0.569872 -0.757765
vn -0.274407 0.619399 -0.735558
vn -0.211211 0.645820 -0.733694
vn -0.151553 0.633271 -0.758947
vn -0.152504 0.548616 -0.822048
vn -0.132954 0.529918 -0.837562
vn -0.067351 0.473506 -0.878211
vn -0.263708 0.368919 -0.891267
vn -0.489584 0.282685 -0.824861
vn -0.778978 0.501194 -0.376825
vn -0.543322 0.013039 -0.839423
vn -0.835309 0.516046 -0.189620
vn -0.953655 0.298044 0.041385
vn -0.896165 0.418064 0.148698
vn -0.918761 0.353875 0.175072
vn -0.970022 0.197992 0.140916
vn -0.952889 0.115894 0.280306
vn -0.955460 -0.080849 0.283830
vn -0.980913 0.109620 0.160600
vn -0.963396 0.267391 -0.019226
vn -0.922000 0.365873 0.126704
vn -0.892523 0.406088 0.196205
vn -0.852358 0.519641 0.058812
vn -0.911356 0.411329 -0.015425
vn -0.946792 0.279676 0.159265
vn -0.918208 0.313037 0.242696
vn -0.732222 0.679706 -0.043025
vn -0.670247 0.725209 -0.157608
vn -0.778852 0.603184 -0.171928
vn -0.935388 0.351984 0.034021
vn -0.778410 0.535597 -0.327436
vn -0.820943 0.508894 -0.258997
vn -0.959660 0.275973 0.053776
vn -0.971757 0.235469 -0.015571
vn -0.963728 0.264130 -0.038247
vn -0.980130 0.193825 0.042151
vn -0.989756 0.133000 0.051897
vn -0.940946 0.336788 -0.034562
vn -0.927785 0.371969 0.029242
vn -0.739710 -0.496642 -0.454066
vn -0.410881 -0.665538 -0.623085
vn -0.254659 -0.742005 -0.620143
vn -0.199533 -0.715270 -0.669758
vn -0.095440 -0.700105 -0.707633
vn 0.006640 -0.759269 -0.650743
vn 0.249170 -0.740617 -0.624020
vn 0.469773 -0.596436 -0.650828
vn 0.388417 -0.769842 -0.506434
vn 0.637778 -0.535876 -0.553242
vn 0.667377 -0.189376 -0.720240
vn 0.365471 -0.252225 -0.895999
vn -0.297822 -0.258917 -0.918838
vn -0.554769 -0.032259 -0.831379
vn -0.722209 0.020763 -0.691363
vn -0.877181 -0.002618 -0.480153
vn -0.933666 0.000282 -0.358145
vn -0.974741 -0.146594 -0.168491
vn -0.977013 -0.208530 0.044279
vn -0.972929 -0.133228 -0.188837
vn -0.875799 0.041223 -0.480912
vn -0.732437 0.153547 -0.663295
vn -0.508387 0.224225 -0.831424
vn -0.236968 0.140160 -0.961354
vn -0.586465 0.101495 -0.803590
vn -0.844716 -0.010716 -0.535107
vn -0.963470 0.015082 -0.267393
vn -0.993516 0.004321 -0.113608
vn -0.942974 0.306387 0.130106
vn -0.970891 0.236031 -0.040750
vn -0.973576 0.056840 -0.221175
vn -0.911578 -0.021698 -0.410555
vn -0.748320 -0.064769 -0.660168
vn -0.810518 -0.299326 -0.503453
vn -0.886817 -0.332581 -0.320852
vn -0.630542 -0.695497 -0.344531
vn -0.606419 -0.489552 -0.626574
vn -0.421258 -0.274851 -0.864291
vn -0.282917 -0.598418 -0.749569
vn -0.278888 -0.897417 -0.341855
vn 0.026909 -0.682343 -0.730537
vn -0.029454 -0.363123 -0.931275
vn 0.009264 -0.017666 -0.999801
vn -0.484798 -0.043021 -0.873567
vn -0.554363 -0.005598 -0.832256
vn -0.275820 0.049055 -0.959957
vn 0.245448 0.074448 -0.966547
vn 0.243909 0.078687 -0.966601
vn 0.489710 0.012844 -0.871791
vn 0.529094 0.103545 -0.842222
vn 0.373646 -0.034839 -0.926917
vn 0.202364 -0.815097 -0.542831
vn -0.033182 -0.971459 -0.234877
vn -0.083495 -0.995813 -0.037215
vn -0.368390 -0.923017 -0.111030
vn -0.785554 -0.582283 -0.209408
vn -0.967528 -0.248971 -0.043623
vn -0.629576 -0.775101 -0.053413
vn -0.148684 -0.988845 -0.008872
vn -0.005970 -0.999761 -0.021054
vn 0.202815 -0.979206 -0.004594
vn 0.014751 -0.999362 0.032524
vn -0.223991 -0.972022 0.070726
vn -0.836201 -0.546124 -0.050167
vn -0.868820 0.480627 0.118954
vn -0.745872 0.528775 0.405058
vn -0.653303 -0.502050 0.566693
vn -0.601879 -0.587338 0.541088
vn -0.260225 -0.676723 0.688715
vn -0.401291 -0.637218 0.657965
vn -0.340225 -0.643638 0.685549
vn 0.021253 -0.662565 0.748702
vn -0.029288 -0.607546 0.793744
vn -0.613957 -0.474840 0.630542
vn -0.765104 -0.378718 0.520757
vn -0.874973 -0.178253 0.450165
vn -0.749440 0.020137 0.661766
vn -0.632081 0.061295 0.772475
vn -0.675486 0.122533 0.727121
vn -0.813614 -0.000351 0.581406
vn -0.799090 -0.197222 0.567942
vn -0.702493 -0.329888 0.630617
vn -0.343469 -0.325446 0.880973
vn -0.706341 -0.073702 0.704025
vn -0.078153 0.120884 0.989585
vn -0.301898 -0.145264 0.942208
vn -0.064932 -0.184409 0.980702
vn 0.159068 -0.380611 0.910951
vn 0.313391 0.070404 0.947011
vn 0.368237 0.178875 0.912362
vn 0.158871 0.208505 0.965032
vn -0.786156 -0.320893 0.528192
vn -0.873754 -0.457844 0.164116
vn -0.781029 -0.542416 0.309481
vn -0.768859 -0.586282 0.255204
vn -0.780338 -0.530114 0.331741
vn -0.814990 -0.520305 0.255095
vn -0.928356 -0.360186 -0.091772
vn -0.869932 -0.009414 -0.493081
vn -0.922078 -0.358189 0.146535
vn -0.824530 -0.498603 0.267479
vn -0.950865 -0.228541 0.208864
vn -0.909884 -0.363991 0.199052
vn -0.745914 -0.591661 0.305858
vn -0.903894 -0.413772 0.108479
vn -0.801534 -0.559899 0.209896
vn -0.901811 -0.398776 0.166480
vn -0.677355 -0.586271 0.444383
vn -0.868835 -0.429105 0.246971
vn -0.949217 -0.285398 0.132420
vn -0.960082 -0.262306 0.097151
vn -0.905653 -0.343170 0.249054
vn -0.988438 -0.150345 0.019684
vn -0.968552 -0.196310 0.152869
vn -0.972803 -0.210669 0.096298
vn -0.976608 -0.170435 0.131103
vn -0.987200 -0.158446 -0.018168
vn -0.969315 -0.016254 -0.245284
vn -0.986222 -0.131099 -0.100895
vn -0.990629 -0.125275 0.054403
vn -0.943361 -0.299193 0.143363
vn -0.968495 -0.206187 0.139656
vn -0.965868 -0.208076 0.154284
vn -0.883681 -0.415108 0.216317
vn -0.863912 -0.475850 0.164993
vn -0.846347 -0.494922 0.196849
vn -0.877815 -0.478475 0.022399
vn -0.947845 -0.308544 0.079945
vn -0.900232 -0.366473 0.235117
vn -0.849375 -0.502332 0.161941
vn -0.800020 -0.587680 0.120830
vn -0.938691 -0.314552 0.141124
vn -0.917326 -0.379576 0.120146
vn -0.947725 -0.294207 0.123531
vn -0.861960 -0.497700 0.096537
vn -0.930307 -0.363322 0.050250
vn -0.917415 -0.393291 -0.060592
vn -0.875421 -0.477878 0.072603
vn 0.032768 0.000387 0.999463
vn 0.309795 0.089940 0.946540
vn 0.450786 -0.105812 0.886338
vn 0.544121 0.064768 0.836503
vn 0.534672 -0.190703 0.823261
vn 0.666173 -0.143511 0.731859
vn 0.601242 -0.401594 0.690819
vn 0.208534 -0.586766 0.782444
vn 0.283508 -0.631524 0.721666
vn 0.222159 -0.630326 0.743865
vn -0.102561 -0.657468 0.746470
vn -0.329184 -0.210999 0.920390
vn 0.165436 -0.555803 0.814687
vn 0.396468 -0.553745 0.732243
vn 0.611436 -0.432419 0.662691
vn 0.619911 -0.454740 0.639471
vn 0.519727 -0.450263 0.726049
vn 0.756616 -0.335058 0.561487
vn 0.751103 -0.346426 0.561990
vn 0.664863 -0.265259 0.698280
vn 0.128722 -0.631326 0.764760
vn -0.125548 -0.832309 0.539907
vn -0.515800 -0.822004 0.241372
vn -0.396688 -0.583215 0.708872
vn -0.536231 -0.825345 -0.176811
vn -0.865939 -0.499652 0.022311
vn -0.542591 -0.296303 0.786002
vn -0.871452 -0.483264 0.083833
vn -0.886854 -0.457940 0.061492
vn -0.904275 -0.402139 -0.143426
vn -0.886981 -0.435048 -0.154915
vn -0.925275 -0.313593 -0.213369
vn -0.777815 -0.624629 -0.069594
vn -0.554758 -0.831620 0.025539
vn -0.521371 -0.852260 0.042719
vn -0.553908 -0.808261 0.199750
vn 0.155260 -0.925418 0.345681
vn -0.630831 -0.599507 0.492588
vn -0.099806 -0.658438 0.745988
vn -0.685871 -0.681884 0.254197
vn -0.663141 -0.745937 0.061821
vn -0.453212 -0.854439 0.254033
vn -0.460449 -0.525128 0.715700
vn -0.686701 -0.576186 0.443228
vn -0.914624 -0.404264 -0.005743
vn -0.776135 -0.239489 0.583318
vn -0.888616 -0.440580 0.127479
vn -0.915411 -0.398862 -0.054143
vn -0.974384 -0.201962 0.098930
vn -0.891140 -0.447446 0.075247
vn -0.870280 -0.441587 0.218204
vn -0.830440 -0.513548 0.215959
vn -0.824852 -0.387377 0.411774
vn -0.870376 -0.426440 0.246159
vn -0.781215 -0.435098 0.447653
vn -0.620590 -0.599345 0.505621
vn -0.868024 -0.380039 0.319537
vn -0.451782 -0.707711 0.543175
vn -0.416356 -0.702917 0.576677
vn -0.079105 -0.880137 0.468083
vn -0.516857 -0.753148 0.406973
vn -0.446271 -0.846506 0.290293
vn -0.687243 -0.673556 0.272063
vn -0.524803 -0.675072 0.518517
vn -0.414851 -0.811437 0.411665
vn -0.293994 -0.805484 0.514551
vn -0.288476 -0.864009 0.412637
vn -0.426445 -0.828345 0.363302
vn -0.632905 -0.693410 0.344404
vn -0.598418 -0.736894 0.314457
vn -0.714182 -0.526675 0.461039
vn -0.758726 -0.535210 0.371329
vn -0.744310 -0.622622 0.241547
vn 0.341629 -0.713319 0.611935
vn 0.232180 -0.532205 0.814156
vn -0.915562 -0.325724 0.235904
vn -0.539973 -0.787220 0.297848
vn -0.530329 -0.811025 0.246962
vn -0.380760 -0.851269 0.361057
vn -0.314183 -0.854367 0.413940
vn -0.236055 -0.875511 0.421614
vn -0.033700 -0.896900 0.440947
vn -0.032491 -0.858651 0.511530
vn -0.021308 -0.883142 0.468621
vn -0.207092 -0.960823 0.184206
vn -0.417086 -0.863555 0.283393
vn -0.338983 -0.923576 0.179157
vn -0.445854 -0.593460 0.670089
vn -0.649255 -0.705194 0.284903
vn -0.462337 -0.885887 0.038059
vn -0.438209 -0.785436 0.437108
vn -0.246879 -0.858196 0.450056
vn 0.001666 -0.898861 0.438230
vn -0.159828 -0.800813 0.577195
vn -0.299687 -0.863251 0.406183
vn -0.104041 -0.914018 0.392105
vn -0.011719 -0.798217 0.602257
vn 0.056817 -0.860228 0.506734
vn 0.208585 -0.806552 0.553141
vn 0.253848 -0.887685 0.384156
vn 0.090681 -0.907984 0.409074
vn 0.290158 -0.826007 0.483239
vn 0.301318 -0.859213 0.413474
vn 0.219973 -0.903357 0.368182
vn 0.297911 -0.902753 0.310302
vn 0.281636 -0.824087 0.491489
vn 0.351618 -0.826627 0.439377
vn 0.292491 -0.892333 0.343787
vn 0.096533 -0.906036 0.412044
vn 0.167085 -0.970417 0.174282
vn -0.258037 -0.962724 0.081115
vn -0.428869 -0.902468 -0.040294
vn -0.353350 -0.929266 0.107744
vn -0.005291 -0.963585 0.267349
vn 0.370405 -0.906793 0.201312
vn 0.369137 -0.927131 0.064540
vn 0.496069 -0.837359 0.229663
vn 0.408735 -0.814247 0.412234
vn 0.457690 -0.806358 0.374575
vn 0.416035 -0.795686 0.440225
vn 0.397711 -0.850829 0.343389
vn 0.433726 -0.894948 0.104643
vn 0.378722 -0.808171 0.451030
vn 0.282380 -0.885341 0.369369
vn 0.189278 -0.866834 0.461272
vn 0.056942 -0.909259 0.412317
vn -0.173620 -0.887985 0.425838
vn -0.103542 -0.827959 0.551147
vn -0.278704 -0.881084 0.382119
vn -0.234891 -0.843365 0.483283
vn -0.085306 -0.909290 0.407326
vn 0.117239 -0.869089 0.480561
vn 0.234295 -0.875635 0.422339
vn 0.531342 -0.817006 0.224001
vn 0.656121 -0.731750 0.184520
vn 0.514649 -0.752524 0.410906
vn 0.688428 -0.611622 0.389854
vn 0.603927 -0.759025 0.243216
vn 0.611572 -0.703412 0.362204
vn 0.759116 -0.576250 0.302786
vn 0.592039 -0.733314 0.334276
vn 0.612229 -0.789645 -0.040451
vn 0.495171 -0.866686 0.060506
vn 0.457326 -0.856249 0.240187
vn 0.259197 -0.944745 0.200681
vn -0.118607 -0.962849 0.242600
vn -0.462016 -0.848906 0.256711
vn -0.513428 -0.855803 0.063186
vn -0.640524 -0.766684 -0.043861
vn -0.663038 -0.748581 -0.002829
vn 0.346622 -0.805788 0.480165
vn -0.610286 -0.791496 -0.032943
vn 0.252853 -0.869621 0.424057
vn 0.739301 -0.421801 0.524897
vn -0.712691 -0.700588 0.035313
vn -0.633126 -0.758789 0.152942
vn -0.638233 -0.766860 0.067706
vn -0.488638 -0.872487 0.000200
vn -0.322626 -0.940350 0.107954
vn 0.004551 -0.999861 -0.016024
vn -0.290664 -0.953597 -0.078529
vn -0.297447 -0.936418 -0.186135
vn -0.026615 -0.997234 -0.069390
vn -0.294847 -0.942515 -0.157259
vn -0.431075 -0.899156 -0.075450
vn -0.472412 -0.868017 -0.152883
vn -0.425762 -0.857004 -0.290294
vn -0.398201 -0.758638 -0.515660
vn -0.265842 -0.796213 -0.543482
vn -0.347638 -0.864833 -0.362232
vn -0.098619 -0.956459 -0.274700
vn -0.362512 -0.735968 -0.571783
vn 0.022107 -0.957594 -0.287271
vn -0.120554 -0.992406 0.024430
vn -0.396586 -0.909342 -0.125765
vn -0.234353 -0.857668 -0.457695
vn 0.065387 -0.922043 -0.381525
vn -0.224816 -0.974346 0.010390
vn 0.820793 -0.566859 -0.070497
vn 0.833504 -0.530190 0.155466
vn 0.768118 -0.461450 0.443913
vn 0.175905 -0.831999 0.526151
vn 0.858733 -0.304250 0.412323
vn 0.862015 -0.262141 0.433835
vn 0.679045 -0.347046 0.646883
vn 0.682426 -0.193492 0.704880
vn 0.794538 -0.140812 0.590662
vn 0.709050 0.281419 0.646569
vn 0.891921 0.116209 0.437005
vn 0.937180 -0.123299 0.326330
vn 0.987009 -0.142872 0.073485
vn 0.972437 -0.217028 0.085229
vn 0.964636 -0.190366 -0.182314
vn 0.825836 -0.312460 -0.469428
vn 0.798025 0.037925 -0.601429
vn 0.902913 0.060502 -0.425544
vn 0.736756 0.144504 -0.660537
vn 0.688820 0.078851 -0.720631
vn 0.675560 -0.382504 -0.630325
vn 0.560674 -0.750253 -0.350378
vn 0.750703 -0.586107 -0.304835
vn 0.929890 -0.077220 -0.359640
vn 0.999126 -0.032871 -0.025803
vn 0.973138 -0.016357 0.229641
vn 0.987998 -0.153941 0.012733
vn 0.809055 -0.587638 0.010536
vn 0.619083 -0.778608 0.102499
vn 0.905959 -0.392400 0.158934
vn 0.971087 -0.116491 0.208375
vn 0.790990 -0.595057 0.142275
vn 0.234730 -0.971530 0.032109
vn 0.190627 -0.976124 0.104127
vn 0.843559 -0.531080 0.079770
vn 0.969602 0.088162 0.228253
vn 0.874624 -0.466408 0.132275
vn 0.610440 0.647306 0.456462
vn 0.974235 0.224481 -0.021779
vn 0.996847 0.039413 0.068874
vn 0.752423 0.636456 0.169658
vn 0.831832 0.273800 0.482792
vn 0.526528 -0.847108 -0.071948
vn -0.024518 -0.998605 -0.046766
vn -0.187940 -0.916544 0.353024
vn -0.297276 0.304425 0.904960
vn 0.265278 0.757439 0.596585
vn -0.129660 0.938204 0.320878
vn -0.008180 0.920156 0.391466
vn -0.669695 0.577048 0.467466
vn -0.909247 -0.169473 0.380195
vn -0.044655 -0.968619 0.244506
vn -0.063997 -0.843829 0.532782
vn 0.422054 -0.886741 0.188577
vn 0.700856 -0.066059 0.710238
vn 0.046268 0.778762 0.625610
vn 0.705154 0.478349 0.523393
vn 0.498381 0.637194 0.587878
vn 0.528500 0.727736 0.437137
vn 0.879199 0.364890 0.306372
vn 0.535573 0.575841 0.617712
vn 0.293474 -0.027630 0.955568
vn 0.423120 -0.322839 0.846608
vn 0.553229 -0.322575 0.768038
vn 0.638462 -0.118578 0.760464
vn 0.175006 0.298515 0.938223
vn -0.230544 0.721605 0.652790
vn -0.286937 0.865847 0.409849
vn 0.165631 0.852205 0.496298
vn 0.495676 0.772491 0.396942
vn 0.397052 0.775063 0.491556
vn 0.413503 0.776452 0.475540
vn 0.453056 0.742510 0.493375
vn -0.142560 0.872737 0.466912
vn -0.160423 0.880090 0.446885
vn 0.115306 0.845835 0.520833
vn -0.378254 0.822861 0.424056
vn 0.622624 0.652883 0.431374
vn 0.811101 -0.478262 0.336719
vn 0.182014 0.546489 0.817448
vn -0.679884 0.666280 0.306314
vn -0.181183 0.781619 0.596863
vn 0.853860 0.248549 0.457325
vn 0.815339 -0.217065 0.536755
vn -0.942123 -0.304310 0.140712
vn -0.945078 0.214007 0.247042
vn -0.200546 -0.977308 -0.068199
vn -0.271424 -0.951387 0.145572
vn -0.297242 -0.933366 0.201185
vn -0.161078 -0.977471 0.136398
vn -0.151738 -0.973186 0.172875
vn -0.413847 -0.910081 0.021972
vn -0.943624 -0.327546 -0.047821
vn -0.996265 -0.051593 0.069233
vn -0.476735 0.801095 0.361897
vn -0.673495 0.671325 0.309396
vn -0.549524 -0.829886 0.096499
vn 0.357130 -0.859882 0.364774
vn -0.314808 -0.852421 0.417462
vn 0.717291 0.258251 0.647148
vn 0.367060 0.654930 0.660555
vn 0.293119 0.717225 0.632195
vn -0.409031 0.785449 0.464504
vn -0.471801 0.650443 0.595254
vn -0.973578 0.132849 0.185732
vn -0.392524 0.848513 0.354894
vn -0.437354 0.810522 0.389583
vn 0.044680 0.869660 0.491625
vn 0.125480 0.916628 0.379536
vn -0.583100 0.721818 0.372792
vn -0.805320 0.276721 0.524295
vn 0.600031 -0.792496 0.109147
vn -0.829917 -0.557367 0.024075
vn -0.321207 -0.937514 0.133766
vn -0.330921 -0.936862 0.113052
vn 0.116213 -0.907854 0.402859
vn -0.367260 -0.759487 0.536936
vn 0.569135 -0.773148 0.279871
vn -0.994041 0.093814 0.055502
vn -0.992514 -0.096975 0.074243
vn -0.973975 -0.133410 0.183231
vn -0.936131 -0.255252 0.241879
vn -0.972025 -0.211770 0.101587
vn -0.952370 -0.234037 0.195495
vn -0.951366 -0.218700 0.216963
vn -0.948477 -0.257937 0.184011
vn -0.915618 -0.332640 0.225820
vn -0.962177 -0.220473 0.160024
vn -0.955923 -0.265180 0.126058
vn -0.950381 -0.188371 0.247573
vn -0.981549 0.012277 0.190818
vn -0.943181 -0.148174 0.297411
vn -0.949637 -0.178091 0.257822
vn -0.882316 -0.405150 0.239525
vn -0.861560 -0.410385 0.298829
vn -0.906420 -0.348752 0.238273
vn -0.884242 -0.414295 0.215582
vn -0.892851 -0.359666 0.271029
vn -0.838453 -0.426866 0.338794
vn -0.720871 -0.529577 0.447094
vn -0.853513 -0.368924 0.367982
vn -0.869294 -0.220337 0.442471
vn -0.947637 -0.101990 0.302626
vn -0.912453 -0.204070 0.354661
vn -0.917543 -0.218244 0.332392
vn -0.895175 -0.295060 0.334069
vn -0.906630 -0.294325 0.302314
vn -0.848804 -0.490884 0.196377
vn -0.867042 -0.374091 0.329080
vn -0.831856 -0.469104 0.296577
vn -0.819095 -0.428166 0.381782
vn -0.900387 -0.314705 0.300441
vn -0.839171 -0.445499 0.311966
vn -0.878001 -0.427536 0.215240
vn -0.840524 -0.402259 0.362914
vn -0.871639 -0.424016 0.245879
vn -0.911804 -0.277755 0.302434
vn -0.893214 -0.394363 0.215978
vn -0.774240 -0.539701 0.330569
vn -0.779998 -0.519358 0.349099
vn -0.866094 -0.484780 0.121937
vn -0.765821 -0.641664 -0.042250
vn -0.637637 -0.764403 0.095431
vn -0.617871 -0.638216 0.459255
vn -0.628844 -0.669205 0.395879
vn -0.679538 -0.708013 0.192211
vn -0.763316 -0.622897 0.171314
vn -0.646901 -0.629348 0.430628
vn -0.675828 -0.592096 0.438953
vn -0.734533 -0.675753 0.061801
vn -0.703083 -0.609943 0.365573
vn -0.263448 -0.861217 0.434626
vn -0.777260 -0.541502 0.320378
vn -0.821557 -0.520693 0.232212
vn -0.666114 -0.727956 0.162396
vn -0.661827 -0.745617 0.077723
vn -0.818128 -0.540587 0.196039
vn -0.841710 -0.430543 0.325818
vn -0.484869 -0.874298 -0.022478
vn -0.785533 -0.617842 0.034769
vn -0.471707 -0.834936 0.283506
vn -0.357137 -0.835087 0.418430
vn -0.326247 -0.824971 0.461503
vn -0.205708 -0.870062 0.447970
vn -0.697366 -0.652675 0.296134
vn -0.715358 -0.681296 0.155240
vn -0.595632 -0.785522 0.167862
vn -0.516041 -0.821213 0.243538
vn -0.771510 -0.635270 0.034702
vn -0.489988 -0.836463 0.245441
vn -0.347352 -0.936702 -0.044008
vn -0.324234 -0.841719 0.431719
vn -0.733592 -0.647581 0.206110
vn -0.677775 -0.706621 0.203246
vn -0.299640 -0.902714 0.308743
vn -0.445150 -0.839755 0.310890
vn -0.277377 -0.909181 0.310567
vn -0.351545 -0.875758 0.330852
vn -0.699456 -0.688538 0.191509
vn -0.476652 -0.833113 0.280581
vn -0.670229 -0.711315 0.211717
vn -0.543925 -0.773124 0.326229
vn -0.259797 -0.890704 0.373032
vn -0.193817 -0.925835 0.324444
vn -0.075234 -0.966450 0.245591
vn 0.120612 -0.986370 0.111928
vn -0.004098 -0.999748 0.022089
vn -0.184020 -0.975985 0.116574
vn -0.267412 -0.945301 0.186805
vn -0.335694 -0.887149 0.316664
vn -0.541990 -0.804345 0.243467
vn -0.647958 -0.742707 0.168930
vn -0.851000 -0.521620 0.060918
vn -0.943912 -0.238659 0.228191
vn -0.840093 -0.492097 0.228220
vn -0.915159 -0.022459 0.402467
vn -0.894477 0.065917 0.442228
vn -0.749085 -0.653975 0.105772
vn -0.516992 -0.855587 0.026292
vn -0.593132 -0.719344 0.361578
vn -0.422931 -0.883554 0.201150
vn -0.333488 -0.914957 0.227242
vn -0.505734 -0.731890 0.456695
vn -0.605919 -0.714712 0.349355
vn -0.519460 -0.839396 0.159925
vn -0.380853 -0.871238 0.309671
vn -0.383008 -0.923584 -0.017225
vn -0.131539 -0.970474 -0.202184
vn -0.471423 -0.653639 0.592044
vn -0.595428 -0.408488 0.691811
vn -0.060339 -0.995894 0.067489
vn -0.599241 -0.721347 0.347230
vn -0.211425 -0.959251 0.187450
vn 0.000034 -0.982497 0.186280
vn 0.175597 -0.983022 0.053232
vn 0.237625 -0.948514 0.209418
vn 0.257470 -0.950030 0.176499
vn 0.089296 -0.967927 0.234827
vn 0.144577 -0.968222 0.204067
vn 0.124720 -0.983932 0.127761
vn -0.100363 -0.977363 0.186251
vn -0.620120 -0.766347 0.167820
vn 0.134193 -0.985936 0.099608
vn -0.383712 -0.923135 0.024216
vn -0.550852 -0.833506 -0.042782
vn -0.444101 -0.886659 0.128878
vn -0.556552 -0.830675 -0.015105
vn -0.657462 -0.748818 0.083761
vn -0.141751 -0.967311 0.210277
vn 0.028451 -0.973964 0.224912
vn 0.486040 -0.833831 0.261707
vn 0.363234 -0.879613 0.307153
vn -0.233297 -0.948588 0.213899
vn -0.721254 -0.691443 0.041227
vn -0.135647 -0.955597 0.261599
vn -0.175305 -0.967851 0.180365
vn -0.730162 -0.682635 0.029544
vn 0.268129 -0.897097 0.351174
vn 0.220371 -0.939471 0.262358
vn 0.131712 -0.936476 0.325060
vn 0.093703 -0.946753 0.308024
vn 0.220703 -0.973637 0.057623
vn -0.084283 -0.977026 -0.195747
vn -0.348399 -0.921979 0.169039
vn -0.128615 -0.981419 0.142392
vn -0.062772 -0.987586 0.143991
vn -0.165114 -0.982554 0.085586
vn -0.382998 -0.923608 -0.016142
vn -0.347615 -0.934426 -0.077535
vn -0.271127 -0.956951 -0.103608
vn -0.125760 -0.989445 -0.071998
vn 0.118050 -0.990863 -0.065221
vn 0.003286 -0.972073 -0.234657
vn -0.047928 -0.947487 -0.316182
vn -0.128708 -0.914089 -0.384547
vn -0.087834 -0.884069 -0.459028
vn 0.772694 -0.378572 -0.509537
vn -0.393060 -0.905165 0.161803
vn -0.431494 -0.850456 0.300894
vn -0.209514 -0.898724 0.385226
vn 0.039296 -0.869479 0.492405
vn -0.412334 -0.893198 0.179382
vn -0.747563 -0.646653 0.151622
vn -0.598279 -0.781101 0.178728
vn -0.111891 -0.934085 0.339067
vn 0.494167 -0.795239 0.351274
vn 0.258089 -0.785287 0.562774
vn 0.109991 -0.968313 0.224214
vn -0.079808 -0.901994 0.424309
vn 0.586835 -0.585232 0.559578
vn -0.271397 -0.793355 0.544915
vn 0.205838 -0.640298 0.740033
vn -0.415571 -0.776148 0.474231
vn -0.396504 -0.849702 0.347551
vn -0.854073 -0.509950 0.102521
vn -0.232860 -0.778807 0.582439
vn -0.937433 -0.347003 0.028435
vn -0.265479 -0.726575 0.633726
vn 0.050373 -0.711716 0.700658
vn -0.216447 -0.838326 0.500360
vn 0.112916 -0.874488 0.471720
vn -0.319696 -0.619352 0.717076
vn -0.307062 -0.652099 0.693167
vn 0.705899 -0.518846 0.482188
vn 0.647190 -0.567112 0.509440
vn -0.362365 -0.625238 0.691208
vn 0.400727 -0.580810 0.708574
vn -0.232385 -0.677973 0.697388
vn -0.183351 -0.713325 0.676424
vn 0.081221 -0.648792 0.756619
vn -0.922484 -0.379457 -0.070969
vn -0.754622 -0.569299 0.326258
vn -0.600271 -0.607383 0.520347
vn -0.064206 -0.586593 0.807333
vn 0.233621 -0.598953 0.765948
vn -0.237007 -0.783621 0.574252
vn -0.680993 -0.730564 -0.050255
vn -0.723316 -0.670164 0.166413
vn -0.650474 -0.742474 0.160049
vn -0.370811 -0.884045 0.284542
vn 0.019126 -0.979363 0.201203
vn -0.409676 -0.910915 0.048977
vn 0.421304 -0.858023 0.293767
vn -0.023935 -0.972121 0.233254
vn 0.434469 -0.863943 0.254634
vn 0.455605 -0.864778 0.211148
vn -0.062914 -0.985199 0.159454
vn -0.142539 -0.971316 0.190337
vn -0.177461 -0.975824 0.127571
vn 0.438218 -0.877741 0.193743
vn 0.377504 -0.871082 0.314176
vn 0.703773 -0.516389 0.487900
vn 0.133307 -0.989910 0.048028
vn 0.620929 -0.643837 0.447126
vn -0.194710 -0.962029 -0.191282
vn 0.350884 -0.883021 0.311695
vn 0.093592 -0.972934 -0.211281
vn -0.180029 -0.983567 -0.013624
vn 0.116773 -0.982412 0.145704
vn 0.004173 -0.972823 0.231514
vn 0.380235 -0.908035 0.175765
vn 0.247253 -0.944839 0.214814
vn -0.292331 -0.891568 0.345902
vn -0.212068 -0.893272 0.396348
vn 0.828913 -0.554700 -0.072193
vn -0.185346 -0.952085 0.243272
vn 0.511166 -0.851943 0.113592
vn 0.797868 -0.601821 0.034902
vn 0.557666 -0.829637 0.026660
vn 0.532093 -0.845767 0.039438
vn -0.182032 -0.968581 0.169455
vn -0.150711 -0.957437 0.246174
vn 0.620422 -0.763672 0.178553
vn -0.446492 -0.864275 0.231673
vn -0.390797 -0.882796 0.260672
vn 0.084716 -0.971722 0.220409
vn 0.575346 -0.805312 0.143001
vn 0.548264 -0.829634 0.105421
vn -0.009860 -0.963607 0.267141
vn -0.091061 -0.963378 0.252211
vn 0.094221 -0.992912 0.072439
vn 0.238630 -0.967629 0.082159
vn 0.005174 -0.994780 0.101914
vn 0.034208 -0.997433 -0.062900
vn 0.529494 -0.846573 0.054311
vn 0.241141 -0.963830 -0.113500
vn 0.331323 -0.939244 -0.089700
vn 0.094155 -0.957248 -0.273515
vn 0.171976 -0.976848 0.127252
vn 0.535729 -0.405590 0.740602
vn 0.313576 -0.916634 0.247895
vn 0.507100 -0.724811 0.466367
vn 0.400522 -0.914214 0.061598
vn 0.587259 -0.767777 0.256214
vn 0.427553 -0.902086 -0.058647
vn 0.171871 -0.956105 -0.237326
vn 0.050917 -0.974906 -0.216714
vn 0.095238 -0.992431 0.077525
vn 0.283550 -0.914378 0.288985
vn 0.101140 -0.865982 0.489741
vn 0.166425 -0.842983 0.511549
vn 0.844394 -0.532608 0.057680
vn 0.250895 -0.762350 0.596552
vn -0.075373 -0.742296 0.665820
vn 0.206367 -0.748363 0.630370
vn 0.697162 -0.630001 0.342145
vn 0.210058 -0.717212 0.664442
vn 0.309326 -0.700012 0.643661
vn -0.252449 -0.643079 0.722993
vn 0.336370 -0.657116 0.674577
vn -0.448953 -0.752521 0.481823
vn -0.695383 -0.575479 0.430425
vn -0.701856 -0.425540 0.571239
vn -0.939660 -0.232783 0.250702
vn -0.800376 -0.161886 0.577227
vn -0.545823 -0.324925 0.772335
vn -0.436608 -0.406001 0.802830
vn -0.380949 -0.488217 0.785189
vn 0.069727 -0.656362 0.751217
vn 0.598157 -0.605358 0.525119
vn 0.788560 -0.578009 0.209948
vn 0.402341 -0.879300 0.254859
vn 0.045033 -0.975463 0.215508
vn -0.381190 -0.869916 0.312953
vn 0.020986 -0.980754 0.194116
vn 0.102536 -0.962693 0.250416
vn -0.495003 -0.833330 0.246034
vn 0.094394 -0.944243 0.315429
vn 0.311335 -0.841363 0.441790
vn 0.429643 -0.637666 0.639366
vn 0.525572 -0.620380 0.582153
vn 0.244739 -0.459463 0.853813
vn -0.148228 -0.412985 0.898595
vn -0.140167 -0.387515 0.911145
vn -0.491998 -0.089147 0.866020
vn -0.783520 -0.033462 0.620465
vn -0.943473 -0.081018 0.321394
vn -0.987835 -0.136003 0.075401
vn -0.717895 -0.657010 0.230141
vn 0.601119 -0.771173 0.209638
vn 0.487417 -0.800387 0.349007
vn 0.498420 -0.836503 0.227685
vn 0.350106 -0.935297 0.051435
vn 0.422074 -0.878774 0.222733
vn -0.674541 -0.735642 0.061848
vn -0.892572 -0.449072 -0.040618
vn -0.557867 -0.818360 0.138099
vn 0.085646 -0.958146 0.273168
vn 0.483148 -0.802624 0.349804
vn -0.824896 -0.553707 0.113824
vn 0.507385 -0.771403 0.384054
vn 0.474364 -0.810135 0.344470
vn -0.959635 -0.130055 -0.249372
vn -0.857973 -0.483719 -0.172911
vn -0.538780 -0.744939 -0.393424
vn -0.419908 -0.655421 -0.627774
vn 0.195212 -0.913470 -0.357023
vn 0.104012 -0.883910 -0.455944
vn 0.607945 -0.641325 0.468086
vn 0.242009 -0.957279 -0.158266
vn 0.581631 -0.709497 0.397894
vn 0.308686 -0.930603 -0.196701
vn -0.433603 -0.447453 -0.782160
vn -0.562211 -0.317382 -0.763667
vn -0.767272 -0.278686 -0.577605
vn -0.821062 -0.254005 -0.511213
vn -0.579209 -0.375680 -0.723451
vn -0.704554 -0.328935 -0.628812
vn -0.926882 -0.143384 -0.346888
vn -0.990147 -0.070832 -0.120799
vn -0.993555 -0.008310 0.113049
vn -0.989415 -0.018463 -0.143936
vn -0.959062 -0.050065 -0.278734
vn -0.843789 -0.235151 -0.482415
vn -0.522047 -0.446220 -0.726880
vn -0.298709 -0.521589 -0.799198
vn -0.168471 -0.570140 -0.804088
vn -0.197514 -0.477676 -0.856046
vn -0.231710 -0.377878 -0.896392
vn -0.141179 -0.392813 -0.908717
vn -0.269670 -0.510657 -0.816399
vn -0.464981 -0.468799 -0.751013
vn -0.592210 -0.174925 -0.786567
vn -0.228893 -0.042524 -0.972522
vn -0.346681 -0.413237 -0.842050
vn 0.038356 -0.533778 -0.844754
vn 0.200224 -0.394210 -0.896944
vn 0.087671 -0.404870 -0.910161
vn 0.131371 -0.442747 -0.886970
vn 0.184884 -0.545972 -0.817149
vn 0.446884 -0.427490 -0.785842
vn 0.344462 -0.372339 -0.861806
vn 0.483864 -0.338314 -0.807106
vn 0.375573 -0.500133 -0.780264
vn -0.470710 -0.663132 -0.581969
vn -0.015404 -0.997716 0.065764
vn 0.859237 -0.337293 -0.384636
vn 0.795976 -0.408725 -0.446504
vn 0.697692 -0.285971 -0.656846
vn 0.625791 -0.304767 -0.717985
vn 0.652391 -0.342007 -0.676326
vn 0.562034 -0.449676 -0.694197
vn 0.437018 -0.547936 -0.713289
vn 0.189593 -0.582430 -0.790462
vn -0.116577 -0.581976 -0.804806
vn -0.485968 -0.607274 -0.628533
vn -0.640339 -0.615771 -0.459120
vn -0.859652 -0.374056 -0.347967
vn -0.922608 -0.349560 -0.163101
vn -0.816770 -0.551254 -0.170310
vn -0.552745 -0.733397 -0.395729
vn -0.421205 -0.778427 -0.465443
vn 0.028227 -0.782494 -0.622018
vn 0.189411 -0.613633 -0.766537
vn 0.465837 -0.550274 -0.692961
vn 0.558265 -0.498613 -0.663118
vn 0.679190 -0.452086 -0.578204
vn 0.715742 -0.426351 -0.553117
vn 0.669708 -0.398454 -0.626678
vn 0.724616 -0.343320 -0.597547
vn 0.864324 -0.297631 -0.405414
vn 0.860939 -0.336666 -0.381367
vn 0.765496 -0.383361 -0.516769
vn 0.656769 -0.459546 -0.597890
vn 0.861375 -0.328874 -0.387138
vn 0.936090 -0.237668 -0.259324
vn 0.987757 -0.154603 -0.020850
vn 0.957024 -0.227095 -0.180368
vn 0.943064 -0.210467 -0.257552
vn 0.854467 -0.260523 -0.449460
vn 0.783988 -0.210680 -0.583933
vn 0.736627 -0.252052 -0.627575
vn 0.719818 -0.253134 -0.646363
vn 0.822837 -0.202211 -0.531085
vn 0.817264 -0.129361 -0.561556
vn 0.879233 -0.079515 -0.469710
vn 0.983976 -0.009095 -0.178071
vn 0.914791 -0.031743 -0.402679
vn 0.932757 -0.136705 -0.333582
vn 0.990553 -0.066630 -0.119853
vn 0.994331 0.090106 0.056454
vn 0.990910 -0.125419 -0.048657
vn 0.959882 -0.075424 0.270071
vn 0.948586 -0.076426 0.307155
vn 0.992455 -0.027822 0.119412
vn 0.932701 0.023623 0.359877
vn 0.934020 0.066083 0.351055
vn 0.876083 0.017658 0.481837
vn 0.899748 -0.023623 0.435770
vn 0.959346 -0.014572 0.281855
vn 0.996446 -0.082951 -0.014646
vn 0.987967 -0.092623 -0.123864
vn 0.873405 -0.356157 -0.332140
vn 0.702157 -0.553828 -0.447493
vn 0.424886 -0.744527 -0.514928
vn 0.196675 -0.915909 -0.349899
vn -0.059064 -0.938242 -0.340901
vn -0.350293 -0.912151 -0.212781
vn -0.623139 -0.782109 0.001768
vn -0.796215 -0.587065 -0.146276
vn -0.844851 -0.372117 -0.384389
vn -0.966442 0.208863 -0.149555
vn -0.988778 0.144641 0.037383
vn -0.930912 0.209913 0.298897
vn -0.892294 0.110270 0.437781
vn -0.685766 0.184638 0.704012
vn -0.823796 0.289289 0.487517
vn -0.732440 0.308789 0.606779
vn -0.814415 0.413129 0.407496
vn -0.940088 0.250979 0.230745
vn -0.890086 0.433903 0.139554
vn -0.854599 0.443229 -0.270572
vn -0.762166 0.632531 0.137867
vn -0.534358 0.843165 -0.059443
vn -0.516098 0.761468 -0.392185
vn -0.344468 0.931325 0.118216
vn -0.732535 0.166608 -0.660026
vn -0.524170 -0.352269 -0.775341
vn -0.628294 -0.458029 -0.628852
vn 0.313508 -0.870475 -0.379456
vn -0.097951 -0.791849 -0.602811
vn -0.765418 -0.581580 -0.275498
vn -0.412039 -0.879559 -0.237907
vn -0.999104 0.004162 0.042127
vn -0.931214 0.122758 -0.343178
vn -0.673540 0.731620 -0.105240
vn -0.070385 0.773250 0.630183
vn -0.843739 0.512534 0.159417
vn -0.687484 0.456805 0.564530
vn -0.868838 -0.238873 0.433659
vn -0.401537 -0.728352 0.555223
vn -0.401439 0.286282 0.869994
vn 0.393043 0.610667 0.687461
vn 0.612833 0.553617 0.563866
vn 0.953961 0.299218 0.020665
vn 0.913536 -0.051400 -0.403498
vn 0.685956 -0.534533 -0.493699
vn 0.822294 -0.514985 -0.242120
vn 0.922865 0.048557 0.382051
vn 0.450780 -0.885542 0.112305
vn -0.941997 -0.332602 -0.044919
vn -0.373328 0.426492 0.823851
vn -0.868920 0.459028 0.185127
vn -0.698639 0.709207 0.094497
vn -0.595794 0.706436 0.382070
vn -0.538941 0.455303 0.708690
vn -0.073166 0.163805 0.983776
vn -0.002381 0.490730 0.871308
vn -0.193169 0.809130 0.554972
vn 0.257135 0.689514 0.677091
vn 0.257200 0.385443 0.886161
vn 0.554001 0.474091 0.684340
vn 0.354487 0.123033 0.926931
vn 0.250313 0.005523 0.968149
vn -0.202761 0.130291 0.970522
vn -0.484779 0.106535 0.868124
vn -0.357934 -0.001870 0.933745
vn -0.131958 0.132424 0.982370
vn 0.322966 0.180103 0.929115
vn 0.721977 0.011813 0.691816
vn 0.755622 0.113045 0.645179
vn 0.587698 0.192922 0.785743
vn 0.322829 0.054994 0.944858
vn 0.058602 -0.077406 0.995276
vn 0.084932 -0.299597 0.950278
vn 0.174995 -0.362796 0.915290
vn -0.038978 -0.361487 0.931562
vn 0.046562 -0.243153 0.968870
vn 0.213900 -0.298492 0.930134
vn 0.657288 -0.441713 0.610624
vn 0.562506 -0.539363 0.626637
vn 0.579817 -0.497548 0.645181
vn 0.591768 -0.694660 0.408973
vn 0.651610 -0.631871 0.419695
vn 0.528840 -0.691432 0.492189
vn 0.601213 -0.589142 0.539866
vn 0.511141 -0.448433 0.733241
vn 0.354423 -0.677077 0.644943
vn 0.367273 -0.601300 0.709612
vn 0.615075 -0.650702 0.445274
vn 0.427314 -0.723318 0.542415
vn 0.665155 -0.739232 0.105384
vn 0.284699 -0.781101 0.555723
vn 0.666826 -0.733702 0.130479
vn 0.728727 -0.676321 -0.107456
vn 0.755978 -0.640463 0.135297
vn -0.196934 -0.611467 0.766371
vn 0.293750 -0.787658 0.541578
vn 0.425144 -0.820350 0.382464
vn 0.304485 -0.901160 0.308544
vn -0.107916 -0.909696 0.401007
vn -0.480866 -0.651083 0.587248
vn -0.175516 -0.612681 0.770595
vn 0.091191 -0.531950 0.841851
vn -0.090978 -0.814014 0.573676
vn -0.105575 -0.901979 0.418673
vn -0.001110 -0.846109 0.533009
vn -0.277064 -0.801977 0.529215
vn 0.013521 -0.704855 0.709223
vn 0.076308 -0.663712 0.744085
vn -0.177623 -0.656996 0.732671
vn -0.290976 -0.631426 0.718773
vn -0.593605 -0.606414 0.529050
vn -0.523273 -0.540855 0.658529
vn -0.443027 -0.679338 0.585002
vn -0.022834 -0.794118 0.607334
vn 0.296089 -0.661863 0.688672
vn -0.213413 -0.582183 0.784550
vn 0.122915 -0.661897 0.739449
vn 0.406791 -0.697826 0.589543
vn 0.495415 -0.699548 0.514972
vn 0.488951 -0.662984 0.566904
vn 0.255488 -0.794842 0.550411
vn -0.165563 -0.801389 0.574773
vn -0.461901 -0.694113 0.552137
vn -0.623735 -0.643438 0.443781
vn -0.594897 -0.598214 0.536878
vn -0.602877 -0.502445 0.619749
vn -0.585700 -0.549024 0.596261
vn -0.393585 -0.573720 0.718287
vn -0.635831 -0.453605 0.624469
vn -0.687439 -0.470432 0.553282
vn -0.538430 -0.608829 0.582598
vn -0.271512 -0.784689 0.557266
vn -0.090830 -0.797776 0.596074
vn 0.154376 -0.879177 0.450794
vn 0.446663 -0.665130 0.598410
vn 0.556051 -0.625932 0.546824
vn 0.496806 -0.744528 0.445939
vn 0.325014 -0.773371 0.544301
vn 0.075932 -0.859250 0.505889
vn -0.214258 -0.891889 0.398280
vn -0.438884 -0.708273 0.552929
vn -0.331081 -0.787221 0.520258
vn 0.123271 -0.779872 0.613681
vn 0.474115 -0.756505 0.450461
vn 0.152591 -0.939536 0.306574
vn -0.355861 -0.810231 0.465713
vn -0.489687 -0.732942 0.472231
vn -0.561950 -0.598731 0.570731
vn -0.683724 -0.636985 0.356051
vn -0.704592 -0.659298 0.262443
vn -0.821928 -0.542094 0.174840
vn -0.801981 -0.432894 0.411618
vn -0.844977 -0.507234 0.169491
vn -0.822441 -0.503510 0.264705
vn -0.567133 -0.652551 0.502532
vn -0.582388 -0.729791 0.358091
vn -0.255114 -0.923848 0.285345
vn 0.111481 -0.943671 0.311540
vn 0.471455 -0.825658 0.309869
vn 0.117617 -0.974488 0.191152
vn -0.344775 -0.934303 0.090598
vn -0.653326 -0.696080 0.297721
vn -0.775277 -0.549668 0.311145
vn -0.685739 -0.483659 0.543908
vn -0.824877 -0.344483 0.448229
vn -0.895762 -0.384940 0.222332
vn -0.894834 -0.378721 0.236312
vn -0.765016 -0.482225 0.426861
vn -0.815729 -0.408768 0.409260
vn -0.808174 -0.332953 0.485795
vn -0.799544 -0.371934 0.471588
vn -0.836864 -0.518404 0.175830
vn -0.769060 -0.600115 0.220020
vn -0.460685 -0.786662 0.411014
vn -0.646025 -0.712243 0.274521
vn -0.788363 -0.497113 0.362438
vn -0.879381 -0.300030 0.369690
vn -0.883633 -0.420003 0.206860
vn -0.807842 -0.585196 0.070262
vn -0.707447 -0.686296 -0.168867
vn -0.704413 -0.709530 -0.019226
vn -0.589183 -0.807382 0.031597
vn -0.488655 -0.869031 -0.077467
vn -0.254246 -0.967127 0.004886
vn 0.126300 -0.980812 -0.148514
vn 0.441959 -0.896976 0.010296
vn 0.671060 -0.694771 0.258788
vn 0.496007 -0.866011 -0.063257
vn 0.131820 -0.989535 0.058685
vn -0.128478 -0.991499 0.020592
vn -0.322360 -0.945965 0.035138
vn -0.403290 -0.911694 -0.078551
vn -0.499363 -0.861004 -0.096483
vn -0.503555 -0.860490 -0.077392
vn -0.456262 -0.882297 -0.115656
vn -0.486052 -0.827484 -0.281111
vn -0.290659 -0.620295 -0.728526
vn -0.142867 -0.711814 -0.687684
vn -0.778522 -0.412343 -0.473156
vn -0.584646 -0.407477 -0.701535
vn -0.469204 -0.551074 -0.690047
vn -0.585848 -0.338850 -0.736181
vn -0.868119 -0.369472 -0.331449
vn -0.749131 -0.292024 -0.594579
vn -0.903454 -0.266208 -0.336012
vn -0.878731 -0.457418 -0.136388
vn -0.758044 -0.650129 0.051969
vn -0.493696 -0.865122 -0.088476
vn -0.622385 -0.776091 -0.101586
vn -0.041486 -0.984200 -0.172131
vn 0.118564 -0.992935 -0.004730
vn 0.434950 -0.898958 -0.051891
vn 0.078348 -0.969572 -0.231929
vn -0.016889 -0.932774 -0.360065
vn 0.091087 -0.895069 -0.436525
vn -0.206406 -0.828045 -0.521285
vn 0.157787 -0.764763 -0.624693
vn 0.586820 -0.684695 -0.432245
vn -0.028350 -0.680340 -0.732349
vn 0.260600 -0.603967 -0.753201
vn 0.704914 -0.504754 -0.498316
vn 0.917948 -0.394518 -0.041546
vn 0.672401 -0.698597 -0.244618
vn 0.537930 -0.816515 -0.209607
vn 0.630479 -0.771424 -0.086027
vn 0.922496 -0.374958 0.091697
vn 0.847473 -0.504293 0.165768
vn 0.564447 -0.824681 -0.036066
vn 0.477176 -0.869828 -0.125312
vn 0.485837 -0.834335 -0.260477
vn 0.794243 -0.604347 0.062790
vn 0.444348 -0.658088 -0.607844
vn 0.227774 -0.754097 -0.616000
vn 0.502650 -0.858333 -0.102991
vn 0.734282 -0.678696 0.014166
vn 0.847273 -0.512677 0.138893
vn 0.923208 -0.383192 0.029156
vn 0.922900 -0.298897 0.242726
vn 0.929638 -0.247308 0.273151
vn 0.955169 -0.010358 0.295880
vn 0.978223 -0.030642 0.205281
vn 0.992412 -0.104590 0.064646
vn 0.972463 -0.203882 -0.112906
vn 0.976348 -0.187655 -0.107376
vn 0.997105 -0.024226 0.072076
vn 0.987956 0.013422 0.154155
vn 0.880655 0.287091 0.376862
vn 0.857253 0.277725 0.433573
vn 0.903086 -0.063356 0.424761
vn 0.935458 -0.036775 0.351518
vn 0.959164 -0.192410 0.207324
vn 0.978316 -0.035082 0.204127
vn 0.993524 -0.042780 0.105261
vn 0.900057 -0.221166 0.375476
vn 0.807045 0.023663 0.590016
vn 0.837480 -0.186788 0.513554
vn 0.674696 -0.029286 0.737515
vn 0.844671 -0.166471 0.508742
vn 0.617081 0.119972 0.777701
vn 0.629357 0.207414 0.748926
vn 0.773251 0.333922 0.539054
vn 0.752044 0.445208 0.486025
vn 0.470209 0.620758 0.627346
vn 0.483247 0.495188 0.721984
vn 0.606759 0.401138 0.686245
vn 0.887652 -0.019598 0.460098
vn 0.921586 -0.173848 0.347067
vn 0.890547 -0.255318 0.376483
vn 0.822332 -0.173447 0.541929
vn 0.997088 0.070969 0.027901
vn 0.985669 -0.101535 0.134712
vn 0.983183 -0.050675 0.175449
vn 0.980032 -0.128206 0.151988
vn 0.951907 0.027900 0.305114
vn 0.830176 -0.097589 0.548893
vn 0.657027 0.383553 0.649001
vn 0.521132 -0.411638 -0.747646
vn 0.976030 -0.121263 0.180722
vn 0.956649 0.014638 0.290875
vn 0.974821 -0.040756 0.219232
vn 0.986797 -0.144571 0.073014
vn 0.977811 -0.166739 -0.126823
vn 0.899822 -0.409941 -0.149231
vn 0.690160 -0.668239 -0.277734
vn 0.570603 -0.517878 -0.637350
vn 0.098433 -0.507627 -0.855936
vn 0.749954 -0.658944 -0.057984
vn 0.842025 -0.480135 0.245896
vn 0.780606 -0.536369 0.320878
vn 0.646339 -0.660512 0.382059
vn 0.558966 -0.663020 0.497958
vn 0.654168 -0.683699 0.323450
vn 0.732379 -0.592778 0.335016
vn 0.671016 -0.478782 0.566132
vn 0.792174 -0.430775 0.432311
vn 0.810738 -0.498868 0.306323
vn 0.841462 -0.529225 0.108915
vn 0.846793 -0.501532 0.177222
vn 0.901842 -0.361836 0.236125
vn 0.781664 -0.540959 0.310426
vn 0.711834 -0.549094 0.437937
vn 0.703705 -0.468337 0.534285
vn 0.818807 -0.371694 0.437491
vn 0.820077 -0.506693 0.265963
vn 0.825177 -0.554014 -0.110228
vn 0.632128 -0.342255 -0.695180
vn 0.877327 -0.349760 -0.328582
vn 0.912951 -0.139168 -0.383605
vn 0.708371 -0.248252 -0.660743
vn 0.780756 -0.023297 -0.624402
vn 0.579355 0.068284 -0.812210
vn 0.896649 -0.317298 -0.308775
vn 0.954955 -0.095584 -0.280937
vn 0.998905 0.030554 0.035417
vn 0.979451 0.114845 0.165791
vn 0.937827 0.257249 0.233031
vn 0.846668 0.441041 0.297718
vn 0.473309 0.640264 0.605013
vn 0.748944 0.539114 0.385277
vn 0.828543 0.434352 0.353349
vn 0.928481 0.262599 0.262611
vn 0.999294 -0.036713 0.007958
vn 0.728000 0.048682 -0.683846
vn 0.707441 0.071228 0.703174
vn 0.987161 -0.060142 -0.147971
vn 0.967216 0.073142 -0.243193
vn 0.952126 -0.013049 -0.305427
vn 0.940553 -0.088155 -0.328006
vn 0.941105 -0.322970 -0.100058
vn 0.478306 0.592243 0.648438
vn 0.237678 0.700592 0.672815
vn 0.809111 0.175264 -0.560912
vn 0.506263 0.607173 0.612404
vn 0.504933 0.637954 0.581427
vn 0.960478 -0.266146 -0.081537
vn 0.565984 -0.250167 -0.785543
vn 0.763773 -0.546539 -0.343433
vn 0.046148 0.155510 -0.986756
vn 0.668427 -0.441006 -0.598931
vn 0.717388 -0.115085 -0.687103
vn 0.932993 -0.305434 0.190352
vn 0.865949 0.322221 -0.382499
vn 0.544946 0.267036 0.794811
vn 0.503529 0.033184 0.863341
vn 0.964335 0.150097 0.218013
vn 0.906096 -0.170338 0.387266
vn 0.327285 0.856857 0.398348
vn 0.011033 0.997873 -0.064244
vn 0.850847 -0.178000 -0.494343
vn 0.823570 -0.509060 -0.250180
vn 0.913887 -0.323065 0.245846
vn 0.385673 0.368313 0.845932
vn 0.605891 0.521321 0.600933
vn 0.837017 -0.422091 0.348197
vn 0.297401 0.953419 -0.050442
vn 0.003510 0.761688 0.647935
vn 0.276236 0.595081 0.754700
vn 0.028652 0.877005 0.479627
vn -0.212363 0.965426 0.151175
vn 0.025222 0.907843 -0.418552
vn 0.753800 0.586963 -0.295398
vn 0.973222 -0.229174 -0.017833
vn 0.406919 -0.776146 0.481678
vn 0.579257 -0.811809 -0.073671
vn 0.804991 -0.557521 0.202879
vn 0.870232 -0.195994 0.451977
vn 0.513832 -0.424284 0.745627
vn 0.394011 0.185807 0.900128
vn 0.188226 -0.349203 0.917948
vn 0.428621 -0.155219 0.890051
vn 0.108251 0.153249 0.982241
vn 0.419371 0.579005 0.699200
vn 0.998289 0.048143 0.033183
vn 0.000000 0.000000 0.000000
vn 0.973405 -0.120199 0.195025
vn 0.821159 -0.509852 -0.256415
vn 0.883925 -0.249534 0.395486
vn 0.445909 0.116928 0.887408
vn 0.986608 -0.162863 0.008909
vn 0.488465 -0.453743 -0.745332
vn 0.439400 -0.278616 -0.853991
vn 0.559494 -0.363847 -0.744703
vn 0.742218 -0.531334 -0.408408
vn 0.909620 -0.210445 -0.358196
vn 0.973080 0.092528 0.211080
vn 0.948331 0.308299 0.074968
vn 0.472931 -0.169678 -0.864607
vn 0.292279 0.276380 -0.915525
vn 0.312494 0.155282 -0.937142
vn 0.279044 0.577948 -0.766884
vn 0.829353 0.527828 -0.183227
vn 0.292620 0.735227 -0.611404
vn 0.132540 0.651366 -0.747098
vn 0.649246 0.412538 -0.638977
vn 0.051349 0.965393 -0.255695
vn 0.294769 0.955333 0.021203
vn 0.688528 0.701664 -0.183293
vn 0.768490 0.635448 0.075021
vn 0.843638 0.497934 0.200842
vn 0.917305 0.305900 0.254904
vn 0.958858 -0.024945 0.282787
vn 0.937833 -0.248136 0.242689
vn 0.929373 -0.311305 -0.198382
vn 0.836527 -0.162153 -0.523382
vn 0.875762 -0.424755 0.229400
vn 0.482642 -0.827911 0.285692
vn 0.857162 -0.387962 0.338760
vn 0.901492 -0.268542 0.339408
vn 0.939421 -0.149249 0.308567
vn 0.839665 -0.284625 0.462549
vn 0.829969 -0.311583 0.462674
vn 0.842808 -0.364280 0.396200
vn 0.505489 -0.758966 0.410429
vn 0.543072 -0.760829 0.355264
vn 0.813525 -0.423701 0.398314
vn 0.836902 -0.307601 0.452743
vn 0.886820 -0.366125 0.281964
vn 0.700860 -0.458890 0.546090
vn 0.398303 -0.661138 0.635807
vn 0.061991 -0.779883 0.622848
vn 0.292145 -0.827057 0.480237
vn 0.372864 -0.791745 0.483852
vn 0.703721 -0.540913 0.460641
vn 0.450426 -0.635464 0.627138
vn 0.731975 -0.488186 0.475276
vn 0.769259 -0.364132 0.525022
vn 0.722754 -0.408564 0.557406
vn 0.862299 -0.234820 0.448664
vn 0.937277 -0.013973 0.348304
vn 0.942213 -0.064926 0.328663
vn 0.949325 0.112732 0.293384
vn 0.909887 0.340430 0.237092
vn 0.864907 0.426798 0.264158
vn 0.914208 0.279383 0.293546
vn 0.954112 0.214566 0.208880
vn 0.940443 0.169806 0.294505
vn 0.952030 0.235771 0.195064
vn 0.859083 -0.280829 0.427915
vn 0.917266 -0.073987 0.391342
vn 0.871070 0.064658 0.486884
vn 0.895889 -0.016845 0.443958
vn 0.916998 -0.050499 0.395683
vn 0.611590 -0.562378 0.556497
vn 0.531243 -0.622352 0.574856
vn 0.687898 -0.508075 0.518320
vn 0.523733 -0.489318 0.697332
vn 0.315566 -0.221134 0.922777
vn 0.275406 -0.732860 0.622148
vn 0.534528 -0.516208 0.669185
vn 0.796404 -0.018307 0.604488
vn 0.752790 0.124174 0.646443
vn 0.490990 0.109657 0.864236
vn 0.365943 -0.000554 0.930637
vn 0.179966 -0.085468 0.979953
vn 0.323955 -0.135054 0.936383
vn 0.479322 0.097117 0.872249
vn 0.559840 0.252633 0.789148
vn 0.682726 0.174530 0.709524
vn 0.862062 0.139033 0.487360
vn 0.920526 0.134291 0.366877
vn 0.930962 0.161423 0.327494
vn 0.891757 0.339088 0.299648
vn 0.889389 0.361297 0.280091
vn 0.857027 0.249940 0.450594
vn 0.925469 0.262061 0.273552
vn 0.919219 0.142286 0.367140
vn 0.722160 0.120426 0.681163
vn 0.705248 0.163706 0.689801
vn 0.627407 0.291423 0.722103
vn 0.793248 0.285850 0.537631
vn 0.847054 0.226422 0.480867
vn 0.858675 0.270733 0.435179
vn 0.914962 0.246837 0.319242
vn 0.842613 0.342930 0.415214
vn 0.756543 0.163337 0.633217
vn 0.942174 0.173445 0.286749
vn 0.926988 0.134506 0.350144
vn 0.890776 0.046119 0.452097
vn 0.965397 0.059978 0.253792
vn 0.979328 0.149268 0.136512
vn 0.970338 0.213616 0.113194
vn 0.949917 0.298868 0.091299
vn 0.900986 0.376641 0.215326
vn 0.805490 0.490636 0.332359
vn 0.739946 0.256635 0.621786
vn 0.755029 0.362813 0.546166
vn 0.893437 0.327789 0.307122
vn 0.907047 0.348731 0.235907
vn 0.864087 0.367175 0.344292
vn 0.827524 0.476231 0.297335
vn 0.791276 0.521745 0.318848
vn 0.713138 0.645319 0.273856
vn 0.803713 0.532244 0.266013
vn 0.731132 0.648728 0.211184
vn 0.608831 0.788940 0.083064
vn 0.682229 0.718720 -0.134182
vn 0.691900 0.720372 -0.048357
vn 0.521458 0.843224 0.130597
vn 0.653345 0.746436 0.126386
vn 0.722704 0.614732 0.315917
vn 0.702550 0.602318 0.378994
vn 0.395698 0.702632 0.591381
vn 0.373618 0.680307 0.630549
vn 0.177382 0.768805 0.614389
vn 0.314788 0.683851 0.658222
vn 0.000407 0.738369 0.674397
vn 0.251417 0.699674 0.668765
vn 0.690046 0.520778 0.502620
vn 0.484681 0.592489 0.643460
vn 0.731989 0.344316 0.587911
vn 0.949069 0.074674 0.306091
vn 0.983518 -0.172583 0.053923
vn 0.994168 -0.106789 0.015069
vn 0.868250 -0.380113 -0.318836
vn 0.406583 -0.598908 -0.689927
vn 0.013910 -0.611198 -0.791356
vn 0.058145 -0.637182 -0.768517
vn 0.127431 -0.632740 -0.763807
vn -0.413074 -0.560393 -0.717865
vn -0.420760 -0.639813 -0.643118
vn -0.731512 -0.542665 -0.412800
vn -0.731757 -0.471308 -0.492342
vn -0.973153 -0.199955 -0.113982
vn -0.824839 -0.396698 -0.402829
vn -0.469575 -0.643846 -0.604121
vn 0.200318 -0.843836 -0.497809
vn -0.151856 -0.864459 -0.479219
vn 0.305559 -0.910712 -0.277916
vn 0.775653 -0.585712 -0.235169
vn 0.921356 -0.365833 0.131417
vn 0.719032 -0.619904 0.314186
vn -0.091829 -0.978924 0.182413
vn -0.004035 -0.998626 0.052255
vn 0.580725 -0.743619 0.331345
vn 0.873100 -0.482319 0.071160
vn 0.918678 -0.394843 0.011416
vn 0.945588 -0.301870 0.121395
vn 0.830322 -0.516603 0.209016
vn 0.899534 -0.208386 0.383945
vn 0.610381 -0.599705 0.517483
vn 0.224054 -0.939257 0.259991
vn 0.092186 -0.991878 0.087638
vn 0.245125 -0.854795 0.457427
vn 0.332278 -0.936826 -0.109305
vn 0.215590 -0.856097 -0.469701
vn -0.684589 -0.640104 -0.348719
vn -0.758086 -0.614166 0.219331
vn -0.861510 -0.471560 -0.188234
vn -0.982884 -0.182438 -0.025601
vn -0.921369 -0.322232 0.217360
vn -0.852965 -0.418301 0.312209
vn -0.455155 -0.846866 0.275050
vn -0.185995 -0.961985 0.199977
vn -0.813338 -0.561329 0.152941
vn -0.908444 -0.415715 0.043698
vn -0.980004 -0.183134 0.077806
vn -0.908104 -0.415335 -0.053338
vn -0.921118 -0.260503 0.289273
vn -0.986185 0.021868 0.164195
vn -0.997763 -0.043935 0.050382
vn -0.990134 -0.136718 -0.030695
vn -0.913604 -0.406293 -0.015937
vn -0.880613 -0.461982 0.105326
vn -0.971575 -0.088796 0.219446
vn -0.982693 -0.027261 0.183223
vn -0.916414 0.192137 0.351098
vn -0.918343 0.139600 0.370347
vn -0.942224 0.043089 0.332200
vn -0.773215 0.300026 0.558680
vn -0.984898 0.169702 -0.034309
vn -0.923245 -0.294819 0.246374
vn -0.900829 -0.219647 0.374516
vn -0.931410 -0.242085 0.271791
vn -0.789632 -0.549779 -0.272443
vn -0.907760 -0.346748 0.236090
vn -0.756413 0.215747 0.617489
vn -0.640452 -0.133880 0.756239
vn -0.462988 0.374987 0.803136
vn -0.475063 0.479950 0.737539
vn -0.257993 0.467945 0.845262
vn -0.132688 -0.018620 0.990983
vn 0.163378 0.368237 0.915264
vn 0.170560 0.492919 0.853194
vn -0.168755 0.539173 0.825115
vn 0.398890 0.515527 0.758366
vn 0.620093 0.371818 0.690823
vn 0.548963 0.165421 0.819314
vn 0.160714 -0.328769 0.930635
vn -0.097190 -0.592966 0.799341
vn -0.758472 -0.534086 0.373461
vn -0.314277 -0.830556 0.459790
vn 0.151054 -0.778800 0.608813
vn 0.694667 -0.355585 0.625298
vn 0.928325 0.054687 0.367727
vn 0.802737 -0.594193 -0.050471
vn 0.860691 -0.443706 -0.249672
vn 0.871547 0.261687 0.414639
vn 0.843992 -0.509182 0.168559
vn 0.921619 -0.367583 0.124503
vn 0.954074 0.178011 0.240948
vn 0.205887 0.637523 0.742412
vn 0.049356 0.730028 0.681632
vn -0.127753 0.645212 0.753246
vn -0.278292 0.571002 0.772341
vn -0.496859 0.598404 0.628525
vn -0.205944 0.705794 0.677822
vn -0.364414 0.686689 0.629015
vn -0.055576 0.797308 0.601008
vn -0.243297 0.773774 0.584877
vn 0.007235 0.846898 0.531705
vn 0.197073 0.803806 0.561300
vn 0.312017 0.813663 0.490508
vn 0.400945 0.831059 0.385465
vn 0.271118 0.920192 0.282387
vn 0.473260 0.873124 0.116958
vn 0.322529 0.946343 0.020250
vn 0.216735 0.962550 0.162859
vn 0.137625 0.977084 0.162374
vn 0.115583 0.930905 0.346492
vn 0.192327 0.872973 0.448251
vn 0.037209 0.894537 0.445443
vn -0.014878 0.967557 0.252213
vn 0.003336 0.908211 0.418498
vn -0.129336 0.876883 0.462977
vn -0.156972 0.844264 0.512424
vn -0.382522 0.756409 0.530587
vn -0.301661 0.855076 0.421719
vn -0.107954 0.945855 0.306112
vn -0.126075 0.986205 0.107260
vn 0.091613 0.991980 0.087079
vn 0.417510 0.907688 -0.042280
vn 0.411842 0.904160 0.113495
vn 0.138224 0.987834 0.071256
vn -0.122911 0.989035 0.081875
vn 0.017361 0.997548 0.067793
vn -0.372216 0.926260 0.059138
vn -0.461157 0.887007 -0.023519
vn -0.215681 0.958643 0.185704
vn -0.262444 0.906038 0.331992
vn -0.394579 0.910919 0.120557
vn -0.616344 0.782293 -0.090204
vn -0.540816 0.823691 0.170446
vn -0.515422 0.792657 0.325630
vn -0.472545 0.774158 0.421167
vn -0.644802 0.647009 0.406953
vn -0.752266 0.575891 0.320071
vn -0.662237 0.711826 0.233977
vn -0.627968 0.772240 0.096445
vn -0.313976 0.856193 0.410308
vn -0.207758 0.976119 -0.063464
vn -0.696989 0.680366 -0.226516
vn -0.197044 0.817497 -0.541177
vn 0.059209 0.936067 -0.346805
vn -0.039518 0.999134 0.012992
vn 0.175554 0.882698 0.435920
vn 0.163866 0.726693 0.667132
vn -0.406061 0.773599 0.486477
vn -0.497592 0.537946 0.680453
vn -0.391475 0.401748 0.827856
vn -0.516183 0.727762 0.451572
vn -0.629260 0.771990 -0.089798
vn -0.159374 0.665593 -0.729100
vn -0.206620 0.531766 -0.821300
vn -0.856031 0.516546 -0.019765
vn -0.714065 0.699736 -0.021943
vn -0.556794 0.830650 -0.000225
vn -0.498111 0.856047 0.138090
vn -0.387471 0.914786 0.114157
vn -0.529307 0.837708 0.134458
vn -0.555437 0.800701 0.224430
vn -0.470491 0.865372 0.172538
vn -0.423272 0.890718 0.165719
vn -0.352122 0.926007 0.136094
vn -0.188575 0.974398 0.122427
vn -0.290966 0.929125 0.228178
vn -0.395300 0.865730 0.307002
vn -0.456259 0.828600 0.324423
vn -0.593242 0.748389 0.296610
vn -0.624231 0.757709 0.190296
vn -0.559530 0.814639 0.152606
vn -0.656313 0.732881 0.179271
vn -0.806900 0.554451 0.203707
vn -0.675825 0.686106 0.269295
vn -0.604136 0.791929 0.088708
vn -0.748137 0.615793 0.247164
vn -0.634168 0.768531 0.084801
vn -0.677455 0.671239 0.300819
vn -0.646553 0.669901 0.364969
vn -0.554011 0.729836 0.400515
vn -0.623420 0.563723 0.541815
vn -0.733126 0.515898 0.443142
vn -0.761051 0.565706 0.317456
vn -0.684888 0.718195 0.122983
vn -0.780466 0.580768 0.231475
vn -0.802676 0.527720 0.277891
vn -0.656698 0.540339 0.526100
vn -0.754703 0.571794 0.321675
vn -0.877553 0.309386 0.366307
vn -0.783848 0.279291 0.554598
vn -0.666231 0.339876 0.663792
vn -0.616810 0.554339 0.558797
vn -0.550810 0.672197 0.494731
vn -0.527369 0.705530 0.473401
vn -0.424323 0.805066 0.414511
vn -0.399154 0.840097 0.367305
vn -0.193697 0.938686 0.285220
vn -0.227285 0.967540 0.110485
vn -0.122200 0.975898 0.180802
vn -0.159242 0.972688 0.168877
vn -0.067740 0.934454 0.349580
vn -0.207790 0.901297 0.380116
vn -0.240679 0.892121 0.382353
vn -0.363531 0.824846 0.432983
vn -0.365482 0.821116 0.438397
vn -0.435452 0.791609 0.428645
vn -0.474197 0.753948 0.454642
vn -0.619991 0.674611 0.400638
vn -0.725537 0.566650 0.390518
vn -0.756029 0.426006 0.496929
vn -0.730959 0.145377 0.666757
vn -0.741362 0.131514 0.658093
vn -0.872073 0.280907 0.400725
vn -0.853092 0.387523 0.349372
vn -0.870091 0.409533 0.274270
vn -0.838553 0.409622 0.359221
vn -0.913204 0.256533 0.316621
vn -0.910758 0.197059 0.362888
vn -0.886602 0.369668 0.277997
vn -0.851015 0.433536 0.296344
vn -0.883522 0.418953 0.209446
vn -0.901793 0.335767 0.272084
vn -0.926592 0.282875 0.247807
vn -0.907592 0.146754 0.393369
vn -0.946274 0.159533 0.281274
vn -0.947249 0.241964 0.210173
vn -0.930784 0.198133 0.307220
vn -0.951919 0.179990 0.247900
vn -0.938410 0.191446 0.287636
vn -0.938124 0.241509 0.248188
vn -0.934838 -0.021769 0.354408
vn -0.915700 -0.073702 0.395046
vn -0.925300 0.023862 0.378484
vn -0.906447 0.173532 0.385020
vn -0.916342 0.136997 0.376231
vn -0.718785 0.138970 0.681201
vn -0.682823 0.158663 0.713147
vn -0.818905 0.221034 0.529659
vn -0.854991 0.255442 0.451375
vn -0.846102 0.426182 0.320127
vn -0.803768 0.550293 0.226129
vn -0.896906 0.427715 0.112339
vn -0.923509 0.251020 0.290035
vn -0.909565 0.231525 0.345091
vn -0.728690 0.233650 0.643754
vn -0.610617 0.283163 0.739571
vn -0.526308 0.246076 0.813908
vn -0.641255 0.193164 0.742617
vn -0.645871 0.213782 0.732904
vn -0.743746 0.111921 0.659026
vn -0.847738 0.022151 0.529953
vn -0.843959 0.039817 0.534927
vn -0.919050 0.102959 0.380456
vn -0.966956 0.072929 0.244290
vn -0.936826 0.174813 0.302981
vn -0.971136 0.166147 0.171141
vn -0.961309 0.247530 0.120889
vn -0.978934 0.204145 -0.003511
vn -0.960481 0.276706 0.030179
vn -0.944163 0.327149 0.039117
vn -0.961287 0.254497 -0.105637
vn -0.955565 0.289435 -0.055879
vn -0.916978 0.398544 -0.017744
vn -0.867277 0.494395 0.058349
vn -0.755069 0.626828 0.192245
vn -0.665750 0.691392 0.280633
vn -0.528543 0.736447 0.422243
vn -0.404486 0.828650 0.386949
vn -0.590428 0.754427 0.286766
vn -0.687633 0.719168 0.099793
vn -0.774924 0.623624 0.102889
vn -0.868737 0.492172 -0.055353
vn -0.905663 0.412271 -0.099026
vn -0.934604 0.329254 -0.134565
vn -0.954941 0.229797 -0.187833
vn -0.936186 0.296469 -0.188844
vn -0.870922 0.437093 -0.224599
vn -0.772736 0.582945 -0.251106
vn -0.671345 0.732030 -0.115876
vn -0.562501 0.822473 -0.084444
vn -0.519469 0.834291 0.184691
vn -0.425251 0.842879 0.329722
vn -0.367515 0.826172 0.427051
vn -0.518368 0.658516 0.545574
vn -0.264405 0.842033 0.470181
vn -0.469310 0.765443 0.440279
vn -0.367003 0.860898 0.352369
vn -0.437894 0.887491 0.143561
vn -0.416008 0.895137 -0.160211
vn -0.488741 0.837190 -0.245447
vn -0.598144 0.768488 -0.227269
vn -0.676569 0.677365 -0.288843
vn -0.760434 0.578800 -0.294500
vn -0.759863 0.593696 -0.264827
vn -0.845004 0.523548 -0.108929
vn -0.891293 0.411386 -0.190680
vn -0.868561 0.490819 0.068545
vn -0.937172 0.341490 -0.071374
vn -0.919333 0.353880 0.172036
vn -0.861303 0.496118 0.109651
vn -0.830200 0.547449 0.105205
vn -0.801833 0.593194 0.072009
vn -0.794097 0.607050 -0.030020
vn -0.625808 0.751681 -0.208182
vn -0.521141 0.796972 -0.305365
vn -0.411945 0.860561 -0.299559
vn -0.328047 0.902010 -0.280648
vn -0.288812 0.953713 -0.083782
vn -0.309990 0.923091 0.227615
vn -0.211590 0.869280 0.446746
vn -0.137711 0.860279 0.490873
vn -0.179961 0.899400 0.398364
vn -0.156983 0.890423 0.427204
vn -0.039229 0.920962 0.387672
vn -0.109195 0.887148 0.448379
vn -0.157903 0.875603 0.456492
vn -0.167959 0.913239 0.371193
vn -0.168047 0.937271 0.305424
vn -0.195721 0.978166 0.069892
vn -0.165263 0.970167 -0.177383
vn -0.031886 0.993022 0.113533
vn -0.162229 0.906129 0.390656
vn -0.044845 0.994630 0.093277
vn 0.048307 0.994958 0.087889
vn 0.226311 0.906492 0.356448
vn -0.025755 0.887573 0.459946
vn -0.030097 0.913194 0.406412
vn 0.025245 0.900177 0.434793
vn 0.179319 0.902825 0.390836
vn 0.058617 0.967738 0.245044
vn 0.039799 0.921251 0.386927
vn -0.691831 0.642681 0.329137
vn 0.136939 0.889126 0.436695
vn 0.034948 0.969371 0.243101
vn -0.002281 0.993435 0.114379
vn 0.082885 0.956723 0.278947
vn 0.134302 0.888043 0.439708
vn 0.006652 0.920876 0.389799
vn 0.001748 0.893262 0.449532
vn -0.107909 0.940712 0.321584
vn -0.026018 0.989703 0.140750
vn 0.102305 0.991561 0.079632
vn 0.062992 0.979731 0.190154
vn 0.056620 0.961208 0.269952
vn 0.000000 0.878597 0.477565
vn -0.022189 0.901312 0.432603
vn -0.005450 0.912533 0.408966
vn -0.130026 0.888804 0.439455
vn -0.015560 0.925034 0.379565
vn -0.023458 0.939905 0.340629
vn -0.128385 0.930584 0.342827
vn -0.127152 0.914180 0.384847
vn 0.028165 0.888475 0.458060
vn 0.097566 0.892235 0.440906
vn -0.053737 0.891109 0.450596
vn 0.254377 0.864819 0.432875
vn 0.169241 0.931585 0.321725
vn 0.211662 0.932412 0.292928
vn 0.162542 0.983529 0.079062
vn 0.213236 0.967727 0.134293
vn 0.288315 0.925331 0.246246
vn 0.325838 0.938141 0.117138
vn 0.369629 0.918335 0.141543
vn 0.350874 0.929704 0.111973
vn 0.518918 0.839885 0.159116
vn 0.571016 0.810806 0.128584
vn 0.611547 0.766637 0.195648
vn 0.569679 0.818983 0.068792
vn 0.516337 0.836847 0.181889
vn 0.582402 0.762192 0.282616
vn 0.481646 0.811492 0.330904
vn 0.375703 0.879142 0.293185
vn 0.302159 0.874655 0.379049
vn 0.417006 0.831086 0.367969
vn 0.476181 0.740676 0.473973
vn 0.519138 0.779313 0.350952
vn 0.633560 0.672891 0.381862
vn 0.554732 0.684761 0.472627
vn 0.579557 0.601586 0.549734
vn 0.573323 0.646867 0.502855
vn 0.615288 0.556465 0.558360
vn 0.658206 0.516538 0.547680
vn 0.726238 0.588727 0.354936
vn 0.716452 0.542065 0.439161
vn 0.640002 0.654218 0.402984
vn 0.784434 0.591183 0.187526
vn 0.871359 0.483838 0.081453
vn 0.942747 0.333387 -0.009067
vn 0.914285 0.399073 -0.069448
vn 0.935645 0.320099 -0.148677
vn 0.950523 0.272577 -0.149020
vn 0.963520 0.235211 -0.127693
vn 0.952122 0.209525 -0.222628
vn 0.937664 0.309112 -0.158858
vn 0.906382 0.395205 -0.149282
vn 0.873540 0.483140 -0.059193
vn 0.787812 0.610641 0.080436
vn 0.702566 0.677051 0.219096
vn 0.544069 0.723771 0.424434
vn 0.453823 0.759207 0.466529
vn 0.386275 0.800041 0.459049
vn 0.326976 0.845479 0.422200
vn 0.382014 0.809719 0.445444
vn 0.556047 0.777865 0.292808
vn 0.682563 0.727901 0.065334
vn 0.710443 0.691407 -0.131251
vn 0.789180 0.550159 -0.272983
vn 0.665956 0.689720 -0.284234
vn 0.829807 0.491079 -0.265070
vn 0.914122 0.354828 -0.196159
vn 0.923123 0.339981 -0.179603
vn 0.887507 0.459073 0.039801
vn 0.962936 0.267996 -0.030547
vn 0.965819 0.177687 -0.188733
vn 0.956026 0.086522 -0.280229
vn 0.929058 0.150303 -0.338023
vn 0.966207 0.186831 -0.177593
vn 0.976875 0.204333 -0.062962
vn 0.988097 0.153580 0.008840
vn 0.943998 0.158965 -0.289132
vn 0.868637 0.102548 -0.484720
vn 0.941489 -0.069868 -0.329722
vn 0.997268 -0.024228 -0.069789
vn 0.989954 0.106464 0.093036
vn 0.952788 0.179561 0.244852
vn 0.959071 0.056568 0.277458
vn 0.935789 -0.131543 0.327101
vn 0.951677 -0.020658 0.306405
vn 0.963999 0.114184 0.240143
vn 0.955780 0.254353 0.147613
vn 0.930435 0.322752 0.173554
vn 0.911885 0.385620 0.140581
vn 0.928675 0.354505 0.109037
vn 0.902087 0.429950 0.037179
vn 0.859811 0.496778 0.118057
vn 0.851718 0.523807 -0.014217
vn 0.821224 0.495467 -0.283024
vn 0.738652 0.619633 -0.265422
vn 0.813552 0.581189 0.018771
vn 0.814365 0.573249 0.090523
vn 0.863952 0.500060 0.059392
vn 0.841975 0.538475 0.033490
vn 0.888429 0.458149 -0.028182
vn 0.937166 0.345592 0.047806
vn 0.977637 0.178971 0.110436
vn 0.978363 0.064773 0.196496
vn 0.960141 -0.081173 0.267469
vn 0.910474 -0.194428 0.365013
vn 0.921274 -0.236310 0.308887
vn 0.976082 -0.210831 -0.053056
vn 0.956156 -0.282799 0.076096
vn 0.832264 -0.071157 -0.549794
vn 0.798939 -0.062849 -0.598119
vn 0.785558 -0.410933 -0.462636
vn 0.795939 -0.470704 -0.380683
vn 0.954961 -0.272273 0.117967
vn 0.412945 -0.001797 -0.910754
vn -0.071862 0.277516 -0.958030
vn -0.200619 0.461220 -0.864308
vn 0.073816 0.676845 -0.732415
vn -0.076707 0.244228 -0.966679
vn 0.924867 -0.300373 0.233234
vn 0.920936 -0.304737 0.242925
vn 0.886318 -0.319351 0.335343
vn 0.879640 -0.279077 0.385161
vn 0.948462 -0.136545 0.285965
vn 0.991534 0.046906 0.121079
vn 0.987350 0.132858 0.086536
vn 0.977695 0.208969 0.021089
vn 0.914089 0.400950 -0.060673
vn 0.887906 0.436463 -0.145339
vn 0.931884 0.340375 -0.125450
vn 0.978037 0.203292 -0.045999
vn 0.998373 0.002296 0.056970
vn 0.993011 -0.085449 0.081414
vn 0.970118 -0.155048 0.186631
vn 0.937710 -0.303466 0.169141
vn 0.965275 -0.237967 0.107779
vn 0.984322 -0.175837 0.013863
vn 0.925460 -0.294856 0.237875
vn 0.929779 -0.279493 0.239572
vn 0.926905 -0.357627 0.113797
vn 0.933488 -0.284840 0.217866
vn 0.976195 -0.201971 0.079068
vn 0.961246 -0.224312 0.160279
vn 0.926505 -0.317731 0.201585
vn 0.939227 -0.224370 0.259828
vn 0.762736 -0.537964 0.358927
vn 0.833313 -0.461263 0.304673
vn 0.877650 -0.423064 0.225273
vn 0.956842 -0.234017 0.172307
vn 0.760136 -0.602642 0.242932
vn 0.924193 -0.338541 0.176799
vn 0.884615 -0.392351 0.252027
vn 0.938974 -0.289756 0.185391
vn 0.973786 -0.200370 0.107668
vn 0.980633 -0.159180 0.114106
vn 0.938862 -0.281139 0.198745
vn 0.988517 -0.150531 -0.013211
vn 0.998848 -0.014886 -0.045617
vn 0.946448 0.260987 -0.190056
vn 0.906992 0.346111 -0.239943
vn 0.897222 0.380871 -0.223448
vn 0.907335 0.266734 -0.324955
vn 0.945024 0.099517 -0.311489
vn 0.976647 -0.079746 -0.199504
vn 0.933503 -0.070237 -0.351623
vn 0.911388 -0.287300 -0.294669
vn 0.907156 -0.390875 -0.155835
vn 0.906962 -0.188079 -0.376889
vn 0.900809 -0.049782 -0.431352
vn 0.883386 -0.416678 0.214496
vn 0.895041 -0.439009 -0.078559
vn 0.985093 -0.054321 0.163221
vn 0.962974 -0.039421 -0.266697
vn 0.727304 -0.230937 -0.646295
vn 0.783436 -0.107972 -0.612021
vn 0.903930 0.087502 -0.418634
vn 0.930404 0.100517 -0.352484
vn 0.912610 0.273214 -0.304134
vn 0.899223 0.370514 -0.232630
vn 0.870194 0.456982 -0.184200
vn 0.867022 0.478430 -0.139206
vn 0.830803 0.548339 -0.095346
vn 0.832393 0.551007 -0.059263
vn 0.790687 0.611504 0.029615
vn 0.798267 0.594499 -0.096650
vn 0.823602 0.546877 -0.150349
vn 0.835883 0.519591 -0.176990
vn 0.795256 0.581874 -0.170267
vn 0.822443 0.532676 -0.199608
vn 0.830997 0.508904 -0.224635
vn 0.881071 0.433237 -0.189788
vn 0.884377 0.383366 -0.266287
vn 0.840222 0.425227 -0.336466
vn 0.895436 0.307544 -0.321887
vn 0.922163 0.224094 -0.315274
vn 0.926749 0.248895 -0.281404
vn 0.969805 0.141301 -0.198777
vn 0.976662 0.200818 0.076181
vn 0.935405 0.352578 -0.026569
vn 0.919874 0.274809 -0.279841
vn 0.896701 0.315373 -0.310591
vn 0.876100 0.358001 -0.322929
vn 0.838204 0.480734 -0.257505
vn 0.795880 0.540238 -0.273346
vn 0.825642 0.517102 -0.225656
vn 0.796559 0.516498 -0.314202
vn 0.850802 0.423488 -0.311117
vn 0.878831 0.337388 -0.337381
vn 0.908421 0.327439 -0.259913
vn 0.906349 0.321246 -0.274468
vn 0.855891 0.414100 -0.309793
vn 0.818092 0.491139 -0.299177
vn 0.822427 0.495416 -0.279599
vn 0.789006 0.554427 -0.264728
vn 0.789909 0.588083 -0.173789
vn 0.706872 0.693315 -0.140166
vn 0.754566 0.639573 -0.146893
vn 0.717175 0.690493 -0.094231
vn 0.764097 0.642638 -0.056325
vn 0.750462 0.656631 -0.075121
vn 0.709101 0.703689 0.044694
vn 0.729454 0.682206 -0.049913
vn 0.663210 0.748273 0.015496
vn 0.654017 0.756470 -0.003904
vn 0.654959 0.746512 -0.117252
vn 0.601596 0.788796 -0.126033
vn 0.669384 0.724990 -0.162217
vn 0.742562 0.638264 -0.203026
vn 0.782016 0.572811 -0.245638
vn 0.843458 0.485509 -0.229911
vn 0.850214 0.446100 -0.279520
vn 0.868014 0.428668 -0.250591
vn 0.883939 0.381689 -0.270122
vn 0.902862 0.317737 -0.289625
vn 0.906715 0.342964 -0.245444
vn 0.881116 0.373704 -0.289794
vn 0.840569 0.431795 -0.327105
vn 0.837864 0.468193 -0.280676
vn 0.806866 0.452333 -0.379949
vn 0.857525 0.440212 -0.266205
vn 0.898647 0.370863 -0.234295
vn 0.846459 0.471703 -0.246990
vn 0.900561 0.393662 -0.184448
vn 0.915790 0.373589 -0.147511
vn 0.895088 0.407109 -0.181881
vn 0.875080 0.477596 -0.078340
vn 0.837448 0.530088 0.132998
vn 0.717808 0.587447 0.373709
vn 0.870841 0.448514 0.201173
vn 0.958319 0.285402 0.013033
vn 0.903045 0.419784 -0.091058
vn 0.869292 0.470309 -0.152123
vn 0.870017 0.475397 -0.130645
vn 0.885188 0.408910 -0.221889
vn 0.895036 0.397612 -0.202025
vn 0.827449 0.414124 -0.379248
vn 0.817724 0.475588 -0.324259
vn 0.825928 0.482161 -0.292173
vn 0.850267 0.468033 -0.240813
vn 0.839238 0.486408 -0.243078
vn 0.795187 0.545196 -0.265403
vn 0.763012 0.568914 -0.306838
vn 0.788014 0.541189 -0.293509
vn 0.746405 0.614770 -0.254828
vn 0.722386 0.651645 -0.231335
vn 0.696140 0.668122 -0.262682
vn 0.736918 0.627120 -0.252333
vn 0.735234 0.592806 -0.328652
vn 0.788500 0.570204 -0.230509
vn 0.795468 0.541007 -0.273025
vn 0.734938 0.614871 -0.286007
vn 0.711087 0.660475 -0.241098
vn 0.733610 0.657654 -0.171193
vn 0.665781 0.694877 -0.271813
vn 0.522493 0.818301 -0.239550
vn 0.598647 0.764087 -0.240400
vn 0.546646 0.780576 -0.303115
vn 0.524099 0.761851 -0.380663
vn 0.684233 0.675623 -0.274516
vn 0.782042 0.567324 -0.257979
vn 0.810063 0.536242 -0.237156
vn 0.732170 0.617725 -0.286956
vn 0.676364 0.663465 -0.319914
vn 0.670454 0.638247 -0.378327
vn 0.674618 0.595889 -0.435668
vn 0.748597 0.564086 -0.348440
vn 0.715479 0.577730 -0.392832
vn 0.660538 0.634870 -0.400787
vn 0.569092 0.713072 -0.409466
vn 0.530827 0.744944 -0.404080
vn 0.593719 0.747439 -0.298048
vn 0.674669 0.710836 -0.198833
vn 0.416986 0.855294 -0.307561
vn 0.524049 0.803898 -0.281284
vn 0.405494 0.830382 -0.382153
vn 0.469547 0.771887 -0.428621
vn 0.529521 0.709752 -0.464606
vn 0.577522 0.654701 -0.487684
vn 0.523190 0.692911 -0.496131
vn 0.336339 0.779265 -0.528793
vn 0.309294 0.810854 -0.496844
vn 0.243215 0.880614 -0.406651
vn 0.238564 0.904473 -0.353576
vn 0.153943 0.925861 -0.345085
vn 0.245249 0.936123 -0.252046
vn 0.412124 0.885337 -0.215249
vn 0.363912 0.917859 -0.158439
vn 0.165900 0.963959 -0.207992
vn 0.020651 0.960823 -0.276391
vn 0.056328 0.934616 -0.351169
vn 0.022230 0.879901 -0.474637
vn 0.180398 0.834039 -0.521378
vn 0.074323 0.812341 -0.578428
vn 0.072773 0.850995 -0.520107
vn -0.013895 0.812867 -0.582284
vn 0.022557 0.861743 -0.506844
vn -0.069474 0.912334 -0.403509
vn -0.041440 0.953028 -0.300033
vn -0.014613 0.970351 -0.241258
vn 0.030694 0.982143 -0.185613
vn 0.155446 0.978699 -0.134109
vn 0.029417 0.995726 -0.087541
vn -0.038384 0.988147 -0.148635
vn -0.144888 0.969482 -0.197766
vn -0.022607 0.995085 -0.096407
vn -0.132048 0.982845 -0.128762
vn -0.195366 0.979016 -0.057957
vn 0.003929 0.999793 -0.019984
vn 0.012819 0.999569 -0.026428
vn 0.177467 0.980413 -0.085418
vn 0.471871 0.875571 -0.103507
vn 0.523099 0.840240 -0.142700
vn 0.426064 0.886359 -0.181209
vn 0.584874 0.807067 -0.081023
vn 0.548966 0.835648 -0.018119
vn 0.644860 0.758560 0.093504
vn 0.724420 0.685818 0.069779
vn 0.679178 0.730092 -0.075380
vn 0.570224 0.758718 -0.314947
vn 0.489234 0.820917 -0.294525
vn 0.542686 0.820451 -0.179868
vn 0.389026 0.889266 -0.240552
vn 0.454765 0.890385 -0.020087
vn 0.495109 0.838943 0.225924
vn 0.389608 0.846357 0.363159
vn 0.378741 0.890674 0.251506
vn 0.305149 0.950862 -0.052398
vn 0.315098 0.915244 -0.251082
vn 0.493960 0.843163 -0.212321
vn 0.602583 0.795209 -0.067353
vn 0.650045 0.758929 0.038306
vn 0.616898 0.781332 0.094639
vn 0.595027 0.803101 0.031180
vn 0.480040 0.870468 -0.108839
vn 0.582805 0.806796 0.097043
vn 0.602792 0.788106 0.124620
vn 0.598826 0.788939 0.137778
vn 0.587375 0.804055 0.092126
vn 0.540889 0.829428 0.139601
vn 0.563005 0.817908 0.118542
vn 0.379307 0.924530 -0.037013
vn 0.175543 0.967058 -0.184346
vn 0.153557 0.973575 -0.169035
vn -0.041198 0.989019 -0.141931
vn 0.025751 0.999153 0.032085
vn 0.175366 0.966671 0.186531
vn -0.068864 0.961979 0.264300
vn -0.090934 0.991237 0.095814
vn 0.008435 0.994934 -0.100174
vn 0.145216 0.890963 0.430229
vn 0.167602 0.865759 0.471563
vn 0.178087 0.863133 0.472532
vn 0.148582 0.869227 0.471559
vn 0.152347 0.917633 0.367071
vn 0.302910 0.823747 0.479255
vn 0.224238 0.883193 0.411932
vn 0.206657 0.860682 0.465316
vn 0.295267 0.872014 0.390397
vn 0.339038 0.889562 0.306157
vn 0.253599 0.921358 0.294597
vn 0.549360 0.752945 0.362323
vn -0.972289 0.233382 -0.013686
vn -0.986233 0.129290 0.103093
vn -0.974313 0.044020 0.220856
vn -0.977945 0.184889 0.097159
vn -0.967388 0.250414 0.038119
vn -0.946168 0.311322 0.088569
vn -0.955391 0.225587 0.190625
vn -0.961994 0.047541 0.268899
vn -0.950989 -0.048633 0.305377
vn -0.945209 -0.141573 0.294172
vn -0.991719 0.093489 0.088047
vn -0.997078 -0.063551 -0.042398
vn -0.942955 -0.210489 0.257936
vn -0.930475 -0.290591 0.223099
vn -0.921941 -0.320459 0.217558
vn -0.913210 -0.335255 0.231629
vn -0.693395 -0.712125 -0.109915
vn -0.871697 -0.066687 0.485487
vn -0.883611 -0.195421 0.425490
vn -0.753421 0.532132 0.386255
vn -0.677690 0.283303 0.678584
vn -0.846875 0.270433 0.457896
vn -0.659764 -0.750371 -0.040669
vn -0.656160 -0.749756 -0.085556
vn -0.516367 -0.838963 -0.171777
vn -0.867910 -0.373639 -0.327301
vn -0.585938 0.531626 -0.611597
vn 0.081160 0.221449 -0.971789
vn -0.053386 0.213369 -0.975512
vn -0.552983 0.095138 -0.827743
vn -0.883155 -0.465780 0.055556
vn -0.968302 -0.249763 -0.003276
vn 0.206652 0.137523 -0.968701
vn -0.152470 0.147626 -0.977220
vn -0.006299 0.261716 -0.965124
vn -0.116873 0.135481 -0.983863
vn -0.938449 -0.121892 -0.323195
vn -0.893091 -0.429805 -0.132875
vn -0.716271 -0.257077 -0.648743
vn -0.457339 0.113405 -0.882032
vn -0.756512 0.016102 -0.653781
vn -0.909548 -0.195017 -0.367002
vn -0.957129 -0.246260 -0.152510
vn -0.929315 -0.013823 -0.369029
vn -0.981066 0.052101 -0.186534
vn -0.977364 0.008140 -0.211408
vn -0.973521 0.163644 -0.159618
vn -0.958862 0.178271 -0.220913
vn -0.958300 0.160648 -0.236334
vn -0.945964 0.089417 -0.311699
vn -0.926541 0.129937 -0.353043
vn -0.951638 0.184163 -0.245906
vn -0.971259 0.237710 0.012283
vn -0.930506 0.323913 0.170993
vn -0.920501 0.372211 0.118902
vn -0.918650 0.385007 0.088611
vn -0.892515 0.448696 0.045702
vn -0.822146 0.563719 0.079352
vn -0.720136 0.689167 0.080332
vn -0.661947 0.747414 0.056551
vn -0.603174 0.794156 -0.074150
vn -0.622386 0.776018 -0.102136
vn -0.521493 0.830234 -0.196866
vn -0.356161 0.906307 -0.227502
vn -0.310537 0.939222 -0.146383
vn -0.447030 0.889034 -0.098906
vn -0.602957 0.795756 0.056712
vn -0.626809 0.770539 0.115673
vn -0.624121 0.773312 0.111631
vn -0.679178 0.731824 0.056132
vn -0.633000 0.774136 0.004856
vn -0.679904 0.728428 -0.084393
vn -0.699708 0.708131 -0.094653
vn -0.751182 0.660067 -0.006097
vn -0.773248 0.632866 0.039590
vn -0.814811 0.575573 -0.069279
vn -0.812679 0.581332 -0.040071
vn -0.863716 0.503969 -0.003081
vn -0.896197 0.443621 -0.005594
vn -0.859771 0.506501 -0.065196
vn -0.840393 0.528724 -0.119125
vn -0.896429 0.431667 -0.100396
vn -0.925201 0.375107 -0.057418
vn -0.922150 0.386240 0.021420
vn -0.915267 0.382960 -0.125013
vn -0.880275 0.444280 -0.166527
vn -0.857888 0.493890 -0.141781
vn -0.809745 0.573639 -0.123496
vn -0.835542 0.533998 -0.129286
vn -0.710786 0.691845 -0.127017
vn -0.759994 0.643583 -0.090615
vn -0.670499 0.732552 -0.117468
vn -0.685794 0.726603 -0.041649
vn -0.637841 0.769325 -0.036027
vn -0.526888 0.842857 -0.109460
vn -0.548051 0.836200 -0.020234
vn -0.548682 0.832477 0.077010
vn -0.563658 0.816335 0.126045
vn -0.654643 0.743776 0.135052
vn -0.569881 0.817562 0.082631
vn -0.579831 0.804674 0.127654
vn -0.463782 0.883681 0.063359
vn -0.351261 0.934699 0.054352
vn -0.084583 0.989917 -0.113620
vn 0.037430 0.992808 -0.113718
vn 0.097830 0.994622 -0.033998
vn 0.374724 0.926173 0.042267
vn 0.404589 0.904676 0.133679
vn 0.490081 0.859010 0.148062
vn 0.256793 0.953227 0.159420
vn 0.083704 0.984953 0.151197
vn 0.169104 0.974727 0.145985
vn 0.305379 0.938367 0.161897
vn 0.261626 0.961534 0.083694
vn 0.468340 0.881942 0.053251
vn 0.477929 0.877862 -0.030711
vn 0.413612 0.909862 0.032805
vn 0.500908 0.864934 -0.031314
vn 0.253873 0.966734 0.031199
vn 0.326620 0.940487 -0.093827
vn 0.235270 0.969629 -0.066846
vn 0.152754 0.987856 -0.028394
vn 0.123156 0.989617 0.074102
vn 0.005776 0.991235 0.131988
vn -0.012304 0.992880 0.118484
vn -0.029886 0.992593 0.117756
vn -0.051944 0.995377 -0.080783
vn -0.314087 0.937791 0.147974
vn -0.173321 0.974160 0.144816
vn -0.175109 0.973176 0.149218
vn -0.046223 0.993292 0.105993
vn -0.181845 0.983284 -0.009222
vn -0.250176 0.963274 0.097542
vn -0.268317 0.952767 0.142275
vn -0.448444 0.878423 0.165139
vn -0.562757 0.813888 0.144533
vn -0.520662 0.843369 0.132814
vn -0.514866 0.848699 0.120929
vn -0.534310 0.837758 0.112582
vn -0.465717 0.881699 0.075591
vn -0.387781 0.921390 -0.025820
vn -0.416922 0.903037 -0.103438
vn -0.383523 0.922477 -0.044113
vn -0.401486 0.915211 -0.034607
vn -0.327243 0.934195 -0.142096
vn -0.344905 0.910159 -0.229460
vn -0.226706 0.935311 -0.271657
vn -0.537552 0.814768 -0.217235
vn -0.595534 0.778059 -0.199907
vn -0.653994 0.710527 -0.259699
vn -0.546498 0.790270 -0.277152
vn -0.683708 0.689267 -0.239695
vn -0.736297 0.623296 -0.263379
vn -0.753573 0.615372 -0.231181
vn -0.731765 0.626063 -0.269380
vn -0.758580 0.618277 -0.205646
vn -0.717544 0.671530 -0.184870
vn -0.773663 0.609623 -0.172641
vn -0.712864 0.682663 -0.160611
vn -0.617968 0.774389 -0.135785
vn -0.667892 0.730721 -0.141306
vn -0.512505 0.851648 -0.109704
vn -0.440783 0.884308 -0.153982
vn -0.525467 0.820776 -0.224079
vn -0.986271 0.074355 -0.147446
vn -0.991455 0.006059 0.130311
vn -0.987685 0.156143 -0.009834
vn -0.969633 -0.007366 0.244454
vn -0.892087 0.003644 0.451848
vn -0.824134 0.073278 0.561634
vn -0.600653 0.196539 0.774976
vn -0.597163 0.191113 0.779020
vn -0.896171 -0.017465 0.443365
vn -0.806922 -0.013298 0.590509
vn -0.921218 -0.044068 0.386542
vn -0.932044 -0.071187 0.355283
vn -0.957922 -0.009805 0.286860
vn -0.935828 0.244041 0.254302
vn -0.970929 0.190307 0.145188
vn -0.384099 0.017826 -0.923120
vn -0.337857 0.304178 -0.890690
vn -0.794640 0.454476 -0.402492
vn -0.846996 0.040354 -0.530065
vn -0.445927 -0.151677 -0.882124
vn -0.520929 -0.324742 -0.789415
vn -0.739710 -0.290559 -0.606963
vn -0.647453 -0.196947 0.736218
vn -0.501543 -0.594182 0.628810
vn -0.705537 -0.616116 0.350169
vn -0.849140 -0.023386 0.527649
vn -0.939269 -0.192773 0.283922
vn -0.775562 -0.537801 -0.330565
vn -0.667539 -0.738896 -0.091786
vn -0.295588 -0.669942 0.681033
vn -0.256730 -0.014271 0.966378
vn -0.787841 -0.461558 0.407764
vn -0.812891 -0.450305 -0.369370
vn -0.913907 -0.125416 0.386063
vn -0.543725 0.165797 0.822724
vn -0.350910 0.701756 0.620000
vn -0.933670 0.186827 -0.305543
vn -0.607763 -0.097936 -0.788057
vn -0.982413 -0.021820 0.185444
vn -0.597412 0.793093 0.118754
vn -0.672497 0.216667 0.707675
vn -0.934903 -0.277751 -0.220933
vn -0.961737 0.133122 0.239458
vn -0.983412 0.040264 0.176862
vn -0.877795 0.298949 0.374307
vn -0.845916 0.432664 0.311814
vn -0.930080 0.274907 0.243674
vn -0.735034 0.504689 0.452784
vn -0.589623 0.646474 0.484166
vn -0.387613 0.677115 0.625517
vn -0.520260 0.535692 0.665105
vn -0.562129 0.568990 0.600217
vn -0.613274 0.560786 0.556249
vn -0.795221 0.386972 0.466772
vn -0.805740 0.392053 0.443935
vn -0.901054 0.218322 0.374751
vn -0.932172 -0.098405 0.348386
vn -0.909967 -0.346976 0.227085
vn -0.926630 -0.372598 0.050277
vn -0.939467 -0.190388 0.284874
vn -0.987738 -0.110986 0.109799
vn -0.980364 -0.169703 -0.100434
vn -0.937447 -0.082594 -0.338188
vn -0.696607 -0.192579 -0.691123
vn -0.794980 -0.274921 -0.540764
vn -0.933635 -0.335392 -0.125849
vn -0.954271 -0.277879 0.110227
vn -0.927860 -0.301031 -0.220129
vn -0.975657 0.027971 -0.217509
vn -0.981747 -0.062321 -0.179691
vn -0.997644 0.037639 0.057350
vn -0.972491 0.074839 0.220592
vn -0.930856 -0.064966 0.359564
vn -0.838412 -0.091055 0.537377
vn -0.732462 0.110036 0.671856
vn -0.525651 0.187521 0.829776
vn -0.434742 0.550263 0.712888
vn -0.642799 0.613483 0.458746
vn -0.967657 0.131307 0.215401
vn -0.843826 0.118679 0.523329
vn -0.669878 0.066948 0.739447
vn -0.768745 -0.183489 0.612669
vn -0.792283 -0.416579 0.445814
vn -0.936346 0.051692 0.347251
vn -0.990292 -0.138839 -0.006704
vn -0.961268 -0.101233 0.256349
vn -0.986144 -0.093069 0.137324
vn -0.968015 0.068220 0.241440
vn -0.942482 -0.219162 0.252378
vn -0.975749 -0.023090 0.217670
vn -0.949671 -0.153426 0.273105
vn -0.794743 -0.092960 0.599785
vn -0.855385 0.509602 -0.092855
vn -0.805627 -0.378323 0.455891
vn -0.772031 -0.300150 0.560249
vn -0.975108 -0.025450 0.220263
vn -0.990870 -0.039363 0.128949
vn -0.955605 0.085501 0.281973
vn -0.903606 -0.102140 0.416008
vn -0.987595 -0.108331 -0.113672
vn -0.954441 -0.065406 -0.291144
vn -0.992809 -0.119693 0.001820
vn -0.977782 -0.096722 0.185978
vn -0.969722 -0.115943 0.214932
vn -0.939981 -0.110533 0.322828
vn -0.841973 -0.191441 0.504412
vn -0.880109 -0.181727 0.438616
vn -0.985888 0.015496 0.166689
vn -0.991078 0.082242 -0.104881
vn -0.935407 -0.086743 -0.342768
vn -0.956830 -0.009750 -0.290484
vn -0.996037 0.070403 0.054344
vn -0.933163 0.044380 0.356703
vn -0.795651 -0.082124 0.600162
vn -0.849148 -0.263844 0.457531
vn -0.763730 -0.324441 0.558081
vn -0.691711 -0.248209 0.678179
vn -0.798391 -0.117888 0.590486
vn -0.819033 0.009009 0.573676
vn -0.636786 0.037340 0.770136
vn -0.596568 -0.147591 0.788875
vn -0.649434 -0.220536 0.727736
vn -0.204849 -0.338882 0.918257
vn -0.377390 -0.122115 0.917968
vn -0.468565 0.062882 0.881188
vn -0.197075 -0.123180 0.972619
vn -0.043456 -0.291744 0.955509
vn -0.012633 -0.174363 0.984600
vn -0.226165 -0.035213 0.973452
vn -0.361911 0.015682 0.932081
vn -0.277193 -0.253980 0.926638
vn -0.057017 -0.335929 0.940160
vn 0.085945 -0.374827 0.923102
vn -0.185985 -0.377865 0.906988
vn -0.405740 -0.390788 0.826232
vn -0.586499 -0.220923 0.779238
vn -0.306741 -0.321872 0.895717
vn 0.014543 -0.326769 0.944992
vn -0.228962 0.033298 0.972866
vn 0.124311 -0.148929 0.981003
vn 0.360726 -0.340881 0.868146
vn 0.305133 -0.444446 0.842236
vn 0.107343 -0.488506 0.865933
vn -0.053407 -0.663602 0.746177
vn -0.555812 -0.618668 0.555269
vn -0.332131 -0.765066 0.551691
vn -0.638141 -0.748544 0.180161
vn -0.407807 -0.400988 0.820306
vn -0.646974 -0.556945 0.520804
vn -0.342779 -0.730495 0.590660
vn -0.371100 -0.671938 0.640925
vn -0.860703 -0.092009 0.500724
vn -0.356463 0.097382 0.929220
vn -0.508618 0.161278 0.845753
vn -0.251344 0.003606 0.967891
vn -0.892814 -0.111997 0.436279
vn -0.918882 -0.075015 0.387334
vn -0.942100 -0.056036 0.330618
vn -0.890798 -0.160823 0.424989
vn -0.916893 -0.249239 0.311749
vn -0.982781 -0.023293 0.183300
vn -0.945547 -0.158671 -0.284192
vn -0.662192 -0.529911 -0.529808
vn -0.825944 -0.419430 -0.376689
vn -0.755028 0.021931 0.655326
vn -0.533541 -0.754380 -0.382419
vn -0.817631 -0.529364 -0.226393
vn -0.929464 -0.106987 -0.353059
vn -0.815967 -0.324616 0.478353
vn -0.852638 -0.245643 0.461160
vn -0.808733 -0.278486 0.518069
vn -0.741324 -0.419913 0.523556
vn -0.416686 -0.774339 0.476206
vn -0.326875 -0.765869 0.553712
vn -0.712137 -0.462412 0.528238
vn -0.861800 -0.487259 0.140992
vn -0.517978 -0.690721 0.504582
vn -0.256540 -0.693404 0.673333
vn -0.319344 -0.708337 0.629506
vn -0.395566 -0.577085 0.714493
vn -0.700855 -0.464564 0.541278
vn -0.498722 -0.478841 0.722488
vn -0.645794 -0.515216 0.563473
vn -0.926620 0.148968 -0.345230
vn -0.959071 0.181877 -0.217032
vn -0.911953 0.156025 -0.379470
vn -0.859773 0.088167 -0.503008
vn -0.575946 0.286753 -0.765545
vn -0.843072 0.112072 -0.525993
vn -0.889973 0.092604 -0.446512
vn -0.884493 0.082748 -0.459157
vn -0.923413 -0.114250 -0.366407
vn -0.938028 -0.073436 -0.338690
vn -0.906883 0.066266 -0.416139
vn -0.963866 -0.010553 -0.266177
vn -0.971653 -0.032382 -0.234184
vn -0.927667 -0.015404 -0.373091
vn -0.952329 -0.180565 -0.245899
vn -0.883905 0.028891 -0.466774
vn -0.937608 -0.169411 -0.303630
vn -0.933505 -0.238664 -0.267596
vn -0.588562 0.169161 -0.790556
vn -0.220609 0.586568 -0.779275
vn -0.242024 0.675862 -0.696158
vn -0.813004 0.125130 -0.568654
vn -0.699345 0.240949 -0.672949
vn -0.800473 -0.276686 -0.531684
vn -0.569284 -0.366022 -0.736168
vn -0.314715 0.556588 -0.768872
vn 0.405279 0.000353 -0.914193
vn 0.293658 0.332078 -0.896375
vn -0.755229 -0.156721 -0.636449
vn -0.783601 0.165545 -0.598803
vn -0.767052 0.366200 -0.526810
vn -0.907425 0.016962 -0.419871
vn -0.778704 0.258697 -0.571573
vn -0.541571 -0.838716 -0.057063
vn 0.366567 -0.200375 -0.908558
vn 0.166002 0.285062 -0.944025
vn 0.152953 -0.063040 -0.986221
vn -0.459227 -0.888228 0.012723
vn -0.583668 -0.745113 -0.322704
vn -0.758137 -0.635760 0.145045
vn -0.840553 -0.117211 -0.528897
vn -0.883037 0.054634 -0.466113
vn -0.774244 0.380249 -0.505922
vn -0.950142 -0.087280 -0.299353
vn -0.759779 0.188766 -0.622176
vn -0.000839 0.052501 -0.998621
vn -0.385006 -0.506464 -0.771534
vn -0.825713 -0.497100 -0.266627
vn -0.970656 0.049207 -0.235385
vn -0.066964 0.482627 -0.873262
vn -0.963921 -0.218246 -0.152396
vn 0.548270 -0.788478 -0.278752
vn 0.330095 0.035857 -0.943266
vn -0.155818 -0.177725 -0.971666
vn 0.099316 -0.022996 -0.994790
vn 0.202984 -0.244570 -0.948147
vn -0.360032 -0.281677 -0.889401
vn -0.343926 -0.641930 -0.685303
vn -0.500336 -0.356620 -0.788978
vn -0.288768 0.177060 -0.940884
vn -0.734175 0.170045 -0.657322
vn -0.655943 0.303975 -0.690896
vn 0.767887 -0.284785 -0.573800
vn 0.008520 -0.902657 -0.430276
vn -0.879966 -0.350425 -0.320721
vn -0.636846 -0.665789 -0.388783
vn -0.658892 -0.747524 0.084080
vn -0.863450 -0.294036 -0.409873
vn -0.725116 -0.426632 -0.540547
vn -0.885734 -0.231730 -0.402214
vn -0.865249 -0.194649 -0.462012
vn 0.158851 -0.873618 0.459954
vn 0.857641 -0.481593 -0.180336
vn -0.508839 0.035027 -0.860149
vn -0.416549 -0.874323 0.249091
vn -0.895601 -0.399882 0.194916
vn -0.953737 -0.149250 -0.260979
vn -0.962449 -0.159129 -0.219933
vn -0.896287 -0.320696 -0.306308
vn -0.868199 -0.190834 -0.458052
vn -0.844537 -0.064939 -0.531546
vn -0.814779 -0.144928 -0.561365
vn -0.728076 -0.199346 -0.655871
vn -0.749317 -0.247360 -0.614278
vn -0.595102 -0.344717 -0.725964
vn -0.511473 -0.325030 -0.795456
vn -0.697801 -0.312810 -0.644378
vn -0.474969 -0.399214 -0.784240
vn -0.448072 -0.892490 0.051897
vn -0.527233 -0.772343 -0.354276
vn -0.636701 0.070276 -0.767902
vn 0.430792 0.315079 -0.845661
vn 0.647287 -0.187756 -0.738761
vn 0.057660 -0.715409 -0.696323
vn -0.215173 -0.417923 -0.882633
vn -0.303207 -0.544098 -0.782319
vn -0.656608 -0.391667 -0.644564
vn 0.284087 -0.155430 -0.946116
vn -0.645280 -0.666554 -0.373255
vn 0.036634 -0.599084 -0.799847
vn 0.214357 -0.617519 -0.756783
vn 0.664727 -0.334244 -0.668146
vn 0.558316 -0.453639 -0.694618
vn 0.126861 -0.507135 -0.852479
vn -0.031611 -0.396484 -0.917497
vn 0.006495 0.264636 -0.964327
vn 0.390970 -0.033981 -0.919776
vn -0.741614 -0.571940 -0.350562
vn -0.019246 -0.114837 -0.993198
vn 0.219035 -0.103510 -0.970211
vn 0.410856 -0.376863 -0.830164
vn 0.574319 -0.284907 -0.767454
vn 0.537814 -0.063008 -0.840706
vn 0.483536 0.495824 -0.721354
vn 0.021939 -0.288624 -0.957191
vn 0.284959 0.175444 -0.942347
vn -0.052914 0.223698 -0.973221
vn -0.202294 0.031335 -0.978823
vn -0.089492 0.289402 -0.953015
vn 0.540193 0.312706 -0.781285
vn -0.690120 -0.262001 -0.674604
vn -0.375302 -0.895868 -0.237843
vn -0.184776 -0.107780 -0.976853
vn -0.233140 0.011072 -0.972380
vn -0.253106 0.009160 -0.967395
vn -0.515923 -0.475727 -0.712396
vn -0.272745 -0.105138 -0.956324
vn -0.338166 0.184340 -0.922856
vn -0.649844 -0.066104 -0.757188
vn 0.034816 0.419988 -0.906861
vn -0.738823 0.054497 -0.671692
vn 0.152264 0.473340 -0.867620
vn 0.758960 0.289817 -0.583083
vn 0.543312 -0.299195 -0.784407
vn 0.183777 -0.854932 -0.485094
vn -0.238291 0.497564 -0.834055
vn 0.341774 0.464769 -0.816811
vn 0.396710 0.113775 -0.910866
vn -0.587956 -0.789797 -0.174723
vn -0.529982 0.540284 -0.653615
vn -0.973936 -0.066502 0.216853
vn -0.994758 -0.079569 -0.064233
vn -0.975189 -0.199386 -0.096190
vn -0.928311 -0.221899 -0.298329
vn -0.895866 -0.123008 -0.426957
vn -0.836401 -0.254008 -0.485709
vn -0.730316 -0.324882 -0.600908
vn -0.622873 -0.379580 -0.684068
vn -0.583292 -0.476521 -0.657798
vn -0.342394 -0.461512 -0.818396
vn -0.392902 -0.380146 -0.837327
vn -0.111103 -0.415913 -0.902592
vn 0.174084 -0.396931 -0.901189
vn 0.680030 -0.293637 -0.671816
vn 0.289840 -0.400745 -0.869135
vn 0.188142 -0.505925 -0.841809
vn 0.630623 -0.361456 -0.686778
vn 0.813180 -0.256724 -0.522332
vn 0.514570 -0.446137 -0.732243
vn 0.281328 -0.407278 -0.868896
vn 0.039000 -0.776439 -0.628984
vn -0.509951 -0.859547 -0.033604
vn 0.951458 -0.146294 -0.270787
vn 0.867688 -0.181416 -0.462825
vn 0.444526 -0.477116 -0.758127
vn 0.113181 -0.574113 -0.810916
vn -0.039409 -0.555811 -0.830374
vn -0.305879 -0.587292 -0.749351
vn -0.329000 -0.563499 -0.757778
vn 0.110956 -0.579703 -0.807238
vn 0.407838 -0.594847 -0.692694
vn 0.706640 -0.476969 -0.522648
vn 0.346098 -0.861975 -0.370426
vn 0.148967 -0.761634 -0.630652
vn -0.184586 -0.633980 -0.750997
vn -0.068508 -0.894669 -0.441446
vn -0.316736 -0.616456 -0.720875
vn -0.566628 -0.492270 -0.660760
vn -0.559671 -0.496285 -0.663678
vn -0.661345 -0.462666 -0.590393
vn -0.761121 -0.401811 -0.509159
vn -0.786300 -0.357437 -0.503956
vn -0.886016 -0.296700 -0.356294
vn -0.954522 -0.223481 -0.197343
vn -0.986597 -0.135271 0.091254
vn -0.940018 -0.056101 0.336480
vn -0.886979 0.012269 0.461647
vn -0.754489 0.085515 0.650718
vn -0.515886 0.149322 0.843543
vn -0.723454 0.099387 0.683181
vn -0.462582 0.141963 0.875137
vn -0.863363 0.013913 0.504391
vn -0.975384 -0.046534 0.215548
vn -0.950321 -0.221134 -0.219068
vn -0.799885 -0.388147 -0.457739
vn -0.639267 -0.588785 -0.494641
vn -0.374158 -0.724451 -0.578945
vn -0.244659 -0.947488 -0.205934
vn 0.158858 -0.974018 -0.161410
vn 0.428712 -0.815700 -0.388381
vn 0.639447 -0.640729 -0.424939
vn 0.487565 -0.859754 -0.151999
vn 0.883220 -0.454497 -0.115568
vn 0.887154 -0.261152 -0.380469
vn 0.973744 0.014703 -0.227170
vn 0.926429 -0.197813 -0.320310
vn 0.729545 -0.668271 -0.145527
vn 0.307645 -0.950186 -0.050009
vn 0.132280 -0.977841 0.162260
vn -0.035182 -0.997983 -0.052843
vn -0.198328 -0.975970 -0.090268
vn -0.146353 -0.984615 -0.095470
vn -0.460533 -0.857082 -0.230910
vn -0.762151 -0.553784 -0.335334
vn -0.802894 -0.515847 -0.298768
vn -0.583038 -0.789724 -0.190798
vn -0.167201 -0.984589 -0.051273
vn -0.126005 -0.991607 -0.028960
vn -0.051986 -0.997050 -0.056473
vn -0.102601 -0.994002 -0.037863
vn -0.181273 -0.981523 0.061254
vn -0.221585 -0.969774 0.102172
vn -0.325508 -0.936253 0.132196
vn -0.123136 -0.992164 0.021151
vn 0.041521 -0.993554 0.105485
vn -0.024587 -0.998271 -0.053399
vn 0.221207 -0.972787 -0.068943
vn 0.529712 -0.848140 -0.007989
vn 0.360792 -0.905619 0.222897
vn 0.070492 -0.935555 0.346076
vn 0.002569 -0.974052 0.226310
vn 0.104950 -0.967876 0.228478
vn -0.335501 -0.925925 0.173497
vn -0.058363 -0.909864 0.410780
vn -0.080084 -0.799829 0.594862
vn 0.190828 -0.793215 0.578268
vn 0.601907 -0.614710 0.509745
vn 0.698530 -0.363941 0.616119
vn 0.612894 -0.507408 0.605721
vn 0.730420 -0.662248 0.167074
vn 0.752079 -0.650440 0.106329
vn 0.732135 -0.681065 0.011330
vn 0.851338 -0.472526 -0.227910
vn 0.891942 -0.437932 0.112497
vn 0.876311 -0.481188 0.023185
vn 0.996945 -0.035551 0.069547
vn 0.977477 -0.198239 0.072386
vn 0.860079 -0.498977 -0.106234
vn 0.115070 -0.991308 0.063775
vn -0.503685 -0.858216 0.098822
vn 0.664662 -0.157169 0.730426
vn 0.888986 -0.165488 0.426988
vn 0.108333 -0.991896 -0.066372
vn -0.398016 -0.708982 0.582175
vn -0.031300 -0.818937 0.573030
vn -0.409905 -0.165907 0.896913
vn 0.996747 0.072153 -0.035916
vn -0.501339 0.041431 0.864258
vn 0.482772 0.809472 0.334195
vn -0.831672 -0.049045 0.553097
vn -0.663247 -0.738797 0.119510
vn -0.304244 -0.873439 -0.380183
vn 0.706144 -0.340272 -0.620948
vn 0.865570 -0.158282 -0.475117
vn 0.810143 0.151862 -0.566221
vn 0.876983 0.467171 -0.112479
vn 0.784197 0.287456 0.549913
vn 0.408189 0.613232 0.676261
vn -0.830339 0.103698 0.547525
vn -0.821491 -0.125310 0.556283
vn -0.598395 -0.744569 0.295871
vn -0.458972 -0.475012 0.750805
vn -0.423013 -0.852238 0.307816
vn -0.449827 -0.851129 -0.270621
vn 0.085656 -0.803101 -0.589654
vn 0.706933 -0.473430 -0.525462
vn 0.798385 0.601348 -0.031007
vn 0.957635 0.281708 0.059793
vn 0.550716 0.777144 0.304562
vn 0.766653 0.623977 0.151315
vn 0.636811 0.755115 0.155798
vn 0.344855 0.884209 0.315037
vn 0.357820 0.801192 0.479641
vn 0.413988 0.909402 0.040021
vn 0.487131 0.860500 -0.149144
vn 0.537635 0.352450 -0.765981
vn 0.391041 -0.393429 -0.832046
vn 0.168457 -0.195179 -0.966192
vn -0.348560 -0.394425 -0.850256
vn -0.081714 0.207804 -0.974751
vn -0.654968 -0.175856 -0.734909
vn -0.368785 -0.913813 0.170126
vn -0.420900 -0.894920 -0.148197
vn -0.781254 -0.107007 -0.614973
vn 0.001989 -0.988939 -0.148308
vn -0.583666 0.382045 -0.716502
vn -0.033902 0.832189 -0.553455
vn 0.173453 0.847281 -0.502025
vn 0.819187 0.572479 0.034648
vn 0.465977 -0.835418 0.291447
vn 0.140387 -0.899376 0.414021
vn 0.833010 -0.230154 0.503114
vn 0.653316 -0.319407 0.686409
vn 0.094761 -0.726243 0.680875
vn -0.103910 -0.717357 0.688913
vn 0.501027 -0.049916 0.863991
vn 0.749711 0.513191 0.417812
vn 0.840168 0.502383 0.204275
vn 0.635926 0.771410 -0.022930
vn 0.181614 0.666498 -0.723047
vn 0.598659 0.797345 0.076476
vn 0.558845 0.565670 0.606391
vn 0.380914 0.752503 0.537255
vn 0.271990 0.179531 0.945405
vn -0.187704 -0.516299 0.835585
vn -0.218600 -0.226672 0.949123
vn 0.198192 0.477137 0.856189
vn 0.024276 0.890809 0.453728
vn -0.081749 0.987350 0.135854
vn -0.202685 0.794097 0.573000
vn -0.568346 0.630436 0.528708
vn -0.241859 0.497743 0.832920
vn -0.512865 0.158977 0.843621
vn 0.316435 0.728052 0.608119
vn 0.219040 0.834753 0.505181
vn 0.254846 0.870198 0.421674
vn 0.433553 0.802339 0.410225
vn 0.229550 0.810925 0.538245
vn 0.331224 0.586536 0.739099
vn 0.676146 0.546890 0.493698
vn 0.655104 0.722352 0.221463
vn 0.775638 0.606726 0.173980
vn 0.798755 0.351955 0.487974
vn 0.616471 0.204948 0.760237
vn 0.174593 0.430503 0.885542
vn -0.034916 0.693665 0.719451
vn 0.052399 0.888960 0.454977
vn -0.155569 0.848358 0.506050
vn -0.194212 0.859162 0.473416
vn 0.090365 0.858922 0.504071
vn 0.328326 0.804176 0.495483
vn 0.423760 0.768478 0.479446
vn 0.485504 0.857311 0.171182
vn 0.699464 0.714614 -0.008722
vn 0.647517 0.592867 -0.478780
vn 0.125822 -0.344257 -0.930406
vn -0.497272 -0.845132 -0.196142
vn -0.333283 -0.504761 -0.796328
vn -0.218308 0.265134 -0.939173
vn 0.796019 -0.466082 -0.386164
vn 0.673575 0.654576 -0.343258
vn 0.935199 -0.180996 0.304374
vn 0.053487 -0.984505 0.167003
vn -0.096254 -0.871238 0.481331
vn 0.406566 -0.610962 0.679286
vn 0.714599 0.017601 0.699313
vn 0.811760 0.502978 0.296749
vn 0.690394 0.709903 0.139259
vn 0.672587 0.323843 0.665397
vn 0.219630 -0.372321 0.901742
vn -0.422392 -0.491829 0.761373
vn -0.633262 -0.533155 0.561004
vn -0.722993 -0.269114 0.636285
vn -0.814839 -0.140041 0.562518
vn -0.311256 0.303758 0.900473
vn -0.369764 -0.150981 0.916776
vn 0.092683 0.032086 0.995179
vn 0.346386 0.630579 0.694541
vn 0.470374 0.806994 0.357084
vn 0.174501 0.931475 0.319222
vn -0.285259 0.622397 0.728869
vn -0.718210 0.456288 0.525333
vn -0.426107 0.808685 0.405538
vn -0.047898 0.879907 0.472726
vn -0.482861 0.567249 0.667139
vn -0.332641 0.557598 0.760549
vn -0.449716 0.758976 0.470862
vn -0.355696 0.823293 0.442344
vn -0.446081 0.709880 0.545053
vn -0.396158 0.526121 0.752500
vn -0.104202 0.389806 0.914983
vn 0.049702 0.118373 0.991725
vn -0.298577 0.320235 0.899056
vn -0.546269 0.123496 0.828456
vn -0.605475 0.510703 0.610395
vn -0.653888 0.629255 0.420082
vn -0.751344 0.310351 0.582379
vn -0.735187 -0.019220 0.677592
vn -0.337677 -0.000870 0.941262
vn 0.318203 0.124280 0.939841
vn -0.688760 0.021615 0.724667
vn -0.922831 0.068510 0.379063
vn -0.886486 0.238860 0.396344
vn -0.981265 0.159129 0.108613
vn -0.997329 0.033072 -0.065122
vn -0.891550 0.406590 0.199559
vn -0.798035 0.518409 0.307233
vn -0.591226 0.678931 0.435321
vn -0.938398 0.124464 0.322362
vn -0.987151 -0.056133 0.149609
vn -0.977006 -0.167669 -0.131706
vn -0.906288 -0.422607 0.006789
vn -0.972568 -0.230739 0.029521
vn -0.852115 -0.482103 0.203659
vn -0.440127 -0.896856 0.044010
vn -0.582375 -0.767171 0.268864
vn -0.562978 -0.782286 0.266615
vn -0.836107 -0.422421 0.349979
vn -0.838462 0.069345 0.540531
vn -0.649466 0.523023 0.551943
vn -0.812382 0.008903 0.583058
vn -0.682014 -0.684508 0.257497
vn -0.553158 -0.662077 0.505638
vn -0.343574 -0.848098 0.403344
vn -0.209444 -0.669780 0.712410
vn -0.006472 -0.955541 0.294788
vn -0.007695 -0.904422 -0.426570
vn 0.628839 -0.502681 -0.593189
vn 0.696933 0.695472 0.174937
vn 0.853803 0.114995 -0.507737
vn -0.115146 -0.860981 -0.495432
vn -0.655885 -0.729576 0.193736
vn -0.905989 -0.282117 0.315584
vn -0.806702 0.057417 0.588163
vn -0.670860 0.464993 0.577692
vn -0.259840 0.617224 0.742642
vn -0.306808 0.670584 0.675416
vn -0.528858 0.767618 0.362039
vn 0.205747 0.863902 0.459719
vn -0.212289 0.561659 0.799670
vn -0.622013 0.010940 0.782930
vn -0.412737 -0.066822 0.908396
vn 0.136988 -0.165223 0.976696
vn 0.599822 0.607120 0.521171
vn 0.230892 0.641710 0.731366
vn -0.598352 -0.693224 -0.401765
vn -0.537610 -0.776583 -0.328474
vn -0.433592 -0.887799 -0.154308
vn -0.598731 -0.793809 -0.106716
vn -0.236278 -0.949216 -0.207757
vn 0.091559 -0.948050 -0.304659
vn 0.437449 -0.869613 -0.228933
vn 0.102937 -0.894174 -0.435725
vn -0.079285 -0.871042 -0.484768
vn -0.567101 -0.735695 -0.370336
vn -0.581067 -0.622058 -0.524790
vn -0.341169 -0.733270 -0.588148
vn -0.044056 -0.870383 -0.490400
vn 0.021281 -0.931205 -0.363875
vn 0.102478 -0.928669 -0.356471
vn -0.105144 -0.676197 -0.729179
vn -0.043942 -0.875570 -0.481088
vn 0.042111 -0.759097 -0.649614
vn -0.024321 -0.930664 -0.365066
vn -0.013717 -0.994938 0.099549
vn 0.182119 -0.979334 -0.087959
vn 0.247804 -0.965460 -0.080494
vn 0.396905 -0.912431 0.099679
vn 0.599218 -0.798544 -0.057142
vn 0.698187 -0.697178 0.162719
vn 0.690714 -0.722565 0.028508
vn 0.682816 -0.728067 -0.060672
vn 0.706051 -0.703416 0.081843
vn 0.786282 -0.571940 0.233764
vn 0.739826 -0.661910 0.120555
vn 0.898575 -0.370561 0.235047
vn 0.768979 -0.616246 0.170033
vn -0.252535 -0.664811 0.703031
vn -0.501896 -0.547747 0.669383
vn -0.764328 -0.359456 0.535346
vn -0.525298 -0.664705 0.531252
vn -0.398596 -0.722229 0.565249
vn 0.519309 -0.848681 0.100296
vn -0.560108 -0.687422 0.462309
vn -0.879669 -0.319417 0.352356
vn -0.825028 -0.292693 0.483384
vn -0.710046 -0.379398 0.593204
vn -0.694701 -0.352527 0.626989
vn -0.671168 -0.263791 0.692783
vn 0.008453 -0.806027 0.591818
vn 0.503492 -0.828943 0.243616
vn 0.522679 -0.777300 0.350159
vn -0.440279 -0.357053 0.823813
vn 0.596912 -0.735808 0.319816
vn 0.580081 -0.813710 0.037181
vn 0.553308 -0.807139 -0.205855
vn 0.464942 -0.884396 0.040899
vn 0.295016 -0.934713 0.198185
vn 0.132945 -0.943648 0.303074
vn 0.636411 -0.681643 0.361032
vn 0.630708 -0.663184 0.402983
vn 0.764093 -0.620748 0.175597
vn 0.326836 -0.835523 0.441678
vn 0.063187 -0.880923 0.469022
vn 0.240454 -0.950183 0.198327
vn 0.607755 -0.745727 0.272992
vn 0.501140 -0.644900 0.577029
vn 0.676867 -0.583753 0.448422
vn 0.374698 -0.779753 0.501584
vn 0.465652 -0.755286 0.461206
vn 0.462423 -0.782111 0.417692
vn 0.202351 -0.893159 0.401649
vn 0.430245 -0.823567 0.369632
vn 0.241151 -0.867585 0.434905
vn 0.377678 -0.859321 0.344858
vn 0.737882 -0.674214 0.031060
vn 0.484398 -0.842929 0.234154
vn 0.365541 -0.851636 0.375628
vn 0.536205 -0.813689 0.224485
vn 0.540717 -0.778690 0.318224
vn 0.719253 -0.685378 0.113721
vn 0.445784 -0.841314 0.305725
vn 0.718249 -0.629214 0.296999
vn 0.353907 -0.837402 0.416543
vn 0.218505 -0.858559 0.463824
vn 0.242054 -0.916202 0.319350
vn 0.444889 -0.856304 0.262331
vn 0.538366 -0.792241 0.287256
vn 0.702642 -0.682263 0.202021
vn 0.486051 -0.850676 0.200260
vn 0.679626 -0.668344 0.302366
vn 0.595460 -0.641162 0.484086
vn 0.545585 -0.707968 0.448462
vn 0.607134 -0.723926 0.327597
vn 0.649114 -0.725179 0.229708
vn 0.890046 -0.357025 0.283463
vn 0.691422 -0.722267 0.016333
vn 0.505219 -0.856504 -0.105618
vn 0.788185 -0.491843 0.369939
vn 0.371260 -0.565172 0.736713
vn 0.466334 -0.507028 0.724882
vn 0.788518 -0.371764 0.489929
vn 0.654421 -0.463149 0.597684
vn 0.286758 -0.641646 0.711379
vn 0.541852 -0.799106 0.260434
vn 0.730459 -0.682690 -0.019058
vn 0.903835 -0.416265 0.099021
vn 0.850287 -0.187756 0.491691
vn 0.863919 -0.403887 0.300862
vn 0.923089 -0.377016 0.075932
vn 0.917576 -0.362393 -0.163478
vn 0.907606 -0.392041 -0.150185
vn 0.854849 -0.511934 -0.084596
vn -0.361349 0.049119 0.931136
vn 0.943036 -0.329096 0.048773
vn 0.763409 -0.341382 0.548329
vn 0.829197 -0.408141 -0.381906
vn 0.859238 -0.497333 -0.119874
vn -0.156053 0.020482 0.987536
vn -0.332801 0.198319 0.921907
vn -0.486064 0.065494 0.871465
vn -0.641576 -0.101014 0.760379
vn -0.518441 -0.416717 0.746703
vn -0.438184 -0.542819 0.716479
vn -0.429781 -0.547249 0.718197
vn -0.679840 -0.347221 0.645953
vn -0.840392 -0.022476 0.541512
vn -0.678245 -0.206632 0.705186
vn -0.467376 -0.328157 0.820897
vn -0.705373 0.374334 0.601933
vn -0.841375 0.414931 0.346295
vn -0.608222 0.682847 0.404704
vn -0.383744 0.439294 0.812257
vn -0.373465 0.796294 0.475857
vn -0.652563 0.653165 0.384106
vn -0.972936 0.029545 0.229176
vn -0.964088 0.004187 0.265552
vn -0.974826 -0.080820 0.207804
vn -0.862499 -0.216435 0.457440
vn -0.982310 -0.158059 0.100423
vn -0.958277 -0.279128 0.061591
vn -0.738204 -0.662252 0.128365
vn 0.166561 -0.982947 -0.077927
vn 0.531374 -0.839223 -0.115527
vn 0.460612 -0.828571 -0.318286
vn 0.384518 -0.922837 -0.022763
vn 0.449318 -0.888596 0.092250
vn 0.238448 -0.962745 -0.127530
vn 0.280668 -0.887482 -0.365516
vn 0.345544 -0.741517 -0.575110
vn 0.374335 -0.683593 -0.626557
vn 0.379909 -0.759442 -0.528126
vn 0.443281 -0.856715 -0.263709
vn 0.505246 -0.858287 -0.089838
vn 0.404322 -0.860613 -0.309626
vn -0.402180 -0.834922 -0.375708
vn -0.871964 -0.401768 -0.279752
vn -0.950501 -0.122031 -0.285757
vn -0.995400 -0.025231 -0.092422
vn -0.995262 -0.041671 0.087847
vn -0.943983 0.018933 -0.329450
vn -0.856058 0.092520 -0.508532
vn -0.774207 0.103897 -0.624347
vn -0.759842 -0.046197 -0.648465
vn -0.694815 0.129683 -0.707400
vn -0.651546 0.184126 -0.735925
vn -0.436171 0.103306 -0.893914
vn -0.619090 -0.073900 -0.781835
vn -0.655553 -0.453656 -0.603694
vn -0.316267 -0.801993 -0.506738
vn 0.407602 -0.884052 -0.228719
vn 0.380867 -0.899939 -0.212251
vn 0.233551 -0.832729 -0.502012
vn 0.017633 -0.957450 -0.288060
vn 0.168733 -0.927087 -0.334723
vn 0.123822 -0.990726 0.055947
vn -0.099505 -0.941449 -0.322136
vn 0.166687 -0.980237 -0.106541
vn 0.503160 -0.855993 -0.118765
vn 0.083333 -0.872746 -0.481010
vn 0.494442 -0.747696 -0.443259
vn 0.676042 -0.702839 -0.221325
vn 0.447447 -0.837365 -0.314025
vn 0.331386 -0.766863 -0.549641
vn 0.687149 -0.574969 -0.444113
vn 0.565248 -0.592570 -0.573895
vn 0.287774 -0.768426 -0.571583
vn 0.096644 -0.860009 -0.501044
vn -0.081781 -0.883143 -0.461920
vn -0.459667 -0.850682 -0.255041
vn -0.058799 -0.892491 -0.447217
vn -0.051650 -0.977431 -0.204845
vn 0.170120 -0.937382 0.303930
vn 0.000888 -0.929008 0.370059
vn -0.421051 -0.673929 0.607072
vn -0.377291 -0.770173 -0.514281
vn -0.468906 -0.676502 -0.567866
vn -0.603689 -0.556242 -0.571100
vn -0.618132 -0.492564 -0.612612
vn -0.385533 -0.681759 -0.621746
vn -0.891073 -0.324852 0.316955
vn -0.671196 -0.512032 -0.536021
vn -0.710833 -0.480161 -0.513966
vn -0.600194 -0.452982 0.659222
vn -0.553495 -0.229409 0.800634
vn -0.852604 -0.143477 0.502475
vn -0.570616 -0.132374 0.810478
vn -0.401017 -0.270607 0.875190
vn -0.252241 -0.541848 0.801733
vn -0.347538 -0.936968 -0.036157
vn -0.009922 -0.299933 0.953909
vn -0.516280 -0.651405 0.555992
vn -0.175775 -0.559609 0.809902
vn -0.314968 -0.217048 0.923951
vn -0.488982 -0.433981 0.756675
vn -0.547824 -0.637997 0.541155
vn 0.003712 -0.830882 0.556437
vn -0.073071 -0.664983 0.743275
vn -0.174644 -0.488952 0.854649
vn -0.252335 -0.496772 0.830388
vn -0.066205 -0.353195 0.933204
vn 0.579810 -0.119252 0.805977
vn -0.128632 -0.405586 0.904961
vn -0.103315 -0.546217 0.831248
vn -0.175040 -0.568669 0.803727
vn -0.145970 -0.615684 0.774355
vn 0.094268 -0.645934 0.757551
vn -0.086822 -0.738223 0.668946
vn 0.047279 -0.572804 0.818327
vn 0.134665 -0.570022 0.810518
vn 0.027187 -0.532497 0.845995
vn 0.029758 -0.484352 0.874367
vn -0.062513 -0.561595 0.825047
vn 0.090152 -0.533862 0.840752
vn 0.181798 -0.503826 0.844458
vn -0.080601 -0.487142 0.869595
vn 0.026336 -0.666659 0.744897
vn -0.163745 -0.678062 0.716533
vn -0.078539 -0.793536 0.603433
vn -0.052015 -0.598086 0.799742
vn -0.147651 -0.575442 0.804404
vn 0.044973 -0.600560 0.798314
vn 0.044767 -0.556786 0.829448
vn -0.048457 -0.597440 0.800448
vn -0.076362 -0.644596 0.760700
vn -0.105542 -0.762285 0.638578
vn -0.038920 -0.860087 0.508661
vn -0.010599 -0.753593 0.657256
vn 0.003053 -0.875237 0.483684
vn 0.087717 -0.845153 0.527279
vn 0.067983 -0.729295 0.680813
vn -0.128381 -0.590102 0.797056
vn -0.005342 -0.583935 0.811783
vn -0.024745 -0.501995 0.864516
vn 0.003847 -0.617125 0.786856
vn -0.049027 -0.770609 0.635420
vn -0.122522 -0.894299 0.430370
vn 0.580521 -0.559909 0.591183
vn 0.820913 -0.386344 0.420523
vn 0.258426 -0.803056 -0.536951
vn 0.487890 -0.240719 0.839058
vn 0.298111 -0.490461 0.818888
vn 0.475123 -0.458255 0.751173
vn 0.217956 -0.781142 0.585074
vn 0.165680 -0.753017 0.636801
vn 0.154609 -0.832908 0.531376
vn 0.107362 -0.802235 0.587275
vn -0.018559 -0.709759 0.704200
vn -0.165307 -0.635194 0.754455
vn -0.018669 -0.522780 0.852263
vn -0.109124 -0.595471 0.795931
vn 0.017839 -0.670230 0.741939
vn -0.005440 -0.608930 0.793205
vn 0.076631 -0.655949 0.750905
vn 0.471753 -0.616305 0.630569
vn 0.136973 -0.496559 0.857127
vn 0.062905 -0.581594 0.811044
vn 0.195267 -0.586401 0.786133
vn -0.210991 -0.598560 0.772793
vn 0.062688 -0.588146 0.806322
vn 0.012831 -0.594023 0.804346
vn 0.119533 -0.540150 0.833036
vn 0.094154 -0.473381 0.875811
vn 0.136836 -0.331047 0.933640
vn 0.095480 -0.475993 0.874250
vn 0.467980 -0.674273 -0.571271
vn 0.624407 -0.552960 -0.551680
vn -0.008557 -0.736383 -0.676511
vn -0.275991 -0.724469 -0.631644
vn -0.518180 -0.476602 -0.710169
vn -0.509715 -0.322323 -0.797684
vn -0.291519 -0.528327 -0.797425
vn -0.106894 -0.721841 -0.683754
vn -0.019920 -0.701707 -0.712187
vn 0.106032 -0.682994 -0.722687
vn 0.227295 -0.623187 -0.748315
vn 0.040944 -0.287834 -0.956805
vn -0.192171 0.050574 -0.980057
vn -0.212213 0.069405 -0.974756
vn -0.438660 0.035826 -0.897939
vn -0.768956 -0.403928 -0.495529
vn -0.940510 -0.339495 0.013535
vn -0.935580 -0.293273 0.196673
vn -0.732477 -0.679312 0.044862
vn -0.591448 -0.781196 -0.199804
vn -0.421290 -0.399962 -0.813969
vn -0.222501 -0.007215 -0.974906
vn -0.005078 -0.428452 -0.903550
vn 0.341687 -0.030515 -0.939318
vn 0.264054 0.113209 -0.957841
vn 0.437222 0.119740 -0.891347
vn 0.672675 0.027319 -0.739434
vn 0.670338 -0.070972 -0.738655
vn 0.382882 -0.497676 -0.778280
vn -0.015718 -0.832284 -0.554126
vn -0.237444 -0.916982 -0.320568
vn -0.162839 -0.986027 -0.035135
vn -0.453388 -0.888386 0.072175
vn -0.724165 -0.669200 0.166602
vn -0.886307 -0.436218 0.155476
vn -0.972007 -0.011709 0.234662
vn -0.872681 0.400689 0.279061
vn -0.950295 -0.264517 0.164224
vn -0.632298 -0.772916 0.052909
vn -0.612697 -0.785835 0.084055
vn -0.062255 -0.997945 0.015187
vn 0.042407 -0.998502 -0.034561
vn 0.291266 -0.863041 -0.412704
vn 0.702927 -0.450220 -0.550632
vn 0.305094 -0.938517 -0.161566
vn 0.126752 -0.991551 -0.027564
vn 0.080802 -0.996443 0.023920
vn 0.251605 -0.967535 0.023878
vn 0.526574 -0.849995 0.015099
vn 0.796629 -0.597704 -0.090181
vn 0.868437 -0.436604 -0.234933
vn 0.822376 -0.403347 -0.401260
vn 0.876566 -0.068515 -0.476379
vn 0.870058 0.024068 -0.492361
vn 0.772907 0.112803 -0.624412
vn 0.714492 0.066700 -0.696457
vn 0.603603 -0.137422 -0.785353
vn 0.618824 -0.409586 -0.670296
vn 0.591622 -0.493212 -0.637750
vn 0.338569 -0.542691 -0.768673
vn 0.650949 -0.398724 -0.645976
vn 0.251901 -0.553690 -0.793709
vn 0.796720 -0.205231 -0.568434
vn 0.809619 -0.287393 -0.511783
vn 0.766096 -0.340760 -0.544958
vn 0.798677 -0.258317 -0.543495
vn 0.902923 -0.135783 -0.407789
vn 0.877595 0.004661 -0.479381
vn 0.911923 0.027164 -0.409462
vn 0.967407 -0.085618 -0.238313
vn 0.981648 -0.142972 -0.126202
vn 0.992130 -0.033196 -0.120728
vn 0.941711 -0.080279 -0.326704
vn 0.974740 0.192102 -0.113926
vn 0.992221 -0.075911 -0.098668
vn 0.902761 -0.428525 -0.037258
vn 0.717396 -0.659251 -0.225237
vn 0.941625 -0.333090 0.048932
vn 0.216107 -0.974310 0.063382
vn 0.697363 -0.716300 -0.024503
vn 0.999213 0.005528 0.039275
vn 0.867833 0.465271 0.174326
vn 0.900204 0.433769 0.038442
vn 0.933560 0.350645 0.074248
vn 0.972642 -0.231055 0.024121
vn 0.978975 -0.190149 -0.073839
vn 0.947367 -0.297342 0.118677
vn 0.966865 -0.227525 0.115775
vn 0.959959 -0.142613 0.241121
vn 0.919597 -0.317468 0.231419
vn 0.867524 -0.407034 0.285876
vn 0.859426 -0.338359 0.383276
vn 0.788221 -0.366203 0.494573
vn 0.677234 0.662578 0.319913
vn 0.550407 0.785378 0.283254
vn 0.412663 0.829239 0.376924
vn 0.113100 0.819731 0.561471
vn -0.462851 0.277815 0.841777
vn 0.591460 -0.800651 -0.095567
vn -0.218419 -0.944513 0.245332
vn -0.693813 -0.671424 0.260411
vn -0.741762 0.178097 0.646583
vn -0.471125 -0.771144 0.428228
vn 0.226857 -0.959066 0.169494
vn 0.152506 -0.978181 0.141079
vn 0.073398 -0.979342 0.188420
vn -0.213630 -0.873627 0.437193
vn -0.135918 -0.981408 0.135515
vn 0.625145 -0.780128 0.024360
vn 0.967726 -0.213713 0.133540
vn 0.481191 0.742018 0.466760
vn 0.341978 0.810312 0.475864
vn 0.559418 0.773743 0.297276
vn 0.488388 0.751950 0.442773
vn 0.519272 0.816621 0.251964
vn 0.798225 0.541469 0.263911
vn 0.972469 -0.103956 0.208560
vn -0.327941 -0.943254 0.052222
vn -0.716388 -0.623298 0.313509
vn 0.080507 -0.796151 0.599718
vn 0.857817 -0.420784 0.295113
vn 0.640320 -0.760385 0.108650
vn -0.315259 -0.912413 0.260986
vn -0.228001 -0.962941 0.144080
vn 0.620020 -0.778933 -0.094009
vn 0.861101 0.451239 0.234283
vn 0.386336 0.561011 0.732128
vn -0.855856 -0.272597 0.439546
vn 0.004489 0.899389 0.437127
vn -0.880650 0.216174 0.421574
vn -0.403109 -0.778230 0.481520
vn -0.466043 -0.854091 0.230939
vn -0.160014 -0.938474 0.306041
vn 0.095017 -0.981943 0.163587
vn -0.564744 -0.821357 0.080228
vn -0.995398 -0.006705 0.095587
vn -0.377655 -0.920503 -0.100255
vn 0.830468 -0.455604 0.320543
vn -0.055953 0.725841 0.685583
vn -0.414923 0.758115 0.503091
vn 0.453484 0.844833 0.283918
vn 0.423251 0.739432 0.523544
vn -0.839623 0.342575 0.421515
vn -0.815248 0.119940 0.566556
vn -0.033634 0.909898 0.413465
vn -0.769242 0.486826 0.413846
vn -0.315893 0.811143 0.492198
vn 0.026792 0.791428 0.610675
vn 0.210760 0.843650 0.493796
vn 0.029884 0.881397 0.471430
vn 0.054343 0.871870 0.486714
vn 0.487942 0.817670 0.305499
vn 0.274410 0.829397 0.486621
vn -0.162697 0.860970 0.481935
vn -0.308216 0.824090 0.475266
vn -0.407777 0.763773 0.500369
vn -0.576108 0.514025 0.635513
vn -0.135226 0.839000 0.527060
vn -0.109344 0.479074 0.870937
vn 0.248565 -0.037322 0.967896
vn 0.297778 -0.287568 0.910293
vn 0.010638 -0.639013 0.769123
vn -0.181411 -0.547205 0.817102
vn -0.471897 -0.216011 0.854782
vn -0.552530 0.019303 0.833269
vn -0.266347 -0.616874 0.740625
vn -0.250391 -0.584205 0.772016
vn -0.321422 -0.242803 0.915279
vn -0.091342 0.098822 0.990904
vn 0.097119 -0.232953 0.967626
vn 0.054627 -0.562210 0.825189
vn 0.063930 -0.674019 0.735943
vn 0.418027 -0.617169 0.666600
vn 0.719800 -0.530670 0.447523
vn 0.840521 -0.442565 0.312508
vn 0.771596 -0.442236 0.457238
vn 0.921212 -0.195062 0.336630
vn 0.840891 -0.279178 0.463640
vn 0.910974 -0.093432 0.401743
vn 0.858196 -0.072883 0.508121
vn 0.753495 -0.310142 0.579705
vn 0.701224 0.091662 0.707024
vn 0.622812 0.141531 0.769463
vn 0.517066 -0.096857 0.850448
vn 0.220395 0.123982 0.967499
vn 0.157259 0.183645 0.970332
vn 0.415078 -0.438515 0.797129
vn 0.320115 -0.606218 0.728029
vn 0.608826 -0.497145 0.618205
vn 0.657971 -0.520446 0.544252
vn 0.341587 -0.656968 0.672095
vn 0.311738 -0.661759 0.681831
vn 0.596373 -0.603459 0.529316
vn 0.998949 -0.044299 -0.011741
vn 0.994735 -0.061408 -0.082041
vn 0.990450 -0.094192 -0.100678
vn 0.703503 -0.710577 0.012839
vn 0.994859 -0.081865 -0.059611
vn 0.985841 -0.138563 0.094435
vn 0.899103 -0.437737 -0.000540
vn 0.888374 -0.454672 0.063751
vn 0.910864 -0.400657 0.098996
vn -0.580882 -0.766068 0.275166
vn -0.517120 -0.807560 0.283609
vn -0.333434 -0.900121 0.280362
vn -0.502501 -0.813441 0.292928
vn 0.536820 -0.835589 0.116687
vn 0.892282 -0.287010 0.348508
vn 0.636578 -0.457345 0.620970
vn 0.752345 -0.220056 0.620929
vn 0.924757 -0.077625 0.372557
vn 0.960508 0.078112 0.267062
vn 0.978277 0.154217 0.138530
vn 0.923684 0.247810 0.292230
vn 0.864567 0.127985 0.485947
vn 0.684591 0.063842 0.726126
vn 0.697794 -0.172201 0.695292
vn 0.392046 -0.168736 0.904339
vn 0.331685 0.050103 0.942059
vn 0.083979 0.142134 0.986279
vn 0.878576 0.358246 0.315855
vn 0.957736 0.272664 0.091625
vn 0.945514 0.246408 -0.212806
vn 0.886512 0.388055 -0.252013
vn 0.603859 0.793316 -0.077485
vn 0.412582 0.901456 -0.130967
vn 0.757582 0.292932 -0.583319
vn 0.339862 0.924184 0.174290
vn 0.780713 0.618271 0.090709
vn -0.205647 0.666382 0.716690
vn -0.453376 0.196926 0.869293
vn -0.811707 0.130059 0.569400
vn 0.240905 -0.940632 -0.239115
vn -0.049719 -0.896087 -0.441085
vn 0.513678 -0.470874 -0.717225
vn 0.020111 -0.800260 -0.599316
vn -0.954658 -0.247337 -0.165691
vn -0.719723 0.505632 0.475746
vn 0.165335 0.668902 0.724731
vn -0.744557 0.572227 0.343788
vn -0.916064 -0.299981 -0.266153
vn -0.168688 -0.881319 -0.441386
vn 0.366440 -0.822939 0.434159
vn 0.260198 0.354075 0.898292
vn 0.908504 -0.099347 0.405896
vn 0.658928 -0.741548 0.126178
vn 0.464087 -0.730613 -0.500827
vn 0.965922 -0.250296 -0.065932
vn 0.894290 -0.180186 -0.409607
vn 0.982902 0.156853 0.096439
vn -0.938399 0.253412 0.234925
vn -0.557321 0.633749 -0.536428
vn -0.320020 0.623014 -0.713751
vn -0.441646 0.604761 -0.662731
vn -0.335619 0.620986 -0.708333
vn -0.384761 0.637989 -0.667030
vn -0.245462 0.667960 -0.702551
vn -0.171740 0.705463 -0.687625
vn -0.159715 0.700539 -0.695511
vn -0.214130 0.640784 -0.737255
vn -0.090261 0.678095 -0.729411
vn -0.011955 0.583857 -0.811768
vn -0.000879 0.493785 -0.869583
vn -0.008087 0.449408 -0.893290
vn 0.100641 0.468588 -0.877665
vn 0.083006 0.436503 -0.895865
vn -0.152498 0.578167 -0.801541
vn -0.667629 0.739917 -0.082421
vn -0.416087 0.888852 -0.191868
vn -0.745682 0.665841 0.024760
vn -0.822799 0.555487 -0.120148
vn -0.572721 0.758896 -0.309946
vn -0.758601 0.561597 -0.330354
vn -0.776982 0.517826 -0.357988
vn -0.570222 0.705366 -0.421077
vn -0.953322 0.275671 -0.123219
vn -0.952665 0.292920 -0.081406
vn -0.872066 0.456558 -0.176230
vn -0.972220 0.194487 -0.130241
vn -0.912197 0.369819 -0.176436
vn -0.716887 0.602472 -0.350857
vn -0.597731 0.666036 -0.446221
vn -0.792216 0.464295 -0.396010
vn -0.756408 0.515921 -0.402085
vn -0.744240 0.485670 -0.458511
vn -0.923721 0.244699 -0.294722
vn -0.706401 0.559225 -0.433895
vn -0.741611 0.534421 -0.405472
vn -0.537137 0.725441 -0.430371
vn -0.611231 0.687117 -0.392768
vn -0.652010 0.690141 -0.313988
vn -0.467965 0.793464 -0.389131
vn -0.725449 0.602453 -0.332829
vn -0.908387 0.382181 -0.169622
vn -0.906938 0.390214 -0.158733
vn -0.965971 0.252351 -0.056739
vn -0.994394 -0.039084 0.098254
vn -0.998722 0.000600 0.050531
vn -0.994574 -0.016525 0.102715
vn -0.993848 -0.040299 0.103158
vn -0.973014 0.230710 0.003998
vn -0.970074 0.242625 0.009475
vn -0.991960 -0.004528 0.126468
vn -0.903916 0.426425 -0.033127
vn -0.944190 0.329388 0.003054
vn -0.961535 0.271394 -0.042380
vn -0.955714 0.288673 -0.057255
vn -0.843713 0.515363 -0.150163
vn -0.663846 0.738347 -0.118960
vn -0.558730 0.791616 -0.247314
vn -0.666655 0.713323 -0.216197
vn -0.565911 0.790858 -0.232999
vn -0.589554 0.778046 -0.216957
vn -0.907802 0.417811 -0.036452
vn -0.814178 0.575417 -0.077524
vn -0.984850 0.153480 0.080710
vn -0.955914 0.289665 -0.048192
vn -0.913084 0.398607 -0.085963
vn -0.853288 0.517784 -0.061634
vn -0.832145 0.514721 -0.206390
vn -0.867517 0.472677 -0.154890
vn -0.894914 0.428426 -0.124824
vn -0.987959 0.147657 -0.046205
vn -0.984877 0.153408 -0.080519
vn -0.998497 -0.005869 0.054494
vn -0.998871 -0.037399 0.029303
vn -0.993815 -0.023821 0.108459
vn -0.984368 -0.032709 0.173058
vn -0.998216 0.035400 0.048084
vn -0.880057 0.387687 -0.274224
vn -0.939140 -0.250425 0.235167
vn -0.996859 -0.048586 0.062546
vn -0.897740 0.370355 -0.238537
vn -0.939588 0.256964 -0.226150
vn -0.956633 0.259378 -0.132577
vn -0.798949 0.567804 -0.198190
vn -0.955389 0.295075 0.012741
vn -0.957677 -0.155421 0.242281
vn -0.988910 0.131198 -0.069598
vn -0.923871 0.075387 -0.375206
vn -0.982834 -0.144509 -0.114697
vn -0.969628 -0.221056 0.104666
vn -0.911327 0.121018 -0.393494
vn -0.968039 -0.025722 -0.249478
vn -0.722903 -0.468783 0.507596
vn -0.593760 -0.536291 0.599868
vn -0.494677 -0.610844 0.618195
vn -0.817615 -0.427287 0.385915
vn -0.792168 0.092327 -0.603279
vn -0.898541 0.098357 -0.427727
vn -0.955938 0.087029 -0.280373
vn -0.959541 -0.202168 0.195981
vn -0.979833 0.164972 -0.112748
vn -0.982490 0.035330 -0.182935
vn -0.987761 -0.149157 0.045616
vn -0.994472 0.100445 -0.030610
vn -0.942833 -0.240083 0.231140
vn -0.987594 0.045718 0.150223
vn -0.981727 0.186835 0.036123
vn -0.996156 0.014567 0.086382
vn -0.994573 0.103503 0.010566
vn -0.998267 0.058585 -0.005529
vn -0.972023 0.204069 -0.116308
vn -0.963527 -0.228474 0.139336
vn -0.996970 -0.002875 0.077736
vn -0.980405 0.141572 -0.136982
vn -0.967821 0.205303 -0.145507
vn -0.956456 0.278965 -0.085848
vn -0.808032 0.565243 -0.166086
vn -0.607422 0.746263 -0.272268
vn -0.629235 0.743805 -0.225429
vn -0.612113 0.765733 -0.197411
vn -0.542224 0.804717 -0.241708
vn -0.465799 0.824250 -0.321937
vn -0.666798 0.684537 -0.294601
vn -0.928754 0.362255 -0.078661
vn -0.830897 0.538330 -0.140752
vn -0.673249 0.705663 -0.220849
vn -0.402801 0.858128 -0.318384
vn -0.375853 0.862612 -0.338579
vn -0.685531 0.692999 -0.223157
vn -0.534255 0.786549 -0.309698
vn -0.726406 0.675755 -0.125255
vn -0.736320 0.665541 -0.122016
vn -0.502668 0.814894 -0.288568
vn -0.637102 0.734848 -0.232594
vn -0.724523 0.682433 -0.096702
vn -0.539208 0.823568 -0.176041
vn -0.406899 0.896137 -0.177122
vn -0.532991 0.814710 -0.228405
vn -0.301722 0.858178 -0.415324
vn -0.340451 0.886890 -0.312282
vn -0.449716 0.746350 -0.490629
vn -0.500164 0.551278 -0.667778
vn -0.869309 0.263423 -0.418223
vn -0.667564 0.570467 -0.478462
vn -0.806549 0.571145 -0.152550
vn -0.993013 0.117601 0.009786
vn -0.809411 0.452969 -0.373729
vn -0.964926 0.245435 -0.093161
vn -0.833496 0.545605 -0.087177
vn -0.789947 0.606597 0.089576
vn -0.448373 0.879130 -0.161530
vn -0.616707 0.677195 -0.401346
vn -0.689589 0.503048 -0.520969
vn -0.649705 0.491027 -0.580324
vn -0.929231 0.252483 -0.269780
vn -0.327794 0.802683 -0.498248
vn -0.515404 0.834672 -0.194118
vn -0.690520 0.683752 -0.235934
vn -0.420496 0.889816 -0.177233
vn -0.463686 0.880015 -0.102805
vn -0.661834 0.746388 -0.069861
vn -0.353582 0.908132 -0.224222
vn -0.584523 0.725109 -0.364074
vn -0.634301 0.716316 -0.290781
vn -0.331136 0.738623 -0.587184
vn -0.513701 0.713302 -0.476771
vn -0.692460 0.339301 -0.636690
vn -0.587280 0.531176 -0.610700
vn -0.056002 0.857894 -0.510765
vn -0.101527 0.935138 -0.339424
vn -0.072239 0.977001 -0.200625
vn -0.022659 0.958781 -0.283241
vn 0.063799 0.960310 -0.271542
vn 0.131193 0.884777 -0.447167
vn -0.177074 0.739133 -0.649867
vn -0.095410 0.718430 -0.689025
vn -0.128378 0.701876 -0.700635
vn 0.308989 0.742940 -0.593772
vn 0.057988 0.846420 -0.529350
vn 0.078591 0.920133 -0.383640
vn 0.097566 0.951714 -0.291071
vn 0.002729 0.919043 -0.394148
vn 0.029649 0.456204 -0.889381
vn 0.131993 0.454516 -0.880905
vn 0.108073 0.450610 -0.886155
vn -0.066580 0.463715 -0.883479
vn 0.118060 0.523115 -0.844045
vn 0.163643 0.480534 -0.861573
vn 0.008654 0.476001 -0.879402
vn -0.072888 0.461300 -0.884245
vn -0.090421 0.491971 -0.865903
vn 0.029399 0.496560 -0.867504
vn 0.102858 0.561471 -0.821079
vn -0.101390 0.554583 -0.825928
vn -0.241524 0.452647 -0.858357
vn -0.218276 0.431027 -0.875541
vn -0.076848 0.457157 -0.886060
vn 0.000017 0.498350 -0.866976
vn -0.081462 0.944356 -0.318679
vn -0.166779 0.934277 -0.315137
vn 0.126630 0.927562 -0.351560
vn -0.249091 0.879816 -0.404818
vn 0.072395 0.875172 -0.478364
vn -0.145749 0.815352 -0.560320
vn -0.324663 0.775375 -0.541652
vn 0.010190 0.774556 -0.632424
vn -0.129192 0.700833 -0.701529
vn -0.067679 0.714173 -0.696689
vn -0.534173 0.591734 -0.603747
vn -0.764497 0.504212 -0.401640
vn -0.560235 0.494779 -0.664327
vn 0.267828 0.710574 -0.650656
vn -0.087483 0.724069 -0.684157
vn -0.276576 0.680233 -0.678814
vn -0.122815 0.692363 -0.711020
vn -0.335598 0.711091 -0.617838
vn -0.712023 0.474486 -0.517578
vn -0.427167 0.582237 -0.691757
vn -0.750311 0.443084 -0.490622
vn -0.647960 0.551599 -0.525249
vn -0.781050 0.441941 -0.441190
vn -0.493685 0.611255 -0.618580
vn -0.612430 0.663742 -0.429389
vn -0.290794 0.885496 -0.362403
vn -0.430749 0.831712 -0.350299
vn -0.274924 0.751022 -0.600318
vn -0.344629 0.727874 -0.592816
vn -0.804119 0.325839 -0.497214
vn -0.272764 0.682833 -0.677745
vn 0.006430 0.670799 -0.741611
vn 0.171436 0.606942 -0.776035
vn -0.238065 0.732190 -0.638141
vn -0.335011 0.744348 -0.577680
vn -0.206216 0.857421 -0.471491
vn -0.236200 0.868826 -0.435146
vn -0.273392 0.873029 -0.403828
vn -0.398191 0.799884 -0.449032
vn -0.206778 0.873449 -0.440829
vn -0.304490 0.889309 -0.341198
vn -0.531159 0.823258 -0.200293
vn -0.568221 0.807635 -0.157640
vn -0.596419 0.802451 0.018894
vn -0.767850 0.640556 0.009713
vn -0.529376 0.830740 -0.172139
vn -0.881921 0.452963 0.130536
vn -0.891657 0.444091 0.087929
vn -0.902247 0.384464 0.195287
vn -0.712705 0.692228 -0.113453
vn -0.862464 0.503414 -0.052253
vn -0.684454 0.674858 -0.275842
vn -0.862367 0.485078 -0.144987
vn -0.850543 0.507059 -0.139531
vn -0.903328 0.362416 -0.229462
vn -0.934287 0.328833 -0.137759
vn -0.970389 0.236068 -0.051152
vn -0.899060 -0.402762 0.171681
vn -0.980938 -0.168605 0.096605
vn -0.988468 -0.150805 -0.013750
vn -0.991905 0.100119 -0.078107
vn -0.982044 0.166041 -0.089550
vn -0.998068 -0.050554 -0.036119
vn -0.952791 0.255626 -0.163845
vn -0.960860 0.273573 -0.043658
vn -0.994273 0.104711 -0.021393
vn -0.953364 0.277415 -0.118904
vn -0.997672 -0.042380 0.053422
vn -0.979898 0.193790 0.047380
vn -0.974586 0.221204 -0.035376
vn -0.919421 0.333728 -0.208065
vn -0.973121 -0.153282 0.171875
vn -0.782972 0.576481 -0.233719
vn -0.996107 0.081127 0.034498
vn -0.918469 0.382184 0.101733
vn -0.994404 0.071174 0.078064
vn -0.970996 0.211715 0.111097
vn -0.926810 0.375531 -0.000390
vn -0.996042 0.072828 0.050947
vn -0.961509 0.274706 0.006074
vn -0.983548 0.180570 0.005223
vn -0.997727 -0.064067 0.020892
vn -0.952081 0.299508 0.061945
vn -0.955627 0.284340 -0.076989
vn -0.988822 0.148737 0.010399
vn -0.973193 0.229121 0.019970
vn -0.997117 0.027951 -0.070546
vn -0.992185 0.121604 -0.027959
vn -0.993143 -0.116701 0.006893
vn -0.999555 0.015353 -0.025576
vn -0.995296 0.090177 0.035401
vn -0.938745 0.339332 -0.060098
vn -0.995363 -0.059395 0.075666
vn -0.769485 0.607243 -0.197861
vn -0.957627 0.283592 0.050267
vn -0.976293 -0.197267 0.089100
vn -0.917401 0.280781 -0.282023
vn -0.996042 0.060960 -0.064690
vn -0.885649 0.442542 -0.140650
vn -0.803671 -0.560462 0.199990
vn -0.900583 -0.401202 0.167294
vn -0.692280 -0.650534 0.312335
vn -0.947498 -0.309730 0.079470
vn -0.984017 -0.169296 0.055227
vn -0.939310 -0.302717 0.161427
vn -0.989138 -0.098327 0.109257
vn -0.960992 -0.266693 0.073270
vn -0.995043 -0.099226 -0.006584
vn -0.997602 0.028188 -0.063214
vn -0.998027 0.003171 -0.062709
vn -0.998901 0.044840 -0.013634
vn -0.786213 0.564185 -0.252119
vn -0.996250 0.062603 0.059727
vn -0.951051 -0.284736 0.120117
vn -0.985943 -0.132275 0.102077
vn -0.994366 -0.000350 0.105998
vn -0.999887 0.013384 -0.006912
vn -0.963915 -0.156065 0.215666
vn -0.832206 -0.373030 0.410223
vn -0.969248 -0.156210 0.190151
vn -0.954816 -0.109888 0.276135
vn -0.895023 -0.302137 0.328096
vn -0.891901 -0.349354 0.287167
vn -0.992405 0.046569 0.113857
vn -0.983564 0.169389 -0.062530
vn -0.960400 0.227809 -0.160422
vn -0.968436 0.200586 -0.147973
vn -0.986990 0.115868 -0.111465
vn -0.960976 0.144279 -0.236028
vn -0.997917 -0.010318 -0.063681
vn -0.992265 -0.058435 -0.109522
vn -0.892117 0.279953 -0.354616
vn -0.964274 0.167620 -0.205133
vn -0.947691 0.225927 -0.225473
vn -0.931611 0.243097 -0.270195
vn -0.887422 0.358700 -0.289510
vn -0.937437 0.303088 -0.171317
vn -0.964253 0.225794 -0.138682
vn -0.981835 0.131589 -0.136694
vn -0.876396 0.348457 -0.332426
vn -0.972401 0.133471 -0.191367
vn -0.906873 0.361604 -0.216389
vn -0.935990 0.340284 -0.090163
vn -0.833166 -0.458807 0.308756
vn -0.932962 0.335194 -0.131251
vn -0.982635 -0.022546 -0.184174
vn -0.733420 -0.635075 0.242436
vn -0.788492 -0.554711 0.265661
vn -0.933620 -0.321597 0.157887
vn -0.876700 -0.443899 0.185338
vn -0.852387 -0.486714 0.191171
vn -0.980993 0.027715 -0.192053
vn -0.989530 0.114081 -0.088405
vn -0.964446 0.109008 -0.240751
vn -0.993300 0.000089 -0.115564
vn -0.993917 -0.025601 -0.107119
vn -0.900340 -0.418580 0.119074
vn -0.914562 -0.318179 0.249678
vn -0.982874 -0.142459 0.116893
vn -0.956260 -0.253449 0.146048
vn -0.851379 -0.435900 0.291796
vn -0.955469 -0.280733 0.090929
vn -0.990885 -0.087685 -0.102261
vn -0.988026 -0.018235 -0.153209
vn -0.829057 0.405023 -0.385514
vn -0.990130 -0.051807 -0.130224
vn -0.910406 -0.409770 0.057007
vn -0.918826 -0.387362 0.075557
vn -0.857398 -0.497280 0.132598
vn -0.945682 -0.300654 0.123660
vn -0.967091 -0.246392 0.063456
vn -0.996339 -0.085212 0.006933
vn -0.980449 -0.154488 0.121875
vn -0.969608 -0.103277 0.221798
vn -0.939086 -0.287049 0.188998
vn -0.955974 0.175309 -0.235329
vn -0.856837 -0.484743 0.175656
vn -0.836891 -0.448690 0.313515
vn -0.600486 -0.667226 0.440710
vn -0.877570 -0.385903 0.284518
vn -0.957527 -0.248541 0.146183
vn -0.990791 -0.134628 -0.014462
vn -0.585286 -0.760347 0.281625
vn -0.700004 -0.612872 0.366583
vn -0.857129 -0.452358 0.246380
vn -0.889591 -0.339522 0.305536
vn -0.967224 -0.129010 0.218711
vn -0.952116 -0.282563 0.116765
vn -0.933210 -0.283101 0.221297
vn -0.865384 -0.409785 0.288422
vn -0.492712 -0.667247 0.558584
vn -0.555457 -0.624808 0.548710
vn -0.903121 -0.025709 -0.428616
vn -0.926737 -0.360259 -0.106643
vn -0.974859 -0.085323 -0.205839
vn -0.785009 0.128477 -0.606015
vn -0.721946 0.257909 -0.642088
vn -0.814474 0.346151 -0.465630
vn -0.657229 -0.613622 0.437628
vn -0.476486 -0.556472 0.680661
vn -0.534089 -0.494580 0.685667
vn -0.908006 -0.209226 0.362974
vn -0.968240 0.183479 -0.169841
vn -0.940199 0.275550 -0.200245
vn -0.902298 0.332123 -0.274868
vn -0.855026 -0.365239 0.368144
vn -0.999119 0.030349 -0.028970
vn -0.981075 -0.069661 0.180664
vn -0.993867 -0.077100 0.079268
vn -0.991854 -0.103372 0.074425
vn -0.960219 0.168632 -0.222582
vn -0.964815 0.193276 -0.178259
vn -0.982700 -0.160689 0.092086
vn -0.996764 -0.040185 -0.069616
vn -0.978879 -0.186898 0.082855
vn -0.998959 -0.037292 0.026261
vn -0.984650 -0.130813 0.115556
vn -0.997616 -0.057993 0.037411
vn -0.913562 -0.321055 0.249656
vn -0.958134 -0.229904 0.170655
vn -0.707230 -0.593026 0.384897
vn -0.460293 -0.698456 0.547987
vn -0.492315 -0.640921 0.588937
vn -0.424570 -0.599021 0.678907
vn -0.573104 -0.465316 0.674561
vn -0.870341 0.297802 -0.392200
vn -0.950220 0.014389 -0.311248
vn -0.716786 -0.576659 0.392023
vn -0.954940 -0.079849 -0.285857
vn -0.934569 0.197244 -0.296100
vn -0.971793 0.199770 0.125341
vn -0.793336 0.537365 -0.286105
vn -0.751122 0.571256 -0.330881
vn -0.868764 0.485561 -0.097367
vn -0.912383 0.371678 0.171500
vn -0.946652 0.315451 0.065890
vn -0.911827 0.165425 0.375775
vn -0.827045 -0.286215 0.483816
vn -0.754553 -0.087272 0.650410
vn -0.695126 0.041690 0.717678
vn -0.826572 0.228839 0.514209
vn -0.715725 -0.183094 0.673954
vn -0.769250 -0.104134 0.630405
vn -0.739111 -0.230445 0.632938
vn -0.874119 0.082684 0.478623
vn -0.752353 0.328387 0.571076
vn -0.847472 0.217316 0.484318
vn -0.730666 0.239022 0.639527
vn -0.401996 -0.075072 0.912559
vn -0.394780 -0.373779 0.839308
vn -0.697395 -0.236614 0.676501
vn -0.532553 -0.366130 0.763109
vn -0.341905 -0.475392 0.810619
vn -0.834630 -0.349646 0.425605
vn -0.461482 -0.429157 0.776440
vn -0.768124 -0.430495 0.473982
vn -0.768011 -0.420876 0.482724
vn -0.750091 -0.329583 0.573358
vn -0.458602 -0.478872 0.748575
vn -0.468760 -0.452291 0.758747
vn -0.616917 -0.301786 0.726869
vn -0.725305 -0.094991 0.681843
vn -0.935071 -0.019418 0.353928
vn -0.865887 0.099694 0.490205
vn -0.949719 0.201078 0.240002
vn -0.986233 0.094822 0.135475
vn -0.996809 0.054577 0.058252
vn -0.823542 -0.102000 0.558009
vn -0.913543 -0.108597 0.391978
vn -0.841206 -0.294263 0.453632
vn -0.714055 -0.424800 0.556481
vn -0.898009 -0.329390 0.291690
vn -0.746208 -0.485311 0.455683
vn -0.972618 -0.212000 -0.095244
vn -0.954144 -0.296050 0.044318
vn -0.901122 -0.253338 0.351849
vn -0.812165 -0.333615 0.478633
vn -0.913797 -0.353224 0.200518
vn -0.978720 -0.171841 -0.112153
vn -0.844623 -0.287710 0.451481
vn -0.885962 -0.122638 0.447249
vn -0.730205 0.373602 -0.572033
vn -0.909020 -0.271095 0.316529
vn -0.585778 -0.486160 0.648470
vn -0.549463 -0.587956 0.593631
vn -0.807440 -0.526450 0.266253
vn -0.697466 -0.501401 0.511994
vn -0.557105 -0.518934 0.648337
vn -0.981701 -0.091007 -0.167274
vn -0.909312 -0.056296 -0.412290
vn -0.929789 -0.367884 -0.012356
vn -0.944607 -0.328020 0.010948
vn -0.889712 -0.390156 0.237046
vn -0.734753 -0.507337 0.450275
vn -0.928238 -0.371447 0.020043
vn -0.930786 -0.358555 -0.071242
vn -0.820564 -0.552744 0.145424
vn -0.752902 -0.503183 0.424201
vn -0.541155 -0.598083 0.591141
vn -0.612641 -0.554905 0.562806
vn -0.950159 -0.207030 0.233102
vn -0.986224 -0.151855 0.065596
vn -0.937431 0.181003 -0.297425
vn -0.924716 0.152304 -0.348861
vn -0.888252 0.126015 -0.441733
vn -0.814518 -0.554326 0.171122
vn -0.942636 -0.305164 -0.135326
vn -0.966770 -0.232748 0.105753
vn -0.979151 -0.027256 -0.201298
vn -0.890779 0.181063 -0.416809
vn -0.982192 -0.172299 -0.074910
vn -0.911910 -0.337065 0.234108
vn -0.864159 -0.397878 0.308096
vn -0.864039 -0.385680 0.323556
vn -0.936856 -0.271294 0.220682
vn -0.691086 -0.427270 0.582958
vn -0.909324 -0.341338 0.237948
vn -0.968775 -0.247624 0.012550
vn -0.986527 -0.140898 -0.083145
vn -0.962879 -0.259408 -0.074638
vn -0.750151 -0.567931 0.338716
vn -0.776040 -0.554441 0.300594
vn 0.000000 0.000000 0.000000
vn -0.961616 -0.271212 -0.041708
vn -0.876780 -0.458647 0.144569
vn -0.732143 -0.567196 0.377167
vn -0.930445 -0.366430 -0.001146
vn -0.956704 -0.145364 -0.252164
vn -0.833396 -0.493204 0.249401
vn -0.821516 -0.518972 0.236179
vn -0.908234 -0.398357 0.128154
vn -0.801710 -0.508098 0.314797
vn -0.905541 -0.333181 0.262650
vn -0.807403 -0.517337 0.283661
vn -0.825518 -0.393962 0.404121
vn -0.901101 -0.407411 0.148437
vn -0.907556 -0.415172 -0.063039
vn -0.809119 -0.551246 0.203605
vn -0.373490 -0.704812 0.603113
vn -0.388440 -0.621341 0.680477
vn -0.353147 -0.570353 0.741610
vn -0.600724 -0.530937 0.597693
vn -0.477469 -0.610345 0.632062
vn -0.518884 -0.585692 0.622675
vn -0.521826 -0.584148 0.621666
vn -0.532770 -0.649748 0.542202
vn -0.430423 -0.606340 0.668647
vn -0.272069 -0.652668 0.707109
vn -0.111266 -0.694039 0.711287
vn -0.388366 -0.670473 0.632169
vn -0.281369 -0.768199 0.575067
vn -0.373017 -0.750374 0.545708
vn -0.670640 -0.707343 0.223401
vn -0.798865 -0.588015 0.126703
vn -0.821956 -0.551705 0.141456
vn -0.785652 -0.559347 0.264352
vn -0.597462 -0.759584 0.257045
vn -0.546005 -0.785783 0.290557
vn -0.065492 -0.782403 0.619319
vn -0.427492 -0.819836 0.380947
vn -0.784669 -0.617234 -0.057590
vn 0.012596 -0.765047 0.643851
vn 0.072350 -0.708547 0.701945
vn -0.109815 -0.756394 0.644833
vn -0.035424 -0.566736 0.823138
vn -0.190856 -0.555557 0.809278
vn -0.153988 -0.499110 0.852747
vn -0.081266 -0.453807 0.887386
vn -0.061642 -0.518034 0.853136
vn -0.052198 -0.544244 0.837301
vn -0.737455 -0.493585 0.461014
vn -0.199888 -0.639783 0.742107
vn -0.019364 -0.839250 0.543401
vn -0.357470 -0.898399 0.255138
vn -0.270909 -0.835744 0.477640
vn -0.088764 -0.867794 0.488931
vn -0.270404 -0.872955 0.405994
vn -0.223527 -0.875477 0.428456
vn -0.339653 -0.850422 0.401770
vn -0.318919 -0.837832 0.443090
vn -0.597802 -0.732056 0.326692
vn -0.564031 -0.758670 0.326020
vn -0.583303 -0.696990 0.417089
vn -0.814936 -0.497380 0.297477
vn -0.642722 -0.662410 0.384866
vn -0.500053 -0.748198 0.436058
vn -0.395711 -0.815074 0.423163
vn -0.376858 -0.744280 0.551385
vn -0.412718 -0.799323 0.436745
vn -0.449146 -0.820709 0.353135
vn -0.403952 -0.852845 0.330875
vn -0.649855 -0.739288 0.176470
vn -0.881601 -0.452127 0.135505
vn -0.846534 -0.515733 0.131908
vn -0.807954 -0.536581 0.243495
vn -0.733896 -0.631547 0.250090
vn -0.606195 -0.756221 0.246285
vn -0.314880 -0.868006 0.383949
vn -0.233552 -0.870791 0.432639
vn -0.195921 -0.873152 0.446342
vn -0.051848 -0.877114 0.477476
vn -0.111039 -0.875625 0.470055
vn -0.003567 -0.883279 0.468834
vn 0.021685 -0.876020 0.481786
vn -0.011716 -0.884571 0.466259
vn -0.086820 -0.899224 0.428788
vn -0.338312 -0.892891 0.297137
vn -0.615427 -0.729178 0.299246
vn -0.383440 -0.879976 0.280385
vn -0.219109 -0.934501 0.280533
vn -0.122407 -0.944390 0.305194
vn 0.024650 -0.907320 0.419717
vn -0.020929 -0.897373 0.440776
vn 0.081515 -0.945512 0.315218
vn -0.018642 -0.972074 0.233932
vn -0.256936 -0.944036 0.206834
vn -0.463955 -0.868034 0.176814
vn -0.627261 -0.740889 0.240055
vn -0.575999 -0.760035 0.300952
vn -0.550333 -0.734479 0.397081
vn -0.763332 -0.575140 0.294173
vn -0.787637 -0.552418 0.272877
vn -0.859356 -0.504326 0.084631
vn -0.765019 -0.615864 0.188301
vn -0.807469 -0.493613 0.323017
vn -0.819529 -0.467636 0.331194
vn -0.530318 -0.729424 0.432092
vn -0.522777 -0.651044 0.550314
vn -0.697112 -0.534403 0.477962
vn -0.925234 -0.375049 -0.057275
vn -0.555284 -0.658050 0.508557
vn -0.907735 -0.333474 0.254582
vn -0.542649 -0.628127 0.557663
vn -0.539400 -0.665345 0.516104
vn -0.690063 -0.585833 0.424986
vn -0.355508 -0.757139 0.548047
vn -0.482671 -0.761547 0.432521
vn -0.344644 -0.839175 0.420721
vn -0.490045 -0.800942 0.344017
vn -0.415292 -0.879598 0.232033
vn -0.396122 -0.845505 0.358064
vn -0.523099 -0.801709 0.289189
vn -0.912606 -0.389972 0.122769
vn -0.961121 -0.231229 -0.150932
vn -0.946547 -0.321265 -0.028942
vn -0.947348 -0.320149 0.006069
vn -0.899670 -0.403316 0.167124
vn -0.985278 0.011409 -0.170579
vn -0.888895 -0.453417 -0.065418
vn -0.685064 -0.682106 0.255769
vn -0.965746 0.108279 -0.235821
vn -0.971343 0.033562 -0.235301
vn -0.947763 -0.317057 -0.034941
vn -0.933501 -0.356033 -0.042623
vn -0.936606 -0.349997 -0.016448
vn -0.876127 -0.482046 -0.005719
vn -0.928260 -0.340666 -0.149267
vn -0.889232 -0.357661 -0.285212
vn -0.923721 -0.376354 -0.071394
vn -0.969520 -0.206515 -0.131841
vn -0.880220 -0.437635 0.183546
vn -0.848639 -0.513623 0.126503
vn -0.916406 -0.278407 -0.287559
vn -0.980336 0.105899 -0.166514
vn -0.989790 -0.097653 -0.103823
vn -0.978915 -0.129581 -0.157905
vn -0.957950 0.269719 -0.097894
vn -0.979428 0.113773 -0.166661
vn -0.976165 0.187711 -0.108932
vn -0.685336 -0.724565 -0.072945
vn -0.868161 -0.438341 -0.232710
vn -0.955438 -0.251390 -0.154731
vn -0.722597 -0.632378 -0.279198
vn -0.863362 0.443469 -0.240711
vn -0.413483 -0.908043 -0.067005
vn -0.786958 -0.599082 -0.147638
vn -0.977738 0.114467 -0.175854
vn -0.926798 0.340048 -0.159415
vn 0.009457 -0.993861 -0.110232
vn -0.114435 -0.986642 -0.115941
vn -0.147542 -0.970762 -0.189349
vn -0.814849 0.579292 -0.021016
vn -0.945408 0.202106 -0.255649
vn 0.173584 -0.973419 -0.149415
vn -0.326080 -0.909386 -0.258243
vn 0.228925 -0.964315 -0.133004
vn -0.276740 -0.914273 -0.295836
vn -0.836827 -0.297317 -0.459700
vn -0.937890 0.129000 -0.322057
vn -0.057604 -0.987754 -0.144999
vn -0.288979 -0.898597 -0.330173
vn -0.412414 -0.767015 -0.491532
vn -0.426450 -0.769561 -0.475307
vn -0.404537 -0.752674 -0.519454
vn -0.605684 -0.686687 -0.402005
vn -0.182263 -0.920708 -0.345076
vn -0.571629 -0.700286 -0.427597
vn -0.921501 -0.175567 -0.346427
vn -0.746373 -0.638558 -0.187541
vn -0.980409 -0.038238 -0.193223
vn -0.946694 0.315796 -0.063584
vn -0.993513 -0.098721 -0.056441
vn -0.658155 -0.746514 -0.097714
vn -0.726092 -0.669234 0.157848
vn -0.613334 -0.771349 0.169830
vn -0.949236 0.222775 -0.222088
vn -0.930811 -0.327766 -0.161742
vn -0.852636 -0.519229 -0.058425
vn -0.999957 0.002897 -0.008835
vn -0.880618 -0.458253 -0.120486
vn -0.969592 -0.241926 -0.036923
vn -0.881940 0.363043 -0.300635
vn -0.946520 0.187826 -0.262338
vn -0.979767 0.058878 -0.191284
vn -0.996232 0.085231 -0.016039
vn -0.972434 -0.096208 -0.212405
vn -0.840661 -0.489228 -0.232260
vn -0.728677 -0.343226 -0.592642
vn -0.378573 -0.885717 -0.268677
vn -0.330184 -0.935374 0.126703
vn -0.994602 -0.086873 -0.056748
vn -0.977878 0.138727 -0.156556
vn -0.671113 -0.591752 -0.446584
vn -0.868932 -0.408351 -0.279654
vn -0.861024 -0.396657 -0.318277
vn -0.859016 -0.430312 -0.277350
vn -0.920303 -0.316404 -0.230068
vn -0.983368 0.032250 -0.178737
vn -0.958144 -0.192652 -0.211767
vn -0.887127 -0.306201 -0.345322
vn -0.902955 -0.213617 -0.372880
vn -0.889873 -0.342267 -0.301629
vn -0.909985 -0.210045 -0.357503
vn -0.903020 0.351764 -0.246612
vn -0.870649 -0.077249 -0.485801
vn -0.414035 -0.730574 -0.542989
vn -0.932157 -0.043877 -0.359386
vn -0.862301 -0.151272 -0.483275
vn -0.666244 -0.386676 -0.637652
vn -0.857577 -0.198481 -0.474518
vn -0.965021 0.086382 -0.247532
vn -0.847553 -0.203924 -0.489969
vn -0.928694 -0.132538 -0.346354
vn -0.861263 -0.259724 -0.436772
vn -0.896710 -0.018081 -0.442250
vn -0.678137 -0.254295 -0.689539
vn -0.673694 -0.197358 -0.712170
vn -0.803495 -0.089396 -0.588562
vn -0.577124 -0.398249 -0.712969
vn -0.311101 -0.472065 -0.824846
vn -0.197942 -0.451559 -0.870008
vn -0.532925 -0.091760 -0.841173
vn -0.002208 -0.529776 -0.848134
vn -0.254287 -0.411056 -0.875426
vn -0.174154 -0.504814 -0.845478
vn -0.197260 -0.598787 -0.776236
vn -0.350194 -0.671713 -0.652814
vn -0.495495 -0.720646 -0.484927
vn -0.533151 -0.597476 -0.598976
vn -0.489135 -0.433657 -0.756762
vn -0.537094 -0.296358 -0.789748
vn -0.471628 -0.314889 -0.823658
vn -0.474189 -0.285339 -0.832902
vn -0.273696 -0.362375 -0.890940
vn -0.135172 -0.289512 -0.947582
vn -0.260269 -0.314648 -0.912829
vn -0.660394 -0.083411 -0.746272
vn -0.630582 -0.267151 -0.728695
vn -0.370699 -0.367678 -0.852875
vn -0.126254 -0.628572 -0.767435
vn -0.327206 -0.571858 -0.752273
vn -0.734395 -0.227295 -0.639532
vn -0.399162 -0.614573 -0.680419
vn -0.853599 -0.136961 -0.502603
vn -0.788114 -0.306039 -0.534057
vn -0.646540 -0.580074 -0.495480
vn -0.769259 -0.506904 -0.388959
vn -0.659888 -0.682233 -0.314811
vn -0.926965 -0.246772 -0.282559
vn -0.965872 0.046931 -0.254734
vn -0.968069 -0.038029 -0.247782
vn -0.927565 -0.170665 -0.332409
vn -0.924518 -0.167730 -0.342246
vn -0.872902 -0.312125 -0.374993
vn -0.897272 -0.247361 -0.365672
vn -0.842499 -0.308692 -0.441479
vn -0.809179 -0.338103 -0.480537
vn -0.842701 -0.323431 -0.430404
vn -0.879314 -0.284750 -0.381739
vn -0.601868 -0.647112 -0.467977
vn -0.530135 -0.673105 -0.515642
vn -0.239438 -0.797801 -0.553338
vn 0.018321 -0.736291 -0.676417
vn -0.150014 -0.682807 -0.715032
vn -0.200065 -0.709254 -0.675968
vn -0.310077 -0.795907 -0.519985
vn -0.336010 -0.815641 -0.470985
vn -0.298903 -0.797512 -0.524052
vn -0.446240 -0.664329 -0.599614
vn -0.692646 -0.421866 -0.585039
vn -0.836378 0.035977 -0.546971
vn -0.382570 -0.880146 -0.281039
vn -0.894214 -0.071882 -0.441832
vn 0.127029 -0.988785 -0.078531
vn -0.935871 0.233193 -0.264132
vn 0.165249 -0.973186 -0.160007
vn -0.481438 -0.832175 -0.275140
vn -0.863940 0.342197 -0.369470
vn -0.909604 0.231464 -0.345028
vn -0.866346 -0.357267 -0.349005
vn -0.818521 -0.566881 -0.093107
vn -0.848109 -0.527298 -0.051656
vn -0.961372 -0.272057 0.041817
vn -0.995352 -0.027803 0.092203
vn -0.831737 -0.551142 0.066753
vn -0.937581 -0.246717 -0.245098
vn -0.832355 -0.503300 -0.232107
vn -0.790795 -0.606995 -0.078735
vn -0.785282 -0.618794 0.020669
vn -0.865775 -0.489830 -0.102475
vn -0.882150 -0.408476 -0.234433
vn -0.706867 -0.696802 -0.121677
vn -0.530484 -0.825000 -0.194840
vn -0.736626 -0.623588 -0.261761
vn -0.617158 -0.776922 -0.124533
vn -0.790068 -0.464033 -0.400583
vn -0.340335 -0.928438 -0.148911
vn -0.804454 -0.448848 -0.389088
vn -0.596960 -0.700019 -0.391934
vn -0.737361 -0.418216 -0.530465
vn -0.602981 -0.525296 -0.600399
vn -0.268923 -0.881550 -0.388008
vn -0.593661 -0.664370 -0.454070
vn -0.647627 -0.586262 -0.486699
vn -0.464182 -0.701415 -0.540882
vn -0.371744 -0.688504 -0.622711
vn -0.813010 -0.174227 -0.555572
vn -0.652722 -0.473798 -0.591160
vn -0.265391 -0.789904 -0.552829
vn -0.197525 -0.810976 -0.550728
vn -0.732969 -0.304725 -0.608193
vn -0.045773 -0.739726 -0.671349
vn -0.121573 -0.660356 -0.741047
vn -0.051612 -0.713388 -0.698866
vn -0.080109 -0.758096 -0.647203
vn -0.054977 -0.722985 -0.688673
vn 0.010129 -0.689835 -0.723896
vn 0.066568 -0.598715 -0.798191
vn 0.028180 -0.465440 -0.884631
vn -0.243238 -0.388886 -0.888596
vn -0.447637 0.060598 -0.892160
vn -0.168341 -0.206692 -0.963815
vn -0.301710 0.027579 -0.953001
vn -0.060875 -0.066737 -0.995912
vn -0.016714 -0.251324 -0.967759
vn -0.142061 -0.218266 -0.965494
vn -0.207334 -0.165451 -0.964178
vn -0.161480 -0.235621 -0.958336
vn -0.376449 -0.212085 -0.901835
vn -0.489038 -0.237428 -0.839327
vn -0.184651 -0.432413 -0.882566
vn -0.424702 -0.012401 -0.905248
vn -0.719620 -0.048834 -0.692649
vn -0.474779 -0.290207 -0.830882
vn -0.782738 -0.015472 -0.622159
vn -0.834003 -0.093498 -0.543781
vn -0.936655 0.018239 -0.349777
vn -0.970437 0.007133 -0.241248
vn -0.961662 -0.173176 -0.212641
vn -0.959829 -0.235475 -0.152581
vn -0.982408 -0.081230 -0.168154
vn -0.988222 0.104465 -0.111825
vn -0.992153 0.094639 -0.081702
vn -0.995165 -0.094171 -0.027913
vn -0.985353 -0.149390 -0.082227
vn -0.909555 -0.413763 -0.038859
vn -0.872980 0.423685 -0.241654
vn -0.974613 -0.222011 -0.028979
vn -0.951018 -0.296885 -0.086168
vn -0.962661 -0.220652 -0.156832
vn -0.983568 -0.164431 -0.074547
vn -0.987502 0.059844 -0.145805
vn -0.985506 0.056543 -0.159939
vn -0.974516 -0.074964 -0.211424
vn -0.861398 0.492356 -0.124812
vn -0.884056 -0.411661 -0.221314
vn -0.979073 0.186566 -0.081303
vn -0.901515 -0.289425 -0.321720
vn -0.951343 -0.042458 -0.305194
vn -0.865563 -0.237477 -0.440914
vn -0.837157 -0.398479 -0.374677
vn -0.968631 0.051469 -0.243116
vn -0.986324 -0.126394 -0.105784
vn -0.995368 -0.076708 -0.057956
vn -0.993839 0.107090 -0.028575
vn -0.999730 0.007948 0.021841
vn -0.934525 0.355488 0.017067
vn -0.973826 -0.192690 -0.120553
vn -0.996291 0.035588 -0.078338
vn -0.913763 0.404750 -0.034857
vn -0.997336 0.048675 -0.054321
vn -0.998789 -0.013456 0.047315
vn -0.960840 0.260251 0.095167
vn -0.970303 0.220082 0.100375
vn -0.959688 0.246529 0.134990
vn -0.957589 0.275314 0.084997
vn -0.882973 0.467821 -0.038770
vn -0.664366 0.743970 -0.071593
vn -0.692608 0.704356 -0.155489
vn -0.790967 0.606509 0.080729
vn -0.946553 0.242977 0.212133
vn -0.925309 0.344496 0.158515
vn -0.879075 0.418721 0.227815
vn -0.886800 0.458238 0.060027
vn -0.747039 0.662704 0.052495
vn -0.640300 0.762930 0.089178
vn -0.369256 0.929277 0.009729
vn -0.368588 0.928592 0.043126
vn -0.357964 0.916158 -0.180322
vn -0.394543 0.917501 -0.050271
vn -0.485812 0.862781 -0.139987
vn -0.205545 0.952202 -0.225971
vn -0.135831 0.968169 -0.210234
vn -0.210287 0.900234 -0.381260
vn 0.038990 0.901131 -0.431790
vn -0.095088 0.873989 -0.476552
vn 0.194233 0.840187 -0.506320
vn -0.511611 0.766434 -0.388372
vn -0.207324 0.827605 -0.521620
vn -0.049405 0.885574 -0.461863
vn -0.061735 0.782119 -0.620064
vn -0.317021 0.720486 -0.616764
vn -0.219884 0.793142 -0.567959
vn 0.026276 0.780490 -0.624616
vn 0.011010 0.728612 -0.684838
vn -0.042945 0.691947 -0.720670
vn -0.047210 0.696022 -0.716467
vn -0.083076 0.665263 -0.741972
vn -0.051662 0.731853 -0.679501
vn 0.057715 0.848675 -0.525756
vn 0.098594 0.883653 -0.457643
vn -0.070844 0.890325 -0.449780
vn -0.031492 0.943596 -0.329599
vn -0.040405 0.906607 -0.420038
vn -0.002016 0.884932 -0.465717
vn -0.092040 0.812895 -0.575092
vn -0.054154 0.696554 -0.715458
vn 0.110950 0.704972 -0.700503
vn 0.103174 0.736056 -0.669012
vn 0.072131 0.812275 -0.578798
vn -0.009827 0.886181 -0.463236
vn -0.202016 0.868683 -0.452305
vn -0.088366 0.791088 -0.605286
vn 0.000986 0.949813 -0.312818
vn 0.050103 0.692258 -0.719909
vn -0.028449 0.419835 -0.907154
vn 0.022395 0.459342 -0.887977
vn -0.177864 0.452857 -0.873662
vn -0.308377 0.422443 -0.852318
vn -0.165521 0.527385 -0.833348
vn -0.024968 0.515372 -0.856603
vn -0.144957 0.594814 -0.790686
vn -0.019774 0.649555 -0.760058
vn 0.092590 0.607649 -0.788790
vn 0.059298 0.692551 -0.718927
vn 0.120101 0.669359 -0.733168
vn 0.023564 0.751352 -0.659480
vn -0.167671 0.728983 -0.663680
vn -0.282658 0.700965 -0.654792
vn -0.364198 0.741173 -0.563934
vn -0.471040 0.710819 -0.522357
vn -0.353654 0.782946 -0.511786
vn -0.189224 0.819293 -0.541252
vn -0.258813 0.785518 -0.562119
vn -0.088425 0.781878 -0.617128
vn -0.024253 0.813079 -0.581648
vn -0.029790 0.857685 -0.513312
vn -0.026744 0.896704 -0.441821
vn -0.005269 0.752304 -0.658795
vn -0.113429 0.671854 -0.731947
vn 0.049633 0.614659 -0.787230
vn 0.057185 0.709736 -0.702143
vn -0.033555 0.777745 -0.627684
vn 0.188778 0.778408 -0.598701
vn 0.188716 0.705289 -0.683340
vn 0.193473 0.684031 -0.703328
vn 0.192062 0.679688 -0.707909
vn 0.212902 0.645466 -0.733516
vn 0.267467 0.603895 -0.750848
vn 0.322349 0.610269 -0.723645
vn 0.170504 0.564582 -0.807574
vn 0.360338 0.542218 -0.759050
vn 0.460262 0.536198 -0.707566
vn 0.314194 0.628850 -0.711217
vn 0.206806 0.693321 -0.690317
vn 0.396378 0.605440 -0.690164
vn 0.491215 0.645244 -0.585122
vn 0.522423 0.590607 -0.615026
vn 0.575226 0.626545 -0.525886
vn 0.573897 0.570566 -0.587450
vn 0.647895 0.476378 -0.594387
vn 0.551429 0.388388 -0.738295
vn 0.726919 0.493117 -0.477938
vn 0.588834 0.621239 -0.517046
vn 0.593761 0.626454 -0.504979
vn 0.571070 0.649611 -0.501881
vn 0.311332 0.735139 -0.602198
vn 0.552633 0.658579 -0.510754
vn 0.568232 0.646935 -0.508515
vn 0.696294 0.596971 -0.398497
vn 0.736169 0.559251 -0.381173
vn 0.766242 0.357544 -0.533888
vn 0.665491 0.240066 -0.706746
vn 0.546717 0.269890 -0.792628
vn 0.492177 0.363419 -0.791005
vn 0.447690 0.444990 -0.775602
vn 0.481829 0.442542 -0.756305
vn 0.289358 0.474418 -0.831384
vn 0.236293 0.446270 -0.863139
vn 0.340933 0.360854 -0.868072
vn 0.510521 0.257266 -0.820477
vn 0.287328 0.357865 -0.888468
vn 0.142244 0.424984 -0.893955
vn -0.000163 0.470411 -0.882447
vn 0.066929 0.506926 -0.859387
vn 0.095046 0.457121 -0.884312
vn 0.286321 0.352259 -0.891030
vn 0.056600 0.534902 -0.843016
vn 0.300675 0.580997 -0.756331
vn 0.004683 0.975616 -0.219433
vn 0.093835 0.970736 -0.221057
vn 0.369150 0.909037 -0.193339
vn 0.098591 0.930051 -0.353957
vn 0.190355 0.831345 -0.522141
vn 0.154118 0.791388 -0.591568
vn 0.230876 0.789711 -0.568377
vn 0.432877 0.843365 -0.318359
vn 0.571173 0.818983 -0.055032
vn 0.568208 0.815122 -0.112764
vn 0.533842 0.717550 -0.447364
vn 0.479845 0.252405 -0.840262
vn 0.385619 0.889353 -0.245662
vn 0.393238 0.899808 -0.188968
vn 0.522381 0.830312 -0.194165
vn 0.515427 0.765051 -0.386047
vn 0.472940 0.637631 -0.608075
vn 0.567803 0.582134 -0.581996
vn 0.046561 0.686440 -0.725695
vn 0.173916 0.677496 -0.714669
vn 0.283247 0.708063 -0.646853
vn 0.155081 0.773000 -0.615160
vn 0.007895 0.854719 -0.519031
vn 0.155679 0.892162 -0.424041
vn 0.025283 0.958921 -0.282546
vn -0.010865 0.972059 -0.234483
vn -0.076473 0.994122 -0.076641
vn -0.154623 0.980251 -0.123287
vn -0.075295 0.966506 -0.245352
vn -0.168253 0.954176 -0.247467
vn -0.551987 0.574096 -0.604752
vn -0.203030 0.872728 -0.443987
vn -0.034047 0.977043 -0.210303
vn -0.103736 0.938933 -0.328092
vn -0.618721 0.757225 -0.209273
vn -0.321704 0.880966 -0.346996
vn -0.018444 0.994897 -0.099194
vn -0.152258 0.986887 -0.053591
vn 0.036745 0.998619 0.037539
vn 0.046951 0.988040 -0.146876
vn -0.035187 0.932673 -0.359003
vn -0.253811 0.959891 -0.119121
vn 0.095904 0.988276 -0.118800
vn -0.302114 0.945775 -0.119319
vn 0.436069 0.899911 0.002255
vn -0.539489 0.838927 -0.071787
vn -0.113700 0.986483 -0.118002
vn 0.661307 0.707521 0.249173
vn -0.554138 0.827501 0.090406
vn 0.121653 0.977368 0.173068
vn -0.001942 0.937194 0.348804
vn -0.453439 0.878223 0.152043
vn -0.356386 0.933988 -0.025594
vn -0.223944 0.970803 0.085969
vn -0.274639 0.950458 0.145616
vn -0.194283 0.936404 0.292237
vn -0.371888 0.854667 0.362275
vn -0.272045 0.948371 0.163044
vn -0.006541 0.998851 0.047481
vn -0.192131 0.980943 0.028919
vn -0.226815 0.973855 0.012686
vn -0.112901 0.990323 0.080710
vn 0.074397 0.985720 0.151067
vn -0.143240 0.904948 0.400689
vn -0.295085 0.877724 0.377526
vn -0.339239 0.788752 0.512627
vn -0.150952 0.870058 0.469268
vn -0.513069 0.728491 0.453940
vn -0.093202 0.935028 0.342106
vn -0.394996 0.769695 0.501546
vn -0.414899 0.758583 0.502405
vn -0.446520 0.751031 0.486387
vn -0.534683 0.767986 0.352579
vn -0.750729 0.584820 0.307233
vn -0.668210 0.682129 0.296977
vn -0.720002 0.588751 0.367383
vn -0.641411 0.609248 0.466271
vn -0.397643 0.697610 0.596004
vn -0.304136 0.726578 0.616106
vn -0.283997 0.833034 0.474763
vn -0.261099 0.873401 0.411093
vn -0.161498 0.765569 0.622754
vn -0.169117 0.784639 0.596440
vn -0.528158 0.811620 0.249645
vn -0.179950 0.889673 0.419643
vn 0.134638 0.909573 0.393129
vn 0.229916 0.922502 0.310046
vn 0.296582 0.816098 0.496006
vn 0.037498 0.792944 0.608140
vn 0.374347 0.777166 0.505843
vn -0.732200 0.559866 0.387857
vn -0.437609 0.670301 0.599329
vn -0.182943 0.691520 0.698808
vn -0.318698 0.675454 0.664976
vn -0.407570 0.672423 0.617846
vn 0.319089 0.659933 0.680199
vn 0.452851 0.651239 0.608945
vn 0.317865 0.574756 0.754068
vn 0.007261 0.619909 0.784640
vn -0.098867 0.601071 0.793057
vn -0.009181 0.654367 0.756122
vn -0.079980 0.793826 0.602863
vn -0.191165 0.746747 0.637043
vn -0.109898 0.654991 0.747602
vn -0.117113 0.709915 0.694482
vn -0.063744 0.801148 0.595061
vn -0.021857 0.799903 0.599732
vn 0.195390 0.725251 0.660177
vn 0.316409 0.689654 0.651354
vn 0.175491 0.603102 0.778120
vn 0.438067 0.671957 0.597136
vn -0.321261 0.631065 0.706080
vn -0.064576 0.750290 0.657947
vn 0.299734 0.836587 0.458564
vn 0.149748 0.909805 0.387079
vn -0.133018 0.925647 0.354237
vn -0.064430 0.956287 0.285242
vn -0.179033 0.930256 0.320269
vn -0.267453 0.888331 0.373280
vn -0.404083 0.773675 0.488000
vn -0.489261 0.670183 0.558103
vn 0.052544 0.805228 0.590633
vn -0.262578 0.793329 0.549256
vn -0.260369 0.849381 0.459085
vn 0.000764 0.931640 0.363381
vn -0.024270 0.970007 0.241860
vn -0.139483 0.990055 0.018340
vn 0.450838 0.888378 0.086770
vn -0.596277 0.794410 -0.115615
vn 0.588100 0.808054 0.034446
vn 0.251078 0.963603 -0.091812
vn 0.152953 0.984885 0.081285
vn -0.018749 0.975160 0.220706
vn -0.078126 0.993046 0.088066
vn -0.046470 0.959846 0.276652
vn -0.031830 0.911999 0.408956
vn 0.249398 0.840811 0.480455
vn 0.518960 0.768971 0.373314
vn 0.488477 0.674554 0.553504
vn 0.682216 0.557005 0.473631
vn 0.409634 0.693783 0.592339
vn 0.217199 0.768131 0.602328
vn 0.391793 0.827586 0.401995
vn -0.144270 0.906045 0.397830
vn -0.083650 0.918065 0.387503
vn 0.149494 0.968378 0.199739
vn -0.019982 0.972104 0.233699
vn 0.225530 0.974232 -0.002770
vn -0.311142 0.950085 0.023015
vn -0.234620 0.960397 -0.150303
vn 0.386606 0.898864 -0.206349
vn 0.132693 0.968492 -0.210751
vn 0.165776 0.855876 -0.489893
vn 0.213757 0.839890 -0.498891
vn 0.188079 0.860993 -0.472565
vn 0.508588 0.682655 -0.524709
vn 0.170525 0.901947 -0.396753
vn 0.152313 0.919216 -0.363103
vn -0.114561 0.943262 -0.311661
vn 0.128042 0.980751 -0.147419
vn 0.096700 0.992449 -0.075461
vn 0.074035 0.971554 -0.224949
vn 0.183130 0.982462 -0.035099
vn 0.102216 0.982110 -0.158149
vn 0.177458 0.939161 -0.294084
vn 0.000000 0.000000 0.000000
vn 0.248293 0.945001 -0.212896
vn 0.215861 0.976291 0.016128
vn 0.166932 0.985792 0.018634
vn 0.391614 0.919945 0.018422
vn -0.237793 0.963010 0.126752
vn 0.177187 0.979404 -0.096817
vn -0.075702 0.990712 -0.112952
vn 0.605588 0.736824 -0.300589
vn 0.052663 0.998611 -0.001714
vn 0.303194 0.948684 0.089843
vn 0.074053 0.996864 0.027882
vn 0.164569 0.979869 0.113025
vn 0.025827 0.993532 0.110575
vn 0.251402 0.949482 0.187832
vn 0.299908 0.902844 0.308103
vn 0.363191 0.872494 0.326874
vn 0.390484 0.850298 0.352867
vn 0.294480 0.870727 0.393848
vn 0.195096 0.836024 0.512836
vn 0.294168 0.860907 0.415096
vn 0.285201 0.900444 0.328421
vn 0.260543 0.841607 0.473090
vn 0.340067 0.783103 0.520676
vn 0.352663 0.710056 0.609466
vn 0.189976 0.698736 0.689694
vn 0.203759 0.687547 0.696966
vn 0.082627 0.657381 0.749015
vn 0.067435 0.714328 0.696554
vn 0.259203 0.637220 0.725785
vn 0.411561 0.639695 0.649159
vn 0.359958 0.663516 0.655879
vn 0.375971 0.670547 0.639541
vn 0.500121 0.606181 0.618405
vn 0.216327 0.664796 0.715017
vn 0.349108 0.676759 0.648167
vn 0.181746 0.790387 0.585028
vn 0.223328 0.847530 0.481475
vn 0.056194 0.946515 0.317729
vn 0.505102 0.859953 -0.073165
vn 0.878664 0.280803 -0.386134
vn 0.809511 0.576400 0.111605
vn 0.706465 0.571170 0.417938
vn 0.583561 0.538782 0.607594
vn 0.435505 0.677792 0.592396
vn 0.424375 0.657942 0.622108
vn 0.479017 0.638888 0.601968
vn 0.397672 0.785259 0.474579
vn 0.339171 0.826644 0.449024
vn 0.280041 0.853179 0.440072
vn 0.345923 0.848103 0.401320
vn 0.272789 0.950725 0.147338
vn 0.115995 0.991348 0.061439
vn 0.562793 0.822887 0.078232
vn 0.337812 0.935070 -0.107365
vn 0.527360 0.827242 0.193809
vn 0.389992 0.917949 -0.072633
vn 0.626132 0.753776 0.199452
vn 0.467486 0.879070 0.093233
vn 0.665933 0.732739 0.140094
vn 0.395901 0.918210 0.012388
vn 0.633917 0.772868 -0.028709
vn 0.575971 0.814955 0.064083
vn 0.752135 0.563699 0.341374
vn 0.783115 0.485734 0.388322
vn 0.653995 0.706317 0.270938
vn 0.673075 0.628567 0.389709
vn 0.725340 0.538757 0.428513
vn 0.839492 0.423190 0.340827
vn 0.965238 0.252523 -0.067435
vn 0.725215 0.593442 0.349128
vn 0.837151 0.481327 0.259814
vn 0.700097 0.591817 0.399521
vn 0.316911 0.814064 0.486690
vn 0.822463 0.509154 0.253607
vn 0.945493 0.306158 0.110956
vn 0.637569 0.671786 0.377108
vn 0.941126 0.299520 0.156749
vn 0.952888 0.302367 0.024068
vn 0.790940 0.578192 0.200271
vn 0.856238 0.477722 0.196567
vn 0.976069 0.216745 0.017624
vn 0.786924 0.562398 0.253888
vn 0.913569 0.401200 0.066563
vn 0.885719 0.444872 0.132630
vn 0.923262 0.344273 0.170481
vn 0.839997 0.494628 0.223046
vn 0.755512 0.611307 0.235596
vn 0.887941 0.393188 0.238670
vn 0.868945 0.339145 0.360436
vn 0.686514 0.642551 0.340334
vn 0.613590 0.699307 0.366711
vn 0.877913 0.408437 0.249897
vn 0.893756 0.406201 0.190264
vn 0.933387 0.314160 0.173469
vn 0.904026 0.412746 0.111253
vn 0.961856 0.227677 0.151644
vn 0.648597 0.750558 0.126431
vn 0.959395 0.239060 0.149705
vn 0.904019 0.402034 0.145321
vn 0.517643 0.816575 0.255444
vn 0.679923 0.724605 0.112483
vn 0.890097 0.450600 0.068458
vn 0.938911 0.343741 -0.017008
vn 0.968987 0.240945 -0.054853
vn 0.955631 0.281804 -0.085768
vn 0.970172 0.231448 -0.072101
vn 0.958596 0.282178 -0.038327
vn 0.885101 0.458153 0.081809
vn 0.913323 0.407134 0.009061
vn 0.927274 0.347328 -0.139739
vn 0.944807 -0.137957 -0.297167
vn 0.992186 -0.022457 -0.122729
vn 0.977832 0.203821 -0.047977
vn 0.987577 0.136408 -0.078001
vn 0.912555 0.408070 -0.026882
vn 0.627620 0.776295 0.058810
vn 0.924969 0.370077 0.086460
vn 0.994155 0.107564 0.009300
vn 0.976502 0.214540 -0.020420
vn 0.853060 0.517997 0.062987
vn 0.889901 0.385345 0.244101
vn 0.538382 0.835325 0.111252
vn 0.602108 0.797709 0.033552
vn 0.517022 0.852428 -0.077809
vn 0.838581 0.509187 0.193677
vn 0.854911 0.427492 0.293900
vn 0.403352 0.899013 -0.170540
vn 0.920963 -0.073212 0.382710
vn 0.854459 0.497011 0.151260
vn 0.720820 0.692510 0.029133
vn 0.879521 0.427512 0.208989
vn 0.913783 0.330174 0.236615
vn 0.788332 0.610575 0.075697
vn 0.609624 0.792367 -0.022645
vn 0.764149 0.641129 0.070923
vn 0.930493 0.331504 0.155843
vn 0.719496 0.692459 -0.053162
vn 0.840078 0.497834 0.215476
vn 0.923474 0.361626 0.128153
vn 0.765555 0.637162 -0.089166
vn 0.961468 0.242019 0.130408
vn 0.933963 0.335696 0.122558
vn 0.848951 0.528312 -0.012970
vn 0.948562 0.316589 -0.000874
vn 0.981694 0.170889 0.084102
vn 0.993343 0.069873 -0.091588
vn 0.951669 -0.247743 -0.181522
vn 0.985938 0.029785 -0.164438
vn 0.908082 0.418605 -0.012530
vn 0.971837 0.229132 -0.055066
vn 0.985272 -0.066812 -0.157403
vn 0.988451 -0.148735 -0.029022
vn 0.997739 -0.036052 0.056716
vn 0.981948 0.188289 0.018016
vn 0.910167 0.408485 -0.068811
vn 0.966528 0.256099 -0.015373
vn 0.921490 0.374263 -0.103847
vn 0.973074 0.106760 -0.204277
vn 0.931416 -0.003858 -0.363936
vn 0.917167 0.155320 -0.366988
vn 0.941499 0.272281 -0.198602
vn 0.935490 0.297061 -0.191343
vn 0.960436 0.232497 -0.153323
vn 0.970252 0.213005 -0.115061
vn 0.943092 0.331520 -0.025902
vn 0.878518 0.474003 0.059393
vn 0.907372 0.412204 0.082246
vn 0.913857 0.402820 0.051000
vn 0.864796 0.481811 0.141374
vn 0.841112 0.514563 0.166598
vn 0.972683 0.209487 0.100012
vn 0.919726 0.371713 0.126232
vn 0.984148 0.174495 0.031685
vn 0.972937 0.230565 0.015300
vn 0.939036 0.341398 0.040722
vn 0.950781 0.308621 0.027729
vn 0.972894 0.228161 0.037689
vn 0.958403 0.021412 -0.284614
vn 0.686409 0.689769 0.230350
vn 0.749909 0.642903 0.155925
vn 0.809690 0.579226 0.094334
vn 0.707689 0.664278 0.240648
vn 0.889626 0.091636 -0.447401
vn 0.906668 0.384850 -0.172753
vn 0.860108 0.508275 -0.043250
vn 0.978737 0.198321 -0.052374
vn 0.910536 0.266322 -0.316222
vn 0.513990 0.794049 0.324501
vn 0.798399 0.581427 0.156533
vn 0.523357 0.664266 0.533712
vn 0.446880 0.715433 0.537078
vn 0.565231 0.735122 0.374313
vn 0.912144 0.352368 -0.209356
vn 0.869038 0.459227 -0.184076
vn 0.758181 0.602766 -0.248665
vn 0.243150 0.868644 0.431666
vn -0.121407 0.677955 0.725009
vn -0.024255 0.717432 0.696206
vn 0.037466 0.746370 0.664476
vn 0.890134 0.355926 -0.284565
vn 0.795374 0.605992 0.012421
vn 0.597916 0.755896 0.266679
vn 0.805490 0.492419 -0.329711
vn 0.768891 0.525595 -0.364085
vn 0.659557 0.693563 -0.289749
vn -0.105709 0.806283 0.582008
vn 0.216212 0.974708 -0.056548
vn -0.189608 0.981850 -0.004484
vn -0.498658 0.866554 0.020608
vn -0.312350 0.750799 0.582013
vn -0.321808 0.666126 0.672841
vn -0.214411 0.693909 0.687400
vn -0.313952 0.664639 0.678004
vn -0.380136 0.690299 0.615617
vn -0.523977 0.600587 0.603940
vn -0.525397 0.647831 0.551610
vn -0.801465 0.597532 -0.024695
vn -0.795772 0.497698 -0.345028
vn -0.377256 0.869451 0.318956
vn -0.002969 0.898501 0.438960
vn 0.046113 0.690867 0.721510
vn -0.890082 0.318669 -0.325888
vn -0.398235 0.787785 0.469898
vn -0.499457 0.670360 0.548781
vn -0.464548 0.633613 0.618652
vn -0.440919 0.692322 0.571210
vn -0.573186 0.628268 0.526059
vn -0.576998 0.718480 0.388407
vn -0.921142 0.353959 0.161899
vn -0.534967 0.711201 0.456074
vn -0.980916 0.180872 0.071332
vn -0.963846 0.194788 0.181818
vn -0.237953 0.707609 0.665333
vn -0.610617 0.740089 0.281808
vn -0.975294 0.219067 -0.028479
vn -0.887902 0.444284 0.119340
vn -0.338010 0.816008 0.468913
vn -0.783028 0.547397 0.295335
vn -0.911865 0.342951 0.225580
vn -0.775332 0.570969 0.269914
vn -0.635723 0.726492 0.260895
vn -0.902988 0.391028 0.178070
vn -0.852333 0.454493 0.258775
vn -0.797199 0.464171 0.386030
vn -0.793338 0.542099 0.277026
vn -0.892864 0.431800 0.127835
vn -0.942642 0.310868 0.121605
vn -0.903484 0.394426 0.167764
vn -0.897971 0.413530 0.150468
vn -0.899978 0.407717 0.154292
vn -0.850659 0.453977 0.265110
vn -0.910202 0.368297 0.189444
vn -0.947292 0.274668 0.164907
vn -0.933680 0.331369 0.135778
vn -0.949927 0.309380 0.043844
vn -0.905191 0.416463 0.084779
vn -0.970308 0.240184 0.028527
vn -0.921749 0.378765 0.083162
vn -0.864739 0.466714 0.185484
vn -0.878739 0.468103 0.093261
vn -0.983009 0.144128 -0.113671
vn -0.994292 -0.007426 -0.106434
vn -0.988763 0.040344 -0.143946
vn -0.940698 0.194104 -0.278229
vn -0.515584 0.767305 0.381336
vn -0.658557 0.731246 0.177712
vn -0.624235 0.781195 0.008013
vn -0.787486 0.607489 -0.104035
vn -0.770796 0.605211 0.198979
vn -0.795972 0.551844 0.248792
vn -0.903143 0.418233 0.097027
vn -0.900866 0.432379 0.038578
vn -0.837744 0.537848 0.094368
vn -0.943822 0.296811 -0.145269
vn -0.935812 0.316493 -0.155207
vn -0.933803 0.291663 -0.207233
vn -0.823334 0.534759 -0.190144
vn -0.657914 0.735251 -0.162956
vn -0.696086 0.688265 -0.204342
vn -0.605637 0.766564 -0.213501
vn -0.560897 0.827441 -0.027114
vn -0.437589 0.829428 0.347224
vn -0.587525 0.770038 -0.248707
vn -0.754014 0.532244 -0.384940
vn -0.690563 0.720519 0.063051
vn -0.837922 0.471413 -0.275056
vn -0.594640 0.774914 0.214270
vn -0.678367 0.718739 -0.152423
vn -0.479181 0.845821 -0.234463
vn -0.442530 0.895202 0.052732
vn -0.516673 0.830046 0.209933
vn -0.721901 0.605465 -0.335068
vn -0.350225 0.921383 -0.168512
vn -0.106892 0.967830 -0.227769
vn -0.018457 0.993251 -0.114503
vn -0.100644 0.994315 -0.034771
vn -0.255735 0.889678 -0.378249
vn -0.513815 0.729275 -0.451831
vn -0.559236 0.608096 -0.563449
vn -0.656585 0.723597 -0.212848
vn -0.876679 0.423413 -0.228374
vn -0.782150 0.601305 0.163321
vn -0.785305 0.594230 0.173746
vn -0.765942 0.642738 0.014863
vn -0.589801 0.771209 -0.239523
vn -0.357388 0.916076 0.181876
vn -0.479697 0.846931 -0.229343
vn -0.541133 0.620922 -0.567125
vn -0.166947 0.879864 -0.444935
vn -0.024460 0.975628 -0.218065
vn -0.062710 0.998029 -0.002284
vn 0.134808 0.959679 -0.246665
vn 0.285513 0.954113 -0.090277
vn -0.348195 0.935816 -0.054853
vn -0.748219 0.596118 -0.291225
vn 0.086498 0.593266 0.800346
vn 0.341584 0.917525 -0.203638
vn 0.614669 0.714107 -0.335013
vn 0.446102 0.886219 0.124933
vn 0.170172 0.964426 0.202297
vn -0.102545 0.981730 -0.160281
vn 0.256974 0.914659 -0.312032
vn 0.032827 0.940438 -0.338378
vn -0.031172 0.909239 -0.415107
vn -0.268613 0.897888 -0.348776
vn -0.422969 0.611029 -0.669134
vn -0.402434 0.794243 -0.455220
vn -0.491982 0.708884 -0.505407
vn -0.705542 0.684197 -0.184620
vn -0.859280 0.476034 -0.187163
vn -0.907661 0.417305 -0.044810
vn -0.883329 0.465964 0.051058
vn -0.970810 0.193106 -0.142258
vn -0.957360 0.288897 -0.000286
vn -0.976633 0.213563 -0.024039
vn -0.949429 0.299092 -0.095543
vn -0.947413 0.273607 -0.165977
vn -0.949035 0.268655 -0.164794
vn -0.940663 0.338592 -0.022560
vn -0.924358 0.381194 0.015912
vn -0.888024 0.459740 0.007265
vn -0.916586 0.397404 0.044054
vn -0.967500 0.252695 -0.009382
vn -0.939261 0.327120 -0.103829
vn -0.944075 0.217593 -0.247741
vn -0.956833 0.188020 -0.221630
vn -0.975565 0.178371 -0.128287
vn -0.960721 0.266682 -0.076788
vn -0.633811 0.768859 0.084489
vn -0.875073 0.449482 0.179483
vn -0.880306 0.447336 0.157961
vn -0.854639 0.454999 0.250137
vn -0.916124 0.378409 0.132378
vn -0.342061 0.938831 0.039894
vn -0.811674 0.559294 0.168448
vn -0.432876 0.897773 0.081375
vn -0.612458 0.789961 0.029279
vn -0.618479 0.711112 0.334371
vn -0.814214 0.375824 0.442506
vn -0.833765 0.438652 0.335292
vn -0.617819 0.684221 0.387482
vn -0.653525 0.731351 0.195016
vn -0.632566 0.770741 0.076285
vn -0.453949 0.889105 0.058507
vn -0.504307 0.862600 -0.039956
vn -0.365969 0.920419 -0.137462
vn -0.516725 0.842668 0.151346
vn -0.472240 0.872713 0.123938
vn -0.259666 0.965052 0.035339
vn -0.684739 0.723370 0.088701
vn -0.763667 0.638980 0.092290
vn -0.752670 0.657694 0.030436
vn -0.593573 0.802739 -0.057284
vn -0.905153 0.372939 0.203997
vn -0.835209 0.519711 0.179796
vn -0.793591 0.574845 0.199416
vn -0.636539 0.769720 -0.048465
vn -0.727221 0.677945 0.107422
vn -0.690263 0.698405 0.189122
vn -0.824770 0.529237 0.199156
vn -0.809296 0.556373 0.188383
vn -0.887834 0.456828 0.055303
vn -0.983028 0.175232 -0.054306
vn -0.958013 0.261615 0.117338
vn -0.900991 0.421285 0.103606
vn -0.970171 0.219744 0.102375
vn -0.913450 0.376290 0.154967
vn -0.878593 0.448888 0.163016
vn -0.876030 0.463227 0.134139
vn -0.931031 0.364823 0.009188
vn -0.972887 0.217375 -0.078989
vn -0.969549 0.232567 -0.076731
vn -0.975674 0.214997 -0.042859
vn -0.952160 0.305414 0.010713
vn -0.923596 0.371549 -0.094458
vn -0.923561 0.379443 0.055306
vn -0.995220 0.058889 -0.077907
vn -0.962690 -0.207752 -0.173402
vn -0.971902 0.207565 -0.111008
vn -0.928270 0.289919 -0.232941
vn -0.909953 0.368025 -0.191164
vn -0.910723 0.158682 -0.381318
vn -0.904156 0.197968 -0.378564
vn -0.924740 -0.076026 -0.372930
vn -0.921571 -0.252993 -0.294451
vn -0.990424 0.006933 -0.137882
vn -0.964243 -0.199593 -0.174349
vn -0.992986 -0.052951 -0.105716
vn -0.921303 -0.324484 -0.214270
vn -0.825484 0.548594 0.132741
vn -0.959130 0.281062 -0.032764
vn -0.963430 0.214940 -0.160009
vn -0.920806 0.114896 -0.372714
vn -0.872265 -0.005649 -0.489001
vn -0.848558 0.204191 -0.488114
vn -0.798674 0.152333 -0.582164
vn -0.909839 0.252395 -0.329379
vn -0.890394 0.369388 -0.265991
vn -0.805980 0.268516 -0.527536
vn -0.790509 0.493711 -0.362415
vn -0.651117 0.624751 -0.430967
vn -0.523866 0.806942 -0.272779
vn -0.784371 0.484087 -0.387843
vn -0.814446 0.488018 -0.313871
vn -0.679409 0.229568 -0.696924
vn -0.529240 0.465688 -0.709253
vn -0.389447 0.913986 -0.113844
vn -0.197936 0.686391 -0.699778
vn -0.248067 0.327380 -0.911748
vn -0.465027 0.428440 -0.774719
vn -0.572534 0.362586 -0.735348
vn -0.667394 0.345088 -0.659924
vn -0.700565 0.153857 -0.696805
vn -0.500832 0.242074 -0.831004
vn -0.481126 0.415227 -0.772078
vn -0.592415 0.682772 -0.427629
vn -0.363942 0.720815 -0.589892
vn -0.284184 0.821266 -0.494734
vn -0.300532 0.664584 -0.684112
vn -0.038988 0.843900 -0.535081
vn 0.244685 0.614182 -0.750273
vn 0.093485 0.910628 -0.402514
vn -0.026114 0.968640 -0.247092
vn 0.441285 0.780696 -0.442471
vn 0.327081 0.754868 -0.568500
vn 0.440035 0.807495 -0.392838
vn 0.550508 0.634137 -0.542965
vn 0.538530 0.669416 -0.511731
vn 0.511907 0.775102 -0.370363
vn 0.546133 0.760197 -0.351909
vn 0.619415 0.784909 -0.015583
vn 0.719116 0.510704 -0.471227
vn 0.740981 0.613001 -0.274183
vn 0.641309 0.639181 -0.424465
vn 0.572922 0.813431 -0.100450
vn 0.452172 0.794341 0.405662
vn 0.629999 0.658089 -0.412336
vn 0.500779 0.832727 0.236192
vn 0.657832 0.736885 -0.155747
vn 0.629021 0.765926 -0.133005
vn 0.674625 0.675627 -0.297336
vn 0.814629 0.538515 -0.215363
vn 0.720715 0.692214 -0.037541
vn 0.411075 0.863559 0.292033
vn 0.765914 -0.031645 -0.642164
vn 0.775881 -0.072771 -0.626668
vn 0.770866 0.623482 0.130519
vn 0.631841 0.714676 0.300025
vn 0.689776 0.074868 -0.720142
vn 0.791977 0.497295 -0.354217
vn 0.511839 0.839304 -0.183272
vn 0.720224 0.693730 -0.004115
vn 0.812170 0.463862 -0.353852
vn 0.859258 0.506597 -0.070966
vn 0.944669 0.310069 -0.107045
vn 0.952995 0.300237 -0.040715
vn 0.953344 0.301559 -0.014045
vn 0.978470 0.187231 -0.086838
vn 0.944428 0.286826 -0.160583
vn 0.882742 0.365452 -0.295315
vn 0.932929 -0.063938 -0.354337
vn 0.925641 0.360655 -0.114525
vn 0.966707 0.178627 -0.183222
vn 0.955131 0.294426 -0.032204
vn 0.952011 0.294293 -0.084064
vn 0.767021 0.625492 0.142966
vn 0.945440 0.317339 -0.073746
vn 0.963003 0.042157 -0.266172
vn 0.939631 0.296203 -0.171339
vn 0.888664 0.270395 -0.370354
vn 0.909095 0.165910 -0.382125
vn 0.869322 0.183349 -0.458979
vn 0.880689 0.054475 -0.470553
vn 0.882864 0.054310 -0.466478
vn 0.949665 0.039393 -0.310781
vn 0.903864 0.325612 -0.277501
vn 0.887554 0.002449 -0.460697
vn 0.855982 0.046540 -0.514906
vn 0.881275 0.089230 -0.464103
vn 0.841675 0.410613 -0.350684
vn 0.951343 -0.012238 -0.307891
vn 0.986743 0.028389 -0.159787
vn 0.982936 0.170307 -0.069515
vn 0.995752 0.010010 -0.091534
vn 0.992031 -0.087504 -0.090645
vn 0.967394 -0.244934 -0.064466
vn 0.976969 -0.096442 -0.190346
vn 0.994181 0.077743 -0.074568
vn 0.991829 -0.059895 -0.112638
vn 0.991138 0.104797 -0.081632
vn 0.931718 -0.319866 -0.172008
vn 0.992242 -0.077636 -0.097100
vn 0.976361 0.148125 -0.157410
vn 0.995402 0.076062 -0.058226
vn 0.994423 -0.084562 -0.063026
vn 0.984973 0.172468 0.009118
vn 0.940583 0.337824 0.034322
vn 0.997708 0.057265 0.036054
vn 0.997728 0.064845 0.018281
vn 0.995645 -0.059907 0.071430
vn 0.995313 0.063703 0.072759
vn 0.973903 0.224724 0.031817
vn 0.968403 -0.033104 0.247185
vn 0.959463 0.281829 0.001593
vn 0.979206 0.201911 0.019682
vn 0.997002 0.066086 0.040256
vn 0.989566 -0.052874 0.134031
vn 0.989082 0.129184 0.070906
vn 0.996692 0.077038 -0.025880
vn 0.940386 0.337471 0.042283
vn 0.966700 0.120818 -0.225599
vn 0.994010 -0.035983 -0.103192
vn 0.938193 -0.329625 -0.105554
vn 0.957607 -0.278179 -0.074872
vn 0.952956 -0.266372 -0.144642
vn 0.973327 -0.121216 -0.194787
vn 0.963023 -0.078131 -0.257842
vn 0.872798 -0.351864 -0.338252
vn 0.943969 -0.165882 -0.285318
vn 0.918841 -0.121924 -0.375321
vn 0.945295 -0.051459 -0.322131
vn 0.845963 -0.176940 -0.503030
vn 0.765101 -0.118816 -0.632853
vn 0.760898 -0.105432 -0.640249
vn 0.696449 -0.164203 -0.698567
vn 0.821592 0.175302 -0.542454
vn 0.612022 -0.136256 -0.779015
vn 0.690747 -0.118839 -0.713264
vn 0.728614 -0.116545 -0.674936
vn 0.583554 -0.192633 -0.788896
vn 0.557876 -0.153590 -0.815588
vn 0.694139 -0.147229 -0.704624
vn 0.538763 -0.213253 -0.815020
vn 0.637749 0.154815 -0.754526
vn 0.776226 0.271312 -0.569090
vn 0.298952 -0.347506 -0.888745
vn 0.052646 -0.429288 -0.901632
vn 0.458860 -0.417305 -0.784413
vn 0.639134 -0.349013 -0.685345
vn 0.853583 -0.029365 -0.520129
vn 0.898766 -0.106880 -0.425201
vn 0.884950 -0.276907 -0.374415
vn 0.943954 -0.074698 -0.321513
vn 0.936328 -0.157638 -0.313751
vn 0.937139 -0.062151 -0.343376
vn 0.000000 0.000000 0.000000
vn 0.920005 -0.162449 -0.356653
vn 0.955310 0.047367 -0.291787
vn 0.960538 0.209943 -0.182455
vn 0.505378 -0.499639 -0.703530
vn 0.681534 -0.388365 -0.620229
vn 0.496449 -0.694658 -0.520565
vn 0.866103 -0.386769 -0.316664
vn 0.952561 -0.132503 -0.273991
vn 0.923226 -0.326446 -0.202701
vn 0.966554 -0.130541 -0.220755
vn 0.988938 0.061047 -0.135181
vn 0.990256 -0.023028 -0.137339
vn 0.909196 -0.416363 -0.001932
vn 0.971624 -0.234449 0.031321
vn 0.994883 -0.094813 0.034897
vn 0.814386 -0.574746 0.080268
vn 0.982956 0.180950 -0.032463
vn 0.981980 -0.054796 -0.180865
vn 0.957971 -0.147373 -0.246117
vn 0.948454 -0.194996 -0.249822
vn 0.936968 -0.094491 -0.336396
vn 0.934946 -0.143476 -0.324486
vn 0.828213 -0.466971 -0.309841
vn 0.951780 -0.199792 -0.232806
vn 0.913426 -0.305609 -0.268803
vn 0.942144 -0.310311 -0.126778
vn 0.992071 -0.118670 -0.041389
vn 0.876452 -0.472917 -0.090452
vn 0.935090 -0.354348 0.006594
vn 0.936556 0.311990 -0.159768
vn 0.717176 0.668862 -0.195656
vn 0.780417 -0.617541 0.097945
vn 0.754345 -0.645946 0.117122
vn 0.762317 0.634302 -0.128585
vn 0.934843 0.355061 0.000021
vn 0.964731 0.263206 -0.003993
vn 0.820099 0.504323 -0.270364
vn 0.998206 0.000179 0.059872
vn 0.894741 0.420987 -0.149023
vn 0.969572 0.192900 -0.150732
vn 0.974070 0.166676 0.152991
vn 0.994677 0.055324 -0.086933
vn 0.984524 0.165856 -0.056611
vn 0.992807 0.104827 -0.057838
vn 0.996662 -0.081642 -0.000250
vn 0.924168 -0.318261 0.211244
vn 0.859790 0.448348 -0.244429
vn 0.919025 0.375954 -0.118543
vn 0.793312 0.592768 -0.138861
vn 0.864192 0.495095 -0.089735
vn 0.993132 -0.083234 0.082221
vn 0.889040 -0.434775 0.143452
vn 0.755676 0.610923 -0.236066
vn 0.953434 -0.274519 -0.124910
vn 0.655194 0.740676 -0.148728
vn 0.992060 0.086859 -0.090952
vn 0.999654 -0.018565 0.018638
vn 0.920134 -0.385992 0.066054
vn 0.906353 -0.408804 0.106787
vn 0.867017 -0.456517 0.199687
vn 0.970850 -0.222274 0.089693
vn 0.999374 -0.023184 -0.026713
vn 0.967027 0.206793 -0.148647
vn 0.984122 -0.158176 0.080531
vn 0.996436 -0.084211 0.004952
vn 0.930342 0.313372 -0.190424
vn 0.999558 -0.020000 -0.022017
vn 0.987840 -0.153276 0.026038
vn 0.966015 0.246931 -0.076417
vn 0.799283 0.567440 -0.197883
vn 0.669375 0.705245 -0.233594
vn 0.738477 0.637106 -0.220789
vn 0.751815 0.626877 -0.204449
vn 0.982029 -0.083953 0.169027
vn 0.953463 -0.155186 0.258506
vn 0.745025 0.651703 -0.142201
vn 0.478034 0.848099 -0.228499
vn 0.626353 0.762953 -0.159950
vn 0.883044 0.443218 0.154244
vn 0.834086 0.537167 0.125505
vn 0.527660 0.848474 0.040832
vn 0.632163 0.758361 -0.158928
vn 0.602039 0.778722 -0.176466
vn 0.456036 0.867602 -0.198236
vn 0.623821 0.775871 -0.094192
vn 0.459732 0.879109 -0.125754
vn 0.479771 0.861662 -0.165402
vn 0.481597 0.875883 0.029878
vn 0.462621 0.876973 -0.130000
vn 0.185493 0.982587 0.010773
vn 0.348746 0.915390 -0.201090
vn 0.434014 0.862310 -0.260870
vn 0.676229 0.730546 -0.094961
vn 0.433523 0.873090 -0.223094
vn 0.269683 0.897102 -0.349970
vn 0.213429 0.872201 -0.440129
vn 0.457780 0.855588 -0.241674
vn 0.287106 0.869003 -0.402994
vn -0.403306 0.812450 -0.421033
vn 0.126151 0.922903 -0.363780
vn 0.395073 0.851471 -0.344841
vn 0.249028 0.885979 -0.391186
vn 0.217395 0.743526 -0.632383
vn 0.350976 0.757971 -0.549815
vn 0.139821 0.694174 -0.706097
vn 0.626914 0.563595 -0.537902
vn 0.630988 0.436874 -0.641089
vn 0.234558 0.682398 -0.692326
vn 0.779578 0.426100 -0.459018
vn 0.255086 0.689621 -0.677757
vn 0.126051 0.766940 -0.629217
vn 0.176528 0.709262 -0.682484
vn 0.693038 0.553204 -0.462238
vn -0.050648 0.636834 -0.769336
vn 0.039840 0.825706 -0.562692
vn 0.391395 0.658364 -0.642937
vn 0.188310 0.869617 -0.456404
vn 0.745049 0.432830 -0.507505
vn -0.345780 0.693365 -0.632204
vn 0.020637 0.676789 -0.735887
vn -0.708330 0.457595 -0.537471
vn 0.164238 0.649001 -0.742848
vn 0.479633 0.655250 -0.583609
vn 0.698585 0.466752 -0.542330
vn 0.658142 0.514907 -0.549290
vn 0.631268 0.492784 -0.598887
vn 0.742525 0.482498 -0.464599
vn 0.424993 0.593770 -0.683242
vn 0.391802 0.735151 -0.553212
vn 0.535767 0.791198 -0.294889
vn 0.577613 0.771647 -0.266315
vn 0.426984 0.873364 -0.234350
vn 0.746092 0.657443 -0.105430
vn 0.690950 0.710403 -0.133851
vn 0.090947 0.905234 -0.415065
vn 0.270763 0.874150 -0.403174
vn 0.330330 0.840308 -0.429843
vn 0.231686 0.883019 -0.408167
vn 0.384050 0.864945 -0.323071
vn 0.701789 0.686386 -0.190699
vn 0.678680 0.709773 -0.188722
vn 0.601212 0.737307 -0.308094
vn 0.654426 0.720469 -0.229460
vn 0.658921 0.728059 -0.189085
vn 0.491658 0.861594 -0.126210
vn 0.535851 0.771187 -0.343708
vn 0.432355 0.823834 -0.366561
vn 0.424201 0.827342 -0.368183
vn 0.432014 0.816026 -0.384012
vn 0.549914 0.730968 -0.404080
vn 0.347344 0.858437 -0.377409
vn 0.440642 0.727068 -0.526504
vn 0.610248 0.519736 -0.597890
vn 0.755215 0.458200 -0.468725
vn 0.760454 0.497614 -0.417241
vn 0.680233 0.630592 -0.373680
vn 0.715668 0.640512 -0.278500
vn 0.642323 0.727187 -0.242115
vn 0.543012 0.742236 -0.392712
vn 0.799637 0.489536 -0.347759
vn 0.465992 0.774154 -0.428412
vn 0.820542 0.431394 -0.374980
vn 0.785750 0.474790 -0.396449
vn 0.839044 0.447707 -0.309135
vn 0.844925 0.493926 -0.205276
vn 0.867161 0.391651 -0.307637
vn 0.687949 0.491741 -0.533776
vn 0.701666 0.496110 -0.511410
vn 0.812507 0.526021 -0.251266
vn 0.888764 0.452184 0.075025
vn 0.483425 0.802447 -0.349828
vn 0.536733 0.835081 0.120655
vn 0.922666 0.357793 -0.143773
vn 0.892316 0.450991 -0.019485
vn 0.803698 0.462452 -0.374443
vn 0.580544 0.096704 -0.808466
vn 0.503081 0.235948 -0.831407
vn 0.607207 0.097807 -0.788501
vn 0.599533 0.069641 -0.797314
vn 0.635132 -0.040011 -0.771367
vn 0.521298 -0.047766 -0.852037
vn 0.609750 0.088105 -0.787682
vn 0.736289 0.230777 -0.636098
vn 0.830707 0.239576 -0.502523
vn 0.830249 0.152886 -0.536015
vn 0.729123 0.057779 -0.681939
vn 0.841366 0.029407 -0.539665
vn 0.865523 0.118755 -0.486588
vn 0.852440 0.279743 -0.441691
vn 0.853718 0.331452 -0.401629
vn 0.865524 0.357393 -0.350911
vn 0.870273 0.228485 -0.436371
vn 0.869430 0.288259 -0.401245
vn 0.882197 0.420414 -0.212084
vn 0.896921 0.352745 -0.266653
vn 0.880324 0.296488 -0.370302
vn 0.875195 0.108938 -0.471345
vn 0.861657 -0.026280 -0.506810
vn 0.804593 -0.103621 -0.584716
vn 0.700177 -0.043188 -0.712662
vn 0.513447 -0.127217 -0.848639
vn 0.500236 -0.156607 -0.851609
vn 0.359983 -0.369125 -0.856831
vn 0.441986 -0.266968 -0.856374
vn 0.607034 -0.232645 -0.759859
vn 0.733240 -0.123578 -0.668646
vn 0.601739 -0.072104 -0.795432
vn 0.886939 0.297861 -0.353012
vn 0.894389 0.416015 -0.164317
vn 0.890750 0.246967 -0.381539
vn 0.678132 -0.283149 -0.678207
vn 0.982570 0.175045 -0.062571
vn 0.893203 0.447196 0.046947
vn 0.886286 0.402632 0.228876
vn 0.941012 0.307283 0.141682
vn 0.940688 0.327693 -0.087880
vn 0.953993 0.298729 0.025664
vn 0.898660 0.394941 0.190872
vn 0.898227 0.396705 0.189243
vn 0.960834 0.194914 0.196994
vn 0.953661 0.169025 -0.248922
vn 0.770375 -0.199158 -0.605688
vn 0.609845 -0.366810 -0.702523
vn 0.385824 -0.449742 -0.805526
vn 0.593599 -0.462081 -0.658879
vn 0.310225 -0.593359 -0.742755
vn 0.413213 -0.409713 -0.813259
vn 0.447142 -0.299551 -0.842812
vn 0.618163 -0.245857 -0.746612
vn 0.685270 -0.257121 -0.681391
vn 0.564266 -0.428073 -0.705945
vn 0.344165 -0.477628 -0.808345
vn 0.847911 -0.168760 -0.502561
vn 0.853776 -0.234182 -0.465000
vn 0.940797 -0.144060 -0.306835
vn 0.964555 -0.148844 -0.217897
vn 0.993533 -0.075049 -0.085208
vn 0.990621 -0.131360 0.037603
vn 0.993742 -0.081526 0.076351
vn 0.999923 -0.005209 -0.011235
vn 0.990789 0.004065 -0.135352
vn 0.989874 0.128109 -0.061136
vn 0.972581 0.180390 -0.146781
vn 0.974430 0.207518 0.086155
vn 0.927670 0.282189 0.244537
vn 0.975370 0.088922 0.201855
vn 0.951711 -0.043924 0.303838
vn 0.922747 -0.101086 0.371913
vn 0.845964 0.002501 0.533233
vn 0.658367 0.033797 0.751938
vn 0.426000 0.139076 0.893970
vn 0.811208 0.061000 0.581567
vn 0.866823 0.026373 0.497919
vn 0.857849 0.120226 0.499641
vn 0.892891 0.231362 0.386287
vn 0.721613 0.469357 0.508900
vn 0.562439 0.478121 0.674583
vn 0.534424 0.313727 0.784835
vn 0.047811 0.236536 0.970446
vn 0.575975 0.115231 0.809305
vn 0.816698 -0.529033 0.230497
vn 0.821238 -0.473339 0.318620
vn 0.877726 -0.428703 0.214033
vn 0.723790 -0.601955 0.337310
vn 0.326229 -0.755853 0.567680
vn 0.696317 -0.649484 0.305473
vn 0.884373 -0.435848 0.167093
vn 0.842623 -0.495968 0.209767
vn 0.828914 -0.495381 0.259805
vn 0.874682 -0.440115 0.203053
vn 0.925510 -0.318059 0.205597
vn 0.853951 -0.420517 0.306483
vn 0.839425 -0.431648 0.330221
vn 0.838469 -0.512590 0.184989
vn 0.810580 -0.567334 0.145232
vn 0.813076 -0.534258 0.231248
vn 0.832768 -0.541504 0.115196
vn 0.770530 -0.597488 0.222017
vn 0.835494 -0.522011 0.171625
vn 0.884128 -0.442388 0.150368
vn 0.825931 -0.518334 0.221739
vn 0.540069 -0.630323 0.557691
vn 0.701435 -0.584094 0.408439
vn 0.777877 -0.541490 0.318898
vn 0.945880 -0.283370 0.158156
vn 0.909462 -0.346627 0.229628
vn 0.888187 -0.372094 0.269573
vn 0.873664 -0.485264 -0.035068
vn 0.882649 -0.466862 0.054503
vn 0.886846 -0.443034 0.131243
vn 0.134401 -0.109517 -0.984856
vn -0.028725 0.079548 -0.996417
vn 0.055824 0.048877 -0.997244
vn 0.608542 -0.031958 -0.792878
vn 0.276164 0.115708 -0.954120
vn 0.161871 -0.099087 -0.981825
vn 0.293929 0.098084 -0.950782
vn 0.459027 0.307943 -0.833346
vn 0.717210 -0.671908 -0.184794
vn 0.675371 -0.736018 -0.046377
vn 0.621525 -0.765675 -0.165676
vn 0.972698 0.132241 0.190713
vn 0.832836 0.511807 0.210801
vn 0.730670 0.336682 0.593942
vn 0.812226 -0.580329 0.059215
vn 0.602493 -0.771681 -0.203741
vn 0.852226 -0.023673 0.522638
vn 0.709061 0.313822 0.631466
vn 0.832923 0.192615 0.518785
vn 0.643145 0.308997 0.700632
vn 0.955834 -0.118905 0.268780
vn 0.871378 -0.489631 0.031015
vn 0.958560 -0.201471 0.201426
vn 0.931839 -0.278151 0.233042
vn 0.916701 -0.398335 -0.031457
vn 0.889194 -0.424218 0.171385
vn 0.953840 -0.298529 -0.032692
vn 0.195809 -0.260670 -0.945362
vn 0.687400 -0.712071 0.142955
vn 0.642975 -0.738044 0.204633
vn 0.763142 -0.644181 -0.051430
vn 0.816412 -0.564678 0.120872
vn 0.906336 -0.263405 0.330412
vn 0.949694 -0.304585 0.072866
vn 0.946467 -0.178435 0.269002
vn 0.874719 -0.395613 0.279925
vn 0.817050 -0.420987 0.393953
vn 0.888248 -0.364471 0.279600
vn 0.964025 -0.164379 0.208890
vn 0.982228 -0.134997 0.130396
vn 0.941666 -0.219715 0.254932
vn 0.899593 -0.390465 0.195629
vn 0.838583 -0.519062 0.165388
vn 0.609058 -0.638302 0.470763
vn 0.698110 -0.580128 0.419637
vn 0.567403 -0.468182 0.677391
vn 0.848831 -0.328290 0.414380
vn 0.828387 -0.488746 0.273684
vn 0.914390 -0.402954 0.038968
vn -0.052038 0.159725 0.985789
vn 0.862168 -0.498848 0.088419
vn 0.926101 -0.377027 -0.013689
vn 0.953800 -0.299478 0.024048
vn 0.941911 -0.329747 0.063804
vn 0.899812 -0.422500 0.108779
vn 0.790241 -0.579088 0.200438
vn 0.821159 -0.429303 0.376027
vn 0.650057 -0.658425 0.379345
vn 0.628242 -0.700104 0.339363
vn 0.548615 -0.830016 0.100472
vn 0.353758 -0.918891 0.174630
vn 0.717869 -0.635207 0.284913
vn 0.806110 -0.558979 0.194242
vn 0.686262 -0.716234 0.126702
vn 0.741621 -0.670559 0.018663
vn 0.861252 -0.498793 0.097212
vn 0.760473 -0.637411 0.124044
vn 0.879406 -0.126238 0.459030
vn 0.924109 -0.242839 0.295046
vn 0.835871 -0.401890 0.373904
vn 0.859594 -0.479907 0.175462
vn 0.914067 -0.329178 0.236906
vn 0.972744 -0.210090 0.098144
vn 0.767414 -0.608399 0.202303
vn 0.615386 -0.784465 0.076904
vn 0.455920 -0.861409 0.223858
vn -0.067952 -0.660153 -0.748051
vn -0.262232 -0.234470 -0.936087
vn -0.308800 -0.280958 -0.908683
vn -0.372105 -0.157139 -0.914792
vn -0.100102 0.132598 -0.986102
vn -0.244466 0.019226 -0.969467
vn -0.223950 -0.222614 -0.948836
vn -0.243685 0.080564 -0.966503
vn -0.128968 0.277732 -0.951962
vn 0.223003 0.015489 -0.974695
vn 0.090573 -0.197724 -0.976064
vn 0.044990 0.280285 -0.958862
vn -0.034328 0.457803 -0.888391
vn 0.569076 0.013344 -0.822177
vn 0.653332 -0.079783 -0.752856
vn 0.491768 0.219999 -0.842475
vn 0.123735 -0.017431 -0.992162
vn 0.576380 0.332768 -0.746359
vn 0.385635 0.277061 -0.880070
vn 0.343200 0.213133 -0.914761
vn 0.715127 -0.468688 -0.518580
vn -0.469331 0.261952 -0.843273
vn 0.419307 0.455521 -0.785291
vn -0.082808 0.405410 -0.910377
vn 0.425773 -0.900927 0.083948
vn 0.556590 -0.829851 -0.039435
vn 0.680458 -0.173408 -0.711974
vn -0.364562 0.360960 -0.858372
vn 0.064301 0.393880 -0.916910
vn 0.012909 0.505884 -0.862505
vn -0.007721 -0.116847 -0.993120
vn -0.201036 -0.259710 -0.944529
vn -0.282336 0.006388 -0.959294
vn 0.070842 0.351970 -0.933326
vn 0.163669 0.290697 -0.942713
vn -0.127963 0.199034 -0.971602
vn 0.014665 -0.128290 -0.991628
vn 0.014953 -0.243858 -0.969696
vn 0.237897 -0.723314 -0.648245
vn -0.498034 -0.441341 -0.746445
vn 0.383981 -0.457651 -0.801944
vn 0.752898 -0.528532 -0.392172
vn 0.638977 -0.357844 -0.680922
vn -0.279666 -0.487680 -0.827016
vn -0.738519 0.059092 -0.671638
vn -0.238040 -0.969441 0.059341
vn 0.144339 0.460792 -0.875692
vn 0.504927 -0.700711 -0.504037
vn 0.956537 -0.213281 0.198867
vn 0.739115 -0.665254 -0.105573
vn 0.679127 -0.150840 -0.718355
vn 0.937791 -0.247218 -0.243785
vn 0.486668 -0.864923 0.122731
vn 0.123132 -0.368111 -0.921593
vn 0.606023 -0.168774 -0.777336
vn 0.580464 0.362837 -0.728980
vn -0.586892 0.305019 -0.750014
vn 0.488134 -0.410211 -0.770359
vn 0.723856 -0.256633 -0.640447
vn 0.108135 -0.970107 -0.217253
vn -0.889320 -0.117204 -0.442010
vn -0.278811 0.533958 -0.798219
vn 0.786556 -0.599998 -0.146059
vn 0.797913 -0.549481 -0.247803
vn 0.696849 -0.526070 -0.487495
vn 0.676359 -0.715480 -0.175004
vn 0.874048 -0.111744 -0.472814
vn 0.839834 -0.441398 -0.315984
vn 0.682074 -0.718018 0.138655
vn 0.928567 -0.199030 -0.313288
vn 0.959464 -0.149930 -0.238641
vn 0.797891 -0.476187 -0.369615
vn 0.040679 0.507538 -0.860668
vn -0.747786 -0.303304 -0.590612
vn 0.954158 -0.145476 -0.261571
vn 0.941023 -0.068779 -0.331278
vn 0.941272 -0.092690 -0.324679
vn 0.980600 -0.086452 -0.175923
vn 0.989883 -0.109463 0.090279
vn 0.997836 -0.023645 0.061359
vn 0.971791 0.065338 -0.226610
vn 0.979163 0.003227 0.203048
vn 0.985265 -0.105994 0.134229
vn 0.958334 -0.187527 0.215474
vn 0.912246 -0.236221 0.334675
vn 0.848190 -0.260006 0.461487
vn 0.761189 -0.029700 0.647850
vn 0.632779 -0.348507 0.691472
vn 0.678665 -0.374171 0.631989
vn 0.861466 -0.231114 0.452176
vn 0.784935 -0.183453 0.591795
vn 0.388088 -0.381520 0.838946
vn 0.487702 -0.180279 0.854193
vn 0.693351 0.104759 0.712944
vn 0.418811 -0.371220 0.828730
vn 0.690098 -0.181094 0.700692
vn 0.481361 -0.192999 0.855011
vn 0.719616 0.007795 0.694328
vn 0.798334 -0.060372 0.599181
vn 0.858359 -0.128301 0.496747
vn 0.955185 -0.014167 0.295672
vn 0.921037 0.003230 0.389461
vn 0.783677 0.034597 0.620205
vn 0.704456 0.164672 0.690380
vn 0.626221 0.171371 0.760578
vn 0.740036 0.136688 0.658531
vn 0.815373 0.083077 0.572944
vn 0.885426 0.010178 0.464669
vn 0.030687 0.239008 0.970533
vn -0.455559 0.538794 0.708638
vn -0.184279 0.847973 0.496974
vn -0.063294 0.776281 0.627202
vn -0.652915 0.228166 -0.722248
vn -0.670471 -0.132205 -0.730062
vn 0.428664 0.190282 -0.883198
vn -0.405872 -0.161400 -0.899565
vn -0.949319 -0.286789 0.128630
vn -0.997405 -0.041433 0.058884
vn -0.999765 0.012617 0.017625
vn -0.934062 -0.323611 -0.151013
vn -0.979971 -0.193363 0.047610
vn -0.985635 -0.142470 -0.090696
vn -0.992235 0.100391 -0.073421
vn -0.635625 0.187501 0.748882
vn -0.472939 0.024749 0.880748
vn -0.852104 0.093790 0.514900
vn -0.737462 -0.644234 0.202760
vn -0.901885 -0.430950 0.029768
vn -0.845333 -0.533294 -0.031786
vn -0.539658 -0.813181 0.217959
vn -0.766054 -0.634441 0.103174
vn -0.385018 -0.887691 0.252520
vn -0.266675 -0.944088 0.193861
vn -0.402187 -0.912799 0.071018
vn -0.345751 -0.936685 0.055473
vn -0.325397 -0.942313 0.078505
vn -0.148864 -0.985977 0.075420
vn -0.093898 -0.994527 0.045818
vn 0.486814 -0.872407 -0.043794
vn -0.395110 -0.914282 -0.089315
vn 0.150885 -0.972671 -0.176481
vn 0.191003 -0.961145 -0.199296
vn -0.586241 -0.803921 -0.100161
vn -0.281710 -0.951919 -0.120372
vn -0.303273 -0.951290 -0.055426
vn -0.333411 -0.934418 -0.125296
vn -0.580582 -0.787077 -0.208409
vn -0.354080 -0.918925 -0.173795
vn -0.419303 -0.901828 -0.104364
vn -0.234347 -0.965241 -0.115717
vn -0.303771 -0.944456 -0.125405
vn -0.415404 -0.908358 -0.048222
vn -0.424073 -0.904165 -0.051458
vn -0.833657 -0.539351 -0.118814
vn -0.874360 -0.473239 -0.107423
vn -0.887553 0.028506 -0.459824
vn -0.318865 -0.937587 -0.138761
vn -0.142416 -0.974534 0.173210
vn -0.720454 -0.693205 0.020325
vn -0.711616 -0.676217 0.190612
vn -0.671732 -0.740770 -0.006032
vn -0.558951 -0.825745 -0.075623
vn -0.520354 -0.848211 -0.098842
vn -0.360608 -0.932284 -0.028431
vn -0.570474 -0.789329 -0.226981
vn -0.698565 -0.660713 -0.274710
vn -0.647959 -0.708723 -0.279034
vn -0.544092 -0.800433 -0.251538
vn -0.677359 -0.551188 -0.487213
vn -0.712616 -0.686985 -0.142235
vn -0.794596 -0.607053 0.010178
vn -0.783490 -0.621327 0.009800
vn -0.670969 -0.740297 0.041960
vn -0.790914 0.404187 -0.459443
vn -0.741726 -0.670225 0.025324
vn -0.790207 -0.573714 -0.215466
vn -0.667498 -0.691342 -0.276572
vn -0.694235 -0.674758 -0.250478
vn -0.489323 -0.845631 -0.213241
vn -0.730662 -0.575397 -0.367492
vn -0.290880 -0.921208 -0.258389
vn -0.268591 -0.952598 -0.142881
vn -0.918770 -0.322696 -0.227439
vn -0.663364 -0.691410 -0.286182
vn -0.596121 -0.772445 -0.219019
vn -0.405855 -0.855364 -0.321922
vn -0.871881 -0.231040 -0.431792
vn 0.211369 -0.952845 -0.217735
vn -0.963558 -0.101262 -0.247591
vn 0.206727 -0.951753 -0.226783
vn -0.944381 -0.090697 -0.316099
vn -0.813236 -0.490902 -0.312508
vn -0.192184 -0.902511 -0.385408
vn 0.037186 -0.918734 -0.393123
vn -0.707591 -0.616810 -0.344763
vn 0.085069 -0.987058 -0.135940
vn -0.687344 -0.654064 -0.315846
vn -0.080266 -0.976676 -0.199153
vn 0.417866 -0.870354 -0.260523
vn 0.383821 -0.826762 -0.411274
vn -0.724713 -0.331701 -0.603958
vn -0.566632 -0.382703 -0.729703
vn -0.233545 -0.580523 -0.780032
vn -0.083899 -0.641059 -0.762892
vn 0.057844 -0.613046 -0.787926
vn 0.154933 -0.588738 -0.793337
vn 0.054684 -0.474267 -0.878681
vn 0.060428 -0.525302 -0.848768
vn 0.386397 -0.507368 -0.770244
vn -0.089576 -0.634873 -0.767406
vn 0.020941 -0.605346 -0.795687
vn -0.026498 -0.379590 -0.924775
vn 0.147660 -0.014043 -0.988938
vn 0.055957 -0.351708 -0.934436
vn -0.129117 -0.535747 -0.834448
vn -0.139744 -0.304532 -0.942195
vn 0.010837 -0.377044 -0.926132
vn -0.204607 -0.485812 -0.849778
vn 0.162596 -0.470817 -0.867118
vn 0.240339 -0.477136 -0.845327
vn -0.069595 -0.687016 -0.723302
vn -0.100156 -0.651050 -0.752398
vn 0.170844 -0.649996 -0.740485
vn 0.332653 -0.495716 -0.802252
vn -0.134109 -0.705127 -0.696284
vn -0.458247 -0.516237 -0.723539
vn -0.143375 -0.605003 -0.783208
vn 0.106183 -0.636759 -0.763716
vn 0.231905 -0.784793 -0.574735
vn -0.274221 -0.768849 -0.577645
vn -0.335001 -0.747422 -0.573703
vn 0.213613 -0.583738 -0.783339
vn 0.546543 -0.429781 -0.718734
vn 0.283553 -0.681483 -0.674669
vn 0.720024 -0.339675 -0.605133
vn 0.587464 -0.435477 -0.682089
vn -0.304207 -0.835548 -0.457512
vn 0.703831 -0.337648 -0.624993
vn 0.454186 -0.689491 -0.564195
vn 0.404880 -0.723302 -0.559381
vn 0.123354 -0.796846 -0.591456
vn 0.126083 -0.660011 -0.740600
vn 0.218050 -0.598465 -0.770904
vn 0.011838 -0.769264 -0.638821
vn -0.081063 -0.763214 -0.641040
vn -0.067469 -0.724341 -0.686132
vn -0.165333 -0.805227 -0.569451
vn 0.634508 -0.294099 -0.714777
vn 0.364790 -0.507580 -0.780571
vn 0.134917 -0.787252 -0.601691
vn -0.157938 -0.816570 -0.555220
vn 0.658126 -0.216673 -0.721057
vn 0.623833 -0.529431 -0.574922
vn 0.402909 -0.807874 -0.430120
vn 0.337115 -0.810580 -0.478867
vn 0.322294 -0.798103 -0.509075
vn 0.390615 -0.797204 -0.460310
vn 0.439926 -0.845057 -0.303880
vn 0.328069 -0.889626 -0.317704
vn 0.745165 -0.441982 -0.499381
vn 0.651935 -0.679645 -0.336248
vn -0.291179 -0.948081 -0.127892
vn 0.937384 -0.133997 -0.321489
vn -0.023575 -0.984623 -0.173096
vn -0.183228 -0.966183 -0.181436
vn 0.778155 -0.504871 -0.373605
vn 0.314559 -0.942139 -0.115876
vn 0.231576 -0.967645 -0.100177
vn 0.965817 0.198185 -0.167096
vn 0.920744 -0.093193 -0.378874
vn 0.302524 -0.857769 -0.415585
vn 0.776473 -0.195271 -0.599131
vn 0.647619 -0.435475 -0.625261
vn -0.018134 -0.843328 -0.537093
vn 0.448296 -0.741642 -0.498998
vn 0.797033 -0.200641 -0.569633
vn 0.667060 -0.586122 -0.459882
vn 0.886136 0.123289 -0.446724
vn 0.805904 -0.397212 -0.439023
vn 0.125207 -0.978106 -0.166227
vn 0.881340 0.445370 -0.157749
vn 0.870227 0.474174 -0.133658
vn 0.973022 0.095682 -0.209937
vn 0.802002 -0.572547 -0.170244
vn 0.715403 -0.695052 -0.071421
vn 0.972740 -0.114749 -0.201516
vn 0.987890 0.111535 -0.107861
vn 0.962266 0.249756 -0.108006
vn 0.985302 0.090535 -0.144859
vn 0.991128 0.056272 -0.120410
vn 0.581032 -0.813795 0.011757
vn 0.978742 -0.034475 -0.202176
vn 0.431508 -0.830998 -0.351061
vn 0.690069 0.031938 -0.723038
vn 0.450788 -0.796753 -0.402460
vn 0.864775 0.440519 -0.241053
vn 0.717863 -0.671402 -0.184097
vn 0.932593 0.339242 -0.123229
vn 0.955884 0.038741 -0.291177
vn 0.932291 -0.099445 -0.347770
vn 0.919087 -0.171781 -0.354640
vn 0.948013 0.031406 -0.316679
vn 0.873999 -0.285021 -0.393559
vn 0.942639 -0.156783 -0.294705
vn 0.814554 -0.511832 -0.273002
vn 0.877457 -0.285136 -0.385703
vn 0.845766 -0.329636 -0.419547
vn 0.925173 -0.034281 -0.377995
vn 0.886731 -0.153900 -0.435916
vn 0.767174 -0.388095 -0.510712
vn 0.757732 -0.520622 -0.393441
vn 0.684943 -0.468921 -0.557644
vn 0.561764 -0.367612 -0.741136
vn 0.487106 -0.310033 -0.816460
vn 0.526210 -0.261348 -0.809198
vn 0.815055 0.062355 -0.576019
vn 0.635109 -0.088669 -0.767316
vn -0.088034 -0.568071 -0.818258
vn -0.331852 -0.396302 -0.856048
vn 0.517322 0.149774 -0.842583
vn -0.034201 -0.208984 -0.977321
vn 0.161731 -0.443174 -0.881725
vn 0.374639 -0.554649 -0.742974
vn 0.177270 -0.521107 -0.834879
vn 0.206437 0.269073 -0.940736
vn 0.123148 -0.268617 -0.955343
vn 0.185906 -0.404199 -0.895579
vn 0.221331 -0.408656 -0.885445
vn 0.290861 -0.436646 -0.851317
vn 0.443989 -0.434497 -0.783636
vn 0.325667 -0.526360 -0.785421
vn 0.447408 -0.569726 -0.689376
vn 0.619475 -0.628458 -0.470415
vn 0.884210 -0.399509 -0.242001
vn 0.883921 0.143607 -0.445040
vn 0.916193 -0.318571 -0.243110
vn 0.979566 0.096396 -0.176515
vn 0.996842 0.063008 -0.048339
vn 0.960914 0.252001 -0.114632
vn 0.872752 -0.485640 -0.049575
vn 0.941704 -0.325327 -0.085761
vn 0.929120 -0.305862 0.207807
vn 0.967782 -0.238022 0.082120
vn 0.979416 -0.189279 0.070125
vn 0.975329 0.169372 -0.141587
vn 0.972116 0.104786 -0.209785
vn 0.976778 0.077825 -0.199620
vn 0.993812 0.077315 -0.079752
vn 0.944750 0.240691 -0.222519
vn 0.982296 0.187220 -0.006547
vn 0.770642 -0.567007 0.290885
vn 0.999027 -0.016485 0.040895
vn 0.998466 0.051563 -0.020161
vn 0.977576 0.146451 -0.151317
vn 0.886543 0.332662 -0.321524
vn 0.991531 0.062736 -0.113713
vn 0.964180 0.237848 -0.117412
vn 0.994791 0.008470 -0.101583
vn 0.984730 0.088957 -0.149644
vn 0.922540 -0.367010 0.119263
vn 0.743203 -0.556148 0.371952
vn 0.976245 0.210257 -0.052318
vn 0.882133 0.381866 -0.275715
vn 0.786743 0.426060 -0.446665
vn 0.981879 0.123140 -0.144047
vn 0.566864 -0.803093 0.183593
vn 0.751727 -0.651761 0.100573
vn 0.982594 -0.179919 0.046249
vn 0.988456 -0.089630 -0.122156
vn 0.964929 0.230129 -0.126306
vn 0.978144 -0.110960 -0.175847
vn 0.991688 -0.067882 -0.109299
vn 0.919440 0.245688 -0.307030
vn 0.925253 0.209642 -0.316160
vn 0.922703 -0.311212 -0.227523
vn 0.526046 -0.847755 -0.067732
vn 0.976478 0.129473 -0.172419
vn 0.865968 0.431074 -0.253525
vn 0.760716 0.081811 -0.643909
vn 0.937002 -0.313551 -0.153992
vn 0.773839 0.067420 -0.629784
vn 0.764684 -0.612873 0.199111
vn 0.973640 -0.224217 -0.041843
vn 0.988390 -0.094336 -0.119107
vn 0.928355 0.256885 -0.268638
vn 0.996054 0.031555 -0.082949
vn 0.966163 0.166947 -0.196614
vn 0.988604 0.138317 -0.059427
vn 0.780948 0.534846 -0.322585
vn 0.989289 0.037609 -0.141044
vn 0.861198 0.419136 -0.287511
vn 0.972464 -0.232077 -0.021324
vn 0.926522 0.333449 -0.174268
vn 0.950091 0.280617 -0.136311
vn 0.994085 0.082610 -0.070503
vn 0.976383 0.197038 -0.088614
vn 0.999259 0.007712 0.037715
vn 0.994743 0.101526 0.013400
vn 0.973679 0.227406 0.015354
vn 0.780256 -0.563526 0.271365
vn 0.825674 -0.538403 0.168479
vn 0.902472 -0.410488 0.130553
vn 0.952647 -0.300561 0.046115
vn 0.916333 -0.390570 0.088251
vn 0.748415 -0.631986 0.201166
vn 0.548802 -0.788381 0.277977
vn 0.814599 -0.529819 0.236050
vn 0.834300 -0.527008 0.161887
vn 0.891155 -0.452977 -0.025592
vn 0.909612 -0.387710 0.149289
vn 0.808188 -0.526462 0.263951
vn 0.838301 -0.488087 0.242945
vn 0.880844 -0.380874 0.281158
vn 0.978067 0.205146 0.036065
vn 0.898025 0.425945 -0.110097
vn 0.995326 -0.035706 0.089729
vn 0.983778 0.178577 0.017065
vn 0.995030 -0.007481 0.099296
vn 0.994221 -0.094115 0.051648
vn 0.996749 0.077338 0.022604
vn 0.953314 0.301974 0.002145
vn 0.983819 0.178218 -0.018414
vn 0.984479 -0.085486 0.153276
vn 0.992132 0.017206 0.124012
vn 0.962911 0.268780 0.023652
vn 0.979880 -0.053525 0.192275
vn 0.926468 -0.255188 0.276653
vn 0.859257 -0.399105 0.319988
vn 0.977008 -0.173591 0.123785
vn 0.918367 -0.358289 0.168020
vn 0.929695 -0.347718 0.121489
vn 0.986276 -0.159725 -0.041797
vn 0.982377 0.070717 -0.173014
vn 0.913912 -0.292302 0.281646
vn 0.701901 -0.632322 0.327877
vn 0.677475 -0.690972 0.252162
vn 0.948159 -0.317244 0.018744
vn 0.966155 -0.203364 0.158709
vn 0.955869 -0.184389 0.228723
vn 0.931312 -0.223898 0.287277
vn 0.795781 -0.437508 0.418712
vn 0.858144 -0.321352 0.400402
vn 0.972241 -0.063789 0.225117
vn 0.991713 0.038087 0.122694
vn 0.997660 0.002311 0.068339
vn 0.994708 -0.031196 0.097893
vn 0.912864 -0.287923 0.289447
vn 0.981239 -0.116566 0.153568
vn 0.998836 0.038437 0.029157
vn 0.909911 -0.327845 0.254126
vn 0.931283 -0.277696 0.235788
vn 0.976128 -0.136793 0.168704
vn 0.994486 0.044705 -0.094863
vn 0.972153 0.156611 -0.174332
vn 0.779541 -0.509263 0.364647
vn 0.979526 -0.178441 0.093204
vn 0.882507 -0.383822 0.271774
vn 0.991751 -0.030871 -0.124408
vn 0.960069 -0.279647 -0.008038
vn 0.964394 -0.246928 0.094716
vn 0.874855 -0.473864 0.100408
vn 0.895871 -0.423940 -0.133005
vn 0.775953 -0.614521 0.142342
vn 0.681821 -0.710672 0.173396
vn 0.806556 -0.586359 -0.075163
vn 0.915577 -0.240921 -0.321987
vn 0.752384 -0.656467 -0.054495
vn 0.946476 -0.146576 -0.287575
vn 0.737446 -0.460876 -0.493727
vn 0.015285 -0.978564 -0.205373
vn 0.886642 0.235432 -0.398043
vn 0.935736 0.244776 -0.253935
vn 0.933623 0.059960 -0.353203
vn 0.773874 -0.632294 0.036390
vn 0.721015 -0.669714 -0.177821
vn 0.318662 -0.947624 -0.021512
vn 0.417380 -0.888764 -0.189452
vn 0.897137 -0.040037 -0.439935
vn 0.186511 -0.943445 -0.274091
vn 0.385686 -0.802791 -0.454723
vn 0.500337 -0.803944 -0.321461
vn 0.507906 -0.842864 -0.177800
vn 0.931914 -0.004556 -0.362651
vn 0.778659 -0.537670 -0.323422
vn 0.654880 -0.735317 -0.174473
vn 0.701837 -0.711171 -0.040760
vn 0.840294 0.252499 -0.479740
vn 0.819845 0.246598 -0.516763
vn 0.955615 0.074063 -0.285157
vn 0.978968 -0.201336 0.032955
vn 0.806753 -0.529952 0.261344
vn 0.905564 -0.423649 0.021806
vn 0.974644 -0.220272 -0.039353
vn 0.989087 -0.134405 -0.060347
vn 0.980419 -0.167792 0.103077
vn 0.997753 -0.038412 0.054896
vn 0.996240 0.078878 -0.035833
vn 0.781841 -0.504644 0.366140
vn 0.937143 -0.310228 0.159754
vn 0.944397 0.210175 -0.252863
vn 0.997651 -0.060993 -0.031180
vn 0.988397 -0.104074 0.110637
vn 0.853961 0.458398 -0.246215
vn 0.997998 0.022563 0.059092
vn 0.991391 -0.059220 0.116776
vn 0.987911 0.153111 0.024255
vn 0.795668 -0.532354 0.288984
vn 0.965258 0.260885 0.014720
vn 0.925315 0.354008 -0.135907
vn 0.973400 0.227623 -0.026076
vn 0.997142 0.040110 0.064028
vn 0.983647 -0.052192 0.172381
vn 0.974779 0.181928 0.129262
vn 0.951916 0.295886 -0.079419
vn 0.924151 0.290909 -0.247624
vn 0.984154 -0.177189 -0.006686
vn 0.927305 0.054570 -0.370307
vn 0.844872 0.284135 -0.453275
vn 0.983340 0.170510 -0.062999
vn 0.872078 0.176924 -0.456264
vn 0.933236 0.141815 -0.330091
vn 0.945468 0.119046 -0.303181
vn 0.985948 -0.167050 -0.000388
vn 0.948155 -0.115896 0.295923
vn 0.966041 0.258215 0.009486
vn 0.937268 0.348609 -0.000353
vn 0.961854 0.269550 0.046679
vn 0.941033 0.310695 0.133887
vn 0.963069 0.263191 0.056826
vn 0.930145 0.367191 -0.001135
vn 0.969537 0.234384 -0.071156
vn 0.992813 -0.118840 0.014130
vn 0.644303 -0.536924 0.544597
vn 0.550602 -0.607706 0.572303
vn 0.552511 -0.556631 0.620398
vn 0.884626 -0.381653 0.267915
vn 0.990044 -0.045697 0.133137
vn 0.943094 -0.246349 0.223353
vn 0.917698 -0.313459 0.244075
vn 0.743184 -0.576899 0.338917
vn 0.957579 -0.278659 0.073428
vn 0.930409 -0.365743 -0.023891
vn 0.722040 -0.630404 0.285043
vn 0.498861 -0.773822 0.390303
vn 0.417724 -0.725194 0.547358
vn 0.433172 -0.663934 0.609552
vn 0.556999 -0.541963 0.629307
vn 0.631292 -0.536368 0.560161
vn 0.525102 -0.607334 0.596165
vn 0.535839 -0.633616 0.558038
vn 0.647588 -0.638333 0.416126
vn 0.484517 -0.713001 0.506826
vn 0.620314 -0.651558 0.436672
vn 0.419010 -0.807633 0.414921
vn 0.507742 -0.794555 0.332987
vn 0.733655 -0.609386 0.300664
vn 0.806967 -0.544923 0.227733
vn 0.757058 -0.435556 0.486986
vn 0.911405 -0.287527 0.294396
vn 0.988629 0.016008 -0.149523
vn 0.982349 -0.173449 -0.070040
vn 0.788015 -0.585931 0.188988
vn 0.972263 -0.202611 -0.116847
vn 0.944937 0.127164 -0.301536
vn 0.981248 -0.076515 -0.176913
vn 0.662358 -0.709645 0.240178
vn 0.758245 -0.609354 0.231845
vn 0.933411 -0.355228 0.050567
vn 0.814128 -0.575107 0.080289
vn 0.659337 -0.712749 0.239298
vn 0.621008 -0.731590 0.281294
vn 0.494421 -0.806902 0.323199
vn 0.378348 -0.863334 0.333927
vn 0.502846 -0.814332 0.289842
vn 0.593380 -0.769749 0.235344
vn 0.339066 -0.889075 0.307538
vn 0.531478 -0.795176 0.291936
vn 0.285219 -0.906395 0.311607
vn 0.446014 -0.810355 0.379994
vn 0.749830 -0.595155 0.289043
vn 0.828566 -0.502778 0.246358
vn 0.583421 -0.752765 0.304901
vn 0.938137 -0.343028 0.047235
vn 0.701035 -0.542009 0.463439
vn 0.867134 -0.392489 0.306646
vn 0.767196 -0.499227 0.402720
vn 0.743057 -0.514329 0.428172
vn 0.810743 -0.485963 0.326399
vn 0.556589 -0.683669 0.472023
vn 0.336406 -0.771851 0.539515
vn 0.548314 -0.698762 0.459438
vn 0.425757 -0.777603 0.462672
vn 0.298519 -0.866072 0.401006
vn 0.225977 -0.855821 0.465301
vn 0.076322 -0.889637 0.450246
vn 0.215445 -0.914184 0.343294
vn 0.121046 -0.881864 0.455701
vn 0.179708 -0.862695 0.472718
vn 0.490243 -0.787658 0.373170
vn 0.632592 -0.692925 0.345952
vn 0.578259 -0.733338 0.357536
vn 0.690081 -0.690740 0.216023
vn 0.000000 0.000000 0.000000
vn 0.261852 -0.885527 0.383765
vn 0.110762 -0.869556 0.481252
vn 0.643311 -0.733998 0.217711
vn 0.820385 -0.537850 0.194127
vn 0.889736 -0.423043 0.171478
vn 0.825606 -0.482912 0.291839
vn 0.912728 -0.361552 0.190284
vn 0.835578 -0.398609 0.378049
vn 0.805368 -0.521452 0.281903
vn 0.947205 -0.032155 -0.319013
vn 0.953488 -0.077531 0.291291
vn 0.618432 -0.534774 0.575811
vn 0.871477 0.297744 -0.389713
vn 0.855431 -0.477439 0.200725
vn 0.321039 -0.689064 0.649711
vn 0.629471 -0.612806 0.477739
vn 0.900724 -0.049365 -0.431577
vn 0.949486 -0.003586 -0.313790
vn 0.858159 0.306494 -0.411856
vn 0.910649 -0.153637 0.383555
vn 0.966477 0.216634 0.137813
vn 0.941690 0.309826 0.131253
vn 0.910288 0.413031 0.027942
vn 0.934017 -0.351226 -0.065215
vn 0.164926 -0.720583 -0.673468
vn 0.135344 -0.734608 -0.664856
vn -0.021344 -0.713233 -0.700602
vn 0.536494 -0.511852 -0.670956
vn 0.350293 -0.685838 -0.637903
vn 0.655231 -0.638223 -0.404157
vn 0.531847 -0.639985 -0.554578
vn 0.720743 -0.415439 -0.554923
vn 0.682469 -0.633290 -0.364938
vn 0.233170 -0.446078 0.864087
vn 0.298188 -0.315851 0.900734
vn 0.611775 -0.075115 0.787458
vn 0.705419 0.134232 0.695964
vn 0.789534 0.007205 0.613665
vn 0.814540 -0.512047 0.272638
vn 0.783711 -0.124738 0.608471
vn 0.793931 -0.036338 0.606921
vn 0.801127 -0.156858 0.577573
vn 0.882027 0.127452 0.453635
vn 0.794612 0.199530 0.573393
vn 0.575597 0.072483 0.814514
vn 0.595232 -0.258156 0.760956
vn 0.300867 -0.309385 0.902087
vn 0.166985 -0.459972 0.872090
vn 0.150312 -0.620615 0.769573
vn -0.057247 -0.510050 0.858238
vn -0.033818 -0.523949 0.851078
vn 0.087401 -0.638083 0.764991
vn 0.065741 -0.585288 0.808156
vn 0.259088 -0.570988 0.779003
vn 0.255988 -0.652090 0.713616
vn 0.701380 -0.537836 0.467760
vn 0.737473 -0.361151 0.570704
vn 0.728270 -0.428245 0.535005
vn 0.394841 -0.548095 0.737355
vn 0.655314 -0.362546 0.662664
vn 0.370723 -0.490270 0.788797
vn 0.343313 -0.587636 0.732680
vn 0.521070 -0.598459 0.608549
vn 0.516540 -0.618314 0.592347
vn 0.135051 -0.627825 0.766548
vn 0.012004 -0.714578 0.699452
vn 0.442939 -0.732254 0.517309
vn 0.678825 -0.696415 0.232815
vn 0.545568 -0.642854 0.537675
vn 0.334665 -0.684411 0.647750
vn 0.680114 -0.578602 0.450184
vn 0.732456 -0.490390 0.472256
vn 0.813644 -0.403833 0.418214
vn 0.901246 -0.405766 0.152021
vn 0.919930 -0.351634 0.173440
vn 0.856847 -0.285314 0.429430
vn 0.701019 -0.400458 0.590090
vn 0.493577 -0.324068 0.807070
vn 0.832397 -0.103421 0.544444
vn 0.016244 -0.420039 0.907360
vn 0.348942 -0.364313 0.863432
vn 0.675440 -0.343544 0.652502
vn 0.361400 -0.405272 0.839729
vn 0.172519 -0.541053 0.823103
vn 0.617235 -0.172774 0.767575
vn 0.814299 0.113166 0.569308
vn 0.901148 0.120035 0.416562
vn 0.729903 -0.030696 0.682861
vn 0.758116 -0.159293 0.632365
vn 0.912548 -0.156244 0.377946
vn 0.983252 -0.146449 -0.108480
vn 0.806880 -0.383648 0.449175
vn 0.962191 -0.191343 0.193846
vn 0.885553 -0.454120 -0.097831
vn 0.795524 -0.605879 -0.007142
vn 0.790569 -0.509600 0.339570
vn 0.980362 -0.169154 -0.101373
vn 0.973608 -0.139394 -0.180709
vn 0.959583 -0.267230 -0.088253
vn 0.908497 -0.415518 0.044479
vn 0.655388 -0.640536 0.400226
vn 0.198864 -0.716439 0.668706
vn 0.674689 -0.654678 0.340868
vn 0.882133 -0.470765 0.014888
vn 0.928055 -0.332376 -0.168048
vn 0.212544 -0.777789 0.591497
vn 0.322115 -0.800073 0.506088
vn 0.246333 -0.876427 0.413758
vn -0.044384 -0.759137 0.649416
vn 0.164946 -0.785286 0.596757
vn 0.135970 -0.788797 0.599426
vn 0.044627 -0.831088 0.554347
vn 0.138609 -0.808026 0.572609
vn 0.151638 -0.644889 0.749082
vn 0.209152 -0.506109 0.836725
vn 0.092679 -0.541136 0.835813
vn -0.073194 -0.529387 0.845217
vn -0.018981 -0.556595 0.830567
vn 0.007014 -0.872606 0.488375
vn 0.176462 -0.834320 0.522275
vn 0.413942 -0.847771 0.331566
vn -0.979066 0.163769 -0.120871
vn -0.966014 0.213136 -0.146253
vn -0.912323 0.371159 -0.172940
vn -0.960324 0.162546 -0.226621
vn -0.926228 0.235905 -0.294026
vn -0.945538 0.154384 -0.286571
vn -0.964833 0.032300 -0.260872
vn -0.861785 -0.014840 -0.507056
vn -0.846445 0.081478 -0.526206
vn -0.775567 0.023556 -0.630825
vn -0.748347 0.364173 -0.554396
vn -0.621774 0.216156 -0.752777
vn -0.349183 0.062890 -0.934942
vn -0.508728 0.444592 -0.737247
vn -0.764620 0.418173 -0.490396
vn -0.396618 -0.203553 -0.895132
vn -0.606153 -0.046797 -0.793970
vn -0.778857 0.190568 -0.597550
vn -0.813663 0.063602 -0.577847
vn -0.758033 0.063592 -0.649108
vn -0.826107 0.148980 -0.543463
vn -0.633317 -0.258028 -0.729610
vn -0.674505 -0.247597 -0.695514
vn -0.768124 -0.068897 -0.636583
vn -0.575275 -0.135173 -0.806714
vn -0.312868 -0.287104 -0.905364
vn -0.364222 -0.083074 -0.927600
vn -0.633471 0.148574 -0.759369
vn -0.236784 -0.053617 -0.970082
vn -0.191378 -0.122997 -0.973779
vn 0.003853 -0.159460 -0.987197
vn 0.213818 -0.138991 -0.966935
vn 0.172656 -0.321531 -0.931025
vn 0.697836 -0.204964 -0.686305
vn 0.866003 -0.276759 -0.416466
vn 0.879320 -0.119638 -0.460959
vn 0.818327 -0.209457 -0.535228
vn 0.260771 -0.166986 -0.950849
vn 0.395802 -0.276382 -0.875759
vn 0.662305 0.069320 -0.746021
vn 0.370878 0.046141 -0.927534
vn 0.239926 -0.065758 -0.968562
vn 0.272683 -0.113040 -0.955440
vn 0.228360 0.055486 -0.971994
vn -0.133061 -0.011568 -0.991040
vn -0.323052 0.031927 -0.945842
vn -0.284488 -0.002018 -0.958678
vn -0.329464 -0.067958 -0.941719
vn -0.300338 -0.036763 -0.953124
vn -0.083323 0.068388 -0.994173
vn 0.098555 0.245633 -0.964340
vn 0.323419 0.122372 -0.938310
vn 0.409460 -0.017192 -0.912166
vn 0.427651 -0.054372 -0.902307
vn 0.441578 -0.316224 -0.839650
vn 0.779092 0.103176 -0.618360
vn 0.772728 0.029024 -0.634073
vn 0.841279 0.195205 -0.504127
vn 0.827132 0.159615 -0.538866
vn 0.706141 0.076465 -0.703930
vn 0.674044 0.301249 -0.674473
vn 0.445987 0.256382 -0.857534
vn 0.521857 0.321456 -0.790147
vn 0.801103 0.472439 -0.367472
vn 0.803246 0.495853 -0.330038
vn 0.674981 0.673916 -0.300395
vn 0.397577 0.354164 -0.846464
vn 0.333877 0.801368 -0.496322
vn 0.420001 0.529410 -0.737105
vn 0.581108 0.569668 -0.581199
vn 0.613705 0.489719 -0.619308
vn 0.604002 0.352565 -0.714759
vn 0.667580 0.263800 -0.696237
vn 0.745185 0.046244 -0.665252
vn 0.772224 0.354850 -0.527022
vn 0.657099 0.212374 -0.723269
vn 0.769308 0.555397 -0.315751
vn 0.404792 -0.043316 -0.913382
vn 0.360348 -0.180652 -0.915158
vn 0.795583 0.375482 -0.475458
vn 0.795020 0.399197 -0.456712
vn 0.664241 0.310062 -0.680181
vn 0.301765 0.100548 -0.948065
vn 0.349616 0.059261 -0.935017
vn 0.231608 -0.079491 -0.969556
vn -0.146423 -0.135776 -0.979860
vn 0.151824 -0.053241 -0.986973
vn 0.111980 -0.147686 -0.982675
vn -0.050303 -0.188364 -0.980810
vn -0.145426 -0.171066 -0.974468
vn 0.443566 0.194785 -0.874819
vn 0.058841 0.211618 -0.975580
vn -0.273626 0.156560 -0.949009
vn -0.338855 0.058399 -0.939025
vn -0.395187 0.137142 -0.908306
vn -0.741243 0.535222 -0.405088
vn -0.395663 -0.158658 -0.904588
vn -0.460825 0.215416 -0.860951
vn -0.422181 0.213409 -0.881034
vn -0.243078 0.208041 -0.947434
vn -0.316078 0.124488 -0.940530
vn -0.306674 0.319943 -0.896431
vn -0.290094 0.310920 -0.905083
vn 0.012632 0.104530 -0.994441
vn 0.294212 0.124423 -0.947607
vn 0.458832 0.272190 -0.845805
vn 0.374169 0.104895 -0.921409
vn 0.565119 0.679842 -0.467392
vn 0.419926 0.042416 -0.906567
vn 0.187443 0.087410 -0.978379
vn 0.545631 0.460294 -0.700297
vn 0.437503 0.557390 -0.705625
vn 0.232514 0.392661 -0.889806
vn 0.362090 0.236934 -0.901528
vn 0.053209 0.366545 -0.928878
vn -0.042514 0.542469 -0.838999
vn 0.059692 0.515562 -0.854770
vn -0.039404 0.320992 -0.946262
vn -0.301976 0.273706 -0.913179
vn 0.494807 0.849323 -0.183894
vn 0.081551 0.797767 -0.597426
vn 0.213827 0.736776 -0.641435
vn 0.403817 0.813823 -0.417879
vn 0.491998 0.775941 -0.394782
vn 0.699620 0.556984 -0.447550
vn 0.514086 0.827560 -0.225521
vn 0.440825 0.888250 0.129173
vn 0.479309 0.796816 -0.367895
vn -0.224625 0.817214 -0.530759
vn -0.050390 0.416204 -0.907874
vn 0.042045 0.452170 -0.890940
vn 0.021194 0.421061 -0.906785
vn -0.136233 0.386818 -0.912038
vn -0.263192 0.357696 -0.895982
vn -0.260690 0.959622 -0.105667
vn -0.899013 -0.406950 -0.161767
vn -0.941703 0.336314 0.009429
vn -0.863361 -0.504389 -0.014142
vn -0.743615 -0.652190 -0.147259
vn -0.652644 -0.708552 -0.268344
vn -0.927492 -0.080880 -0.364988
vn -0.736992 -0.420331 -0.529306
vn -0.306999 -0.814472 -0.492329
vn -0.161732 -0.899904 -0.404988
vn -0.059364 -0.892338 -0.447447
vn 0.145576 -0.942172 -0.301860
vn 0.070703 -0.861955 -0.502031
vn 0.354133 -0.839900 -0.411289
vn 0.485858 -0.781139 -0.392127
vn -0.351976 -0.683089 -0.639924
vn -0.294045 -0.738911 -0.606257
vn -0.315455 -0.733856 -0.601617
vn -0.156896 -0.797617 -0.582401
vn -0.107314 -0.817259 -0.566190
vn -0.215985 -0.782809 -0.583575
vn -0.004347 -0.890348 -0.455259
vn -0.080001 -0.883856 -0.460866
vn -0.661564 -0.029403 -0.749312
vn -0.244668 -0.839782 -0.484668
vn -0.386218 -0.886388 -0.255250
vn -0.111615 -0.980933 -0.159097
vn -0.379963 -0.883252 -0.274762
vn -0.322317 -0.883739 -0.339289
vn 0.064087 -0.990062 -0.125180
vn -0.107588 -0.944435 -0.310592
vn -0.455913 -0.850184 -0.263307
vn 0.461720 -0.831988 -0.307587
vn 0.199764 -0.945756 -0.256203
vn -0.364492 -0.917943 -0.156609
vn -0.226680 -0.973910 -0.010753
vn -0.089558 -0.986274 0.138722
vn 0.019608 -0.983869 0.177811
vn 0.118656 -0.979669 -0.161771
vn 0.250106 -0.939324 -0.234771
vn -0.468337 -0.846595 -0.252857
vn -0.141082 -0.940143 -0.310204
vn 0.378817 -0.856560 -0.350431
vn 0.104877 -0.962313 -0.250908
vn 0.442117 -0.763453 -0.470820
vn 0.167832 -0.603073 -0.779830
vn 0.605755 -0.648342 -0.461208
vn -0.157152 -0.899966 -0.406651
vn -0.106892 -0.880861 -0.461149
vn -0.227304 -0.838998 -0.494383
vn -0.134467 -0.865674 -0.482212
vn -0.608314 -0.615599 -0.500991
vn -0.714586 -0.604164 -0.352636
vn -0.572035 -0.745048 -0.343044
vn 0.018864 -0.911404 -0.411080
vn -0.524844 -0.783196 -0.333382
vn -0.354389 -0.811559 -0.464521
vn -0.247621 -0.888417 -0.386522
vn 0.273194 -0.892756 -0.358263
vn 0.527266 -0.777410 -0.342964
vn -0.043166 -0.964687 -0.259838
vn -0.637468 -0.693117 -0.336487
vn -0.385249 -0.858321 -0.338921
vn -0.641935 -0.684220 -0.346068
vn 0.609699 -0.720938 -0.329418
vn 0.664350 -0.673077 -0.324972
vn 0.321635 -0.840394 -0.436220
vn -0.472416 -0.629704 -0.616681
vn -0.001933 -0.746286 -0.665622
vn -0.018700 -0.941708 -0.335912
vn 0.055605 -0.922188 -0.382723
vn 0.559686 -0.743295 -0.366421
vn -0.605453 -0.724727 -0.328934
vn -0.566218 -0.747693 -0.346918
vn -0.230691 -0.880275 -0.414605
vn -0.237142 -0.864053 -0.444044
vn 0.532822 -0.642888 -0.550269
vn 0.469729 -0.651878 -0.595323
vn 0.242004 -0.780033 -0.577047
vn 0.456802 -0.719253 -0.523458
vn -0.077410 -0.841243 -0.535087
vn -0.679782 -0.653711 -0.332504
vn -0.352518 -0.863235 -0.361327
vn 0.336292 -0.894754 -0.293810
vn -0.211292 -0.951148 -0.225105
vn -0.048306 -0.988297 -0.144694
vn -0.007986 -0.998167 0.059988
vn 0.003744 -0.990217 0.139486
vn -0.010935 -0.972209 0.233857
vn 0.193060 -0.941652 0.275715
vn 0.284368 -0.940387 0.186566
vn 0.449603 -0.872197 0.192693
vn 0.390511 -0.884527 0.255171
vn 0.310330 -0.947443 0.077761
vn 0.584135 -0.809575 0.058099
vn 0.728644 -0.683584 0.042323
vn 0.567910 -0.790941 0.227793
vn 0.751922 -0.658675 0.027603
vn 0.852231 -0.521634 -0.039997
vn 0.950942 -0.307875 -0.030385
vn 0.909266 -0.413710 -0.045594
vn 0.894343 -0.439686 -0.082624
vn 0.780093 -0.610679 0.136109
vn 0.955035 -0.118827 -0.271641
vn 0.565086 -0.822785 0.060854
vn 0.831067 -0.544157 -0.114979
vn 0.772655 -0.617101 -0.148965
vn 0.701872 -0.709046 0.068031
vn 0.846813 -0.512809 -0.141191
vn 0.231940 -0.972665 -0.011246
vn 0.800741 -0.467515 -0.374492
vn 0.910773 0.106574 -0.398916
vn 0.540654 -0.838180 -0.071739
vn 0.519876 -0.849756 -0.087427
vn 0.522790 -0.836402 -0.164690
vn 0.343565 -0.919210 -0.192393
vn 0.551087 -0.721425 -0.419343
vn 0.544481 -0.814450 -0.200529
vn 0.556322 -0.806018 -0.202090
vn 0.704309 -0.653588 -0.277078
vn 0.641979 -0.706255 -0.298440
vn 0.716121 -0.668854 -0.199511
vn 0.839806 -0.534406 -0.095581
vn 0.901161 -0.411354 -0.136734
vn 0.834004 -0.548746 0.057570
vn 0.872858 -0.486694 -0.035334
vn 0.927006 -0.265637 -0.264757
vn 0.879214 -0.442073 -0.177636
vn 0.548750 -0.791044 -0.270413
vn 0.763622 -0.587783 -0.267194
vn 0.682281 -0.691949 -0.236005
vn -0.024056 -0.979400 -0.200491
vn 0.732377 -0.596750 -0.327892
vn 0.301089 -0.940820 -0.155576
vn 0.432785 -0.899945 -0.052873
vn 0.303662 -0.952754 -0.006959
vn 0.450845 -0.889355 0.076063
vn 0.536820 -0.837679 0.100588
vn 0.173214 -0.983860 0.044912
vn 0.387626 -0.921599 -0.020042
vn 0.248498 -0.963744 0.097193
vn 0.003790 -0.998572 0.053283
vn 0.104662 -0.979726 0.170830
vn 0.262842 -0.963880 -0.042998
vn 0.342103 -0.925196 -0.164249
vn -0.088236 -0.965583 -0.244670
vn 0.000642 -0.991076 -0.133297
vn 0.093469 -0.991796 -0.087204
vn 0.567962 -0.805552 -0.168835
vn 0.311205 -0.933616 -0.177518
vn 0.175651 -0.980102 -0.092450
vn 0.625468 -0.725439 -0.287276
vn 0.650029 -0.682421 -0.334310
vn -0.003050 -0.990388 -0.138284
vn 0.374722 -0.918714 -0.124693
vn 0.684474 -0.682884 -0.255275
vn 0.204330 -0.923085 -0.325826
vn -0.146215 -0.950720 -0.273409
vn 0.734431 -0.558645 -0.385393
vn 0.932487 -0.213148 -0.291611
vn 0.096976 -0.953161 -0.286495
vn 0.869090 -0.223155 -0.441456
vn -0.309334 -0.920659 -0.238116
vn 0.968549 -0.136597 -0.207977
vn 0.572790 -0.694540 -0.435345
vn 0.605026 -0.738029 -0.298756
vn 0.526925 -0.843544 -0.103847
vn 0.844662 0.320736 -0.428572
vn 0.140178 -0.984854 -0.102040
vn 0.257587 -0.891116 -0.373580
vn 0.213319 -0.949153 -0.231523
vn 0.617291 -0.571251 -0.540948
vn -0.343759 -0.879949 -0.327902
vn -0.323965 -0.937243 -0.128929
vn -0.205477 -0.946422 -0.249129
vn 0.069513 -0.898262 -0.433928
vn -0.345762 -0.904078 -0.251180
vn 0.876577 -0.203892 -0.435937
vn 0.305978 -0.784345 -0.539612
vn -0.235285 -0.702345 -0.671828
vn -0.480905 -0.813289 -0.327554
vn -0.275123 -0.888725 -0.366708
vn -0.504279 -0.740392 -0.444435
vn 0.116400 -0.833615 -0.539941
vn 0.100143 -0.334791 -0.936956
vn 0.310164 -0.812099 -0.494260
vn -0.022637 -0.933387 -0.358156
vn 0.317435 -0.816232 -0.482702
vn -0.024097 -0.866828 -0.498025
vn -0.094653 -0.863192 -0.495925
vn -0.408480 -0.840219 -0.356618
vn -0.392373 -0.816931 -0.422690
vn 0.283702 -0.641713 -0.712543
vn 0.301200 -0.714123 -0.631907
vn 0.085367 -0.767115 -0.635804
vn 0.144096 -0.806392 -0.573557
vn 0.045087 -0.725839 -0.686385
vn 0.612114 -0.667019 -0.424739
vn 0.545703 -0.774643 -0.319588
vn 0.633968 -0.701738 -0.325036
vn 0.436758 -0.824217 -0.360427
vn 0.164426 -0.928954 -0.331675
vn 0.123901 -0.935540 -0.330777
vn 0.120735 -0.974941 -0.186852
vn 0.245386 -0.964138 -0.101116
vn -0.529450 -0.822459 -0.207949
vn 0.181843 -0.862706 -0.471880
vn 0.346430 -0.781285 -0.519211
vn -0.402417 0.880536 0.250433
vn 0.635768 0.539197 0.552327
vn -0.644813 0.533008 0.547830
vn -0.473060 0.349890 0.808574
vn -0.825150 -0.564846 -0.008810
vn -0.013060 -0.571292 0.820643
vn 0.533069 -0.833894 -0.143028
vn 0.987562 0.055118 0.147254
vn 0.577302 0.792284 -0.197504
vn 0.793634 0.594124 -0.131004
vn 0.521939 0.810457 -0.265969
vn 0.613903 0.752663 -0.237954
vn 0.687122 0.707838 -0.163797
vn 0.700331 0.658496 -0.275535
vn 0.553774 0.737494 -0.386572
vn 0.534609 0.787883 -0.305669
vn 0.890112 0.414622 -0.189183
vn 0.735140 0.657939 -0.163357
vn 0.906682 0.399073 -0.136637
vn 0.667895 0.730114 -0.144396
vn 0.601374 0.693745 -0.396318
vn 0.845152 0.505933 -0.172482
vn 0.715343 0.605474 -0.348835
vn 0.746370 0.600208 -0.287546
vn 0.594413 0.698600 -0.398286
vn 0.804957 0.458168 -0.376997
vn 0.782018 0.419697 -0.460762
vn 0.723040 0.588256 -0.362172
vn 0.711521 0.568470 -0.413014
vn 0.601914 0.675028 -0.426657
vn 0.827002 0.534370 -0.174689
vn 0.521221 0.784647 -0.335646
vn 0.887137 0.440321 -0.138223
vn 0.921904 0.382014 -0.064482
vn 0.763754 0.642096 -0.066279
vn 0.845127 0.172880 -0.505839
vn 0.540721 -0.077170 -0.837655
vn 0.737865 0.599329 -0.310419
vn 0.656727 0.736770 -0.160873
vn 0.655989 0.712700 -0.248469
vn 0.768061 0.629782 -0.116005
vn 0.915618 0.383444 0.120892
vn 0.857072 0.489736 -0.159953
vn 0.936232 0.329709 -0.121501
vn 0.997164 0.056174 -0.050085
vn 0.952857 0.267953 -0.142355
vn 0.776496 0.623107 -0.093765
vn 0.771023 0.604942 -0.198921
vn 0.747110 0.600569 -0.284858
vn 0.903405 0.389195 -0.179960
vn 0.963485 0.264451 -0.041979
vn 0.909435 0.399072 -0.116917
vn 0.967429 0.250120 -0.039002
vn 0.958880 0.274298 -0.072864
vn 0.841672 0.529250 -0.107157
vn 0.856102 0.507198 -0.099195
vn 0.882692 0.456205 -0.112835
vn 0.884661 0.462917 -0.055530
vn 0.983322 0.172988 0.056156
vn 0.990876 0.121627 0.058059
vn 0.950192 0.299453 -0.086387
vn 0.956236 0.285993 -0.061807
vn 0.975180 0.217065 -0.043670
vn 0.999738 0.016037 -0.016347
vn 0.860463 -0.491390 0.134682
vn 0.852553 0.498860 -0.155859
vn 0.860048 0.490503 -0.140444
vn 0.801545 0.578560 -0.150975
vn 0.876929 0.458666 -0.143600
vn 0.648050 0.723714 -0.237213
vn 0.700539 0.644786 -0.305771
vn 0.598012 0.754283 -0.270995
vn 0.940046 0.318210 0.122702
vn 0.954402 0.052536 0.293865
vn 0.888073 0.443114 0.122379
vn -0.859764 -0.389202 0.330647
vn -0.476162 0.805014 -0.353867
vn -0.138741 -0.981525 -0.131756
vn -0.871551 0.473781 0.126220
vn 0.388700 0.699126 -0.600113
vn -0.384388 0.893561 -0.231938
vn -0.829886 0.517694 0.208043
vn -0.569622 -0.634559 0.522366
vn 0.392607 -0.911708 -0.121028
vn 0.769297 -0.420757 -0.480776
vn 0.408381 0.638113 -0.652714
vn 0.700580 0.020684 -0.713274
vn 0.373272 0.441926 -0.815702
vn 0.174929 0.297820 -0.938458
vn -0.396173 0.679415 -0.617611
vn -0.659402 0.716335 0.228152
vn -0.736575 0.218999 0.639919
vn -0.387510 -0.066230 0.919483
vn -0.515734 -0.317248 0.795847
vn 0.043663 -0.692254 0.720331
vn 0.341481 -0.927402 0.152696
vn 0.301344 -0.706359 -0.640507
vn -0.189559 0.049841 -0.980604
vn -0.536103 0.678985 -0.501570
vn -0.556156 0.183619 -0.810540
vn -0.466946 -0.403233 -0.786997
vn 0.178323 -0.833793 -0.522484
vn 0.461191 -0.886340 0.041293
vn 0.329532 -0.802830 0.496863
vn 0.137033 -0.422133 0.896117
vn -0.155083 0.336927 0.928671
vn -0.490594 0.720456 0.490163
vn -0.504437 0.862657 0.036970
vn -0.715678 0.465941 -0.520293
vn -0.792314 -0.077400 -0.605185
vn -0.861580 0.473611 -0.182683
vn -0.926390 -0.335356 -0.171284
vn -0.504417 -0.863328 0.015127
vn 0.077917 -0.902289 0.424032
vn -0.492061 -0.640924 0.589145
vn -0.690048 -0.284613 0.665454
vn 0.587281 -0.745083 0.316153
vn 0.656202 -0.648978 0.385002
vn 0.492932 -0.316045 0.810638
vn 0.792818 -0.174478 0.583950
vn 0.595702 0.270888 0.756148
vn -0.820314 0.113488 0.560540
vn -0.915235 -0.229471 0.331192
vn -0.651749 -0.402516 0.642809
vn -0.205641 -0.838315 0.504916
vn -0.536125 -0.630721 -0.561036
vn 0.313574 -0.939512 -0.137800
vn -0.990168 0.120440 -0.071144
vn -0.515725 -0.456154 -0.725225
vn 0.476577 -0.795125 -0.375034
vn -0.536174 0.007729 -0.844072
vn -0.700400 0.708132 -0.089382
vn -0.789838 0.444507 0.422574
vn -0.714465 -0.003570 0.699662
vn -0.331129 0.730202 0.597627
vn -0.273428 0.821337 0.500642
vn -0.167079 0.868061 0.467497
vn -0.270295 0.864938 0.422874
vn -0.087373 0.875400 0.475438
vn -0.002441 0.895243 0.445572
vn 0.318372 0.683400 0.656966
vn 0.084256 0.900171 0.427309
vn -0.319799 0.879707 0.351916
vn -0.205305 0.860245 0.466722
vn -0.276036 0.894668 0.351246
vn -0.554475 0.813470 0.175569
vn -0.725946 0.684716 0.064547
vn -0.637273 0.722074 0.269242
vn -0.387332 0.854987 0.344921
vn -0.504818 0.852126 0.137987
vn 0.264855 0.829379 0.491916
vn 0.722175 0.472614 0.505073
vn 0.601949 0.271095 0.751109
vn 0.302788 0.054711 0.951486
vn 0.095623 0.458990 0.883281
vn -0.302653 0.801930 0.515083
vn -0.175446 0.945190 0.275383
vn 0.299832 0.825464 0.478237
vn -0.063267 0.996781 0.049243
vn -0.994188 0.099562 0.040948
vn -0.904314 -0.419307 0.079983
vn -0.972552 -0.229241 0.039886
vn -0.834853 -0.534314 -0.132394
vn -0.449543 -0.887724 -0.099284
vn -0.784817 -0.608519 0.117329
vn -0.742353 -0.654043 0.145396
vn -0.526130 -0.816211 0.238720
vn -0.593795 -0.793501 0.133278
vn -0.173789 -0.979441 0.102432
vn -0.047384 -0.983681 0.173569
vn -0.142173 -0.792138 0.593552
vn 0.170078 -0.671210 0.721492
vn 0.380220 -0.842656 0.381265
vn 0.648566 -0.728057 0.222025
vn 0.582967 -0.707724 0.399095
vn 0.588890 -0.275146 0.759936
vn 0.691486 -0.001640 0.722388
vn 0.518111 0.202321 0.831040
vn 0.155028 0.303362 0.940180
vn -0.127335 0.074120 0.989086
vn -0.541005 0.694232 0.474717
vn -0.157735 0.759120 0.631550
vn 0.161087 0.834680 0.526650
vn -0.574007 0.802736 0.161654
vn -0.707269 0.586792 0.394267
vn -0.174523 -0.339229 0.924373
vn 0.426646 -0.898548 0.102879
vn -0.585945 -0.318187 0.745269
vn -0.344508 -0.899320 0.269326
vn 0.375588 -0.765537 -0.522386
vn -0.097704 0.134107 -0.986139
vn -0.770062 -0.504495 -0.390498
vn -0.850332 0.525053 -0.035421
vn -0.464063 0.602378 -0.649451
vn -0.786151 0.510237 -0.348748
vn 0.693545 0.515005 0.503751
vn 0.694206 0.515031 0.502813
vn 0.812463 0.181659 0.553989
vn 0.830984 -0.117228 0.543804
vn 0.757295 -0.421976 0.498438
vn 0.395834 0.315978 0.862249
vn -0.013747 0.343747 0.938962
vn -0.432255 -0.802686 0.410914
vn 0.205486 -0.784960 0.584476
vn -0.042384 -0.950624 0.307437
vn -0.039107 -0.973077 0.227139
vn 0.039198 -0.997932 0.050939
vn -0.124358 -0.979097 0.160950
vn -0.002494 -0.941676 0.336512
vn 0.269785 -0.955895 0.116110
vn 0.166853 -0.985209 0.039039
vn 0.494218 -0.840960 0.220305
vn 0.553075 -0.681238 0.479607
vn 0.106116 -0.985348 0.133526
vn 0.508516 -0.857404 0.079179
vn -0.398965 -0.731393 -0.553074
vn -0.867034 -0.296983 -0.400066
vn -0.920162 0.125515 -0.370874
vn -0.374091 0.807356 0.456325
vn -0.415616 0.669145 0.616042
vn -0.935225 0.309285 -0.172329
vn -0.528100 -0.182979 -0.829234
vn 0.085940 -0.896467 -0.434697
vn 0.448489 -0.345598 0.824269
vn 0.056016 0.585631 0.808640
vn -0.045353 0.879058 0.474552
vn 0.418905 0.535395 0.733397
vn 0.450949 0.681131 0.576807
vn 0.390075 0.783746 0.483305
vn 0.354802 0.803504 0.478014
vn 0.345995 0.814324 0.466008
vn 0.503744 0.710080 0.491964
vn 0.528110 0.725233 0.441743
vn 0.711426 0.459238 0.531953
vn 0.798125 0.507439 0.324811
vn 0.677982 0.597698 0.427898
vn 0.734621 0.273249 0.621021
vn 0.549386 0.010177 0.835507
vn 0.676140 -0.035122 0.735935
vn 0.826904 0.024760 0.561798
vn 0.926279 0.187999 0.326594
vn 0.832178 0.466477 0.299798
vn 0.975250 0.204632 0.083748
vn 0.911635 -0.352779 -0.210877
vn 0.841889 -0.444331 -0.306255
vn 0.700262 -0.658684 -0.275260
vn 0.326704 -0.919001 -0.220686
vn 0.104311 -0.989234 -0.102645
vn -0.080134 -0.984459 -0.156264
vn -0.126567 -0.988809 0.078979
vn 0.111328 -0.993449 0.025787
vn -0.087948 -0.994837 -0.050636
vn -0.336783 -0.939782 -0.058202
vn -0.072931 -0.992754 -0.095498
vn 0.055710 -0.995386 -0.078120
vn 0.139948 -0.987159 -0.077018
vn 0.092380 -0.995723 -0.001024
vn 0.164006 -0.986332 -0.015859
vn 0.464032 -0.843715 0.269849
vn 0.462918 -0.881847 -0.089736
vn 0.307834 -0.950460 -0.043180
vn 0.435287 -0.897155 -0.075082
vn 0.890747 -0.452469 -0.042916
vn 0.989205 -0.137348 0.051073
vn 0.983120 -0.080148 0.164474
vn 0.811382 -0.511832 0.282291
vn 0.687248 -0.654172 0.315831
vn 0.858021 -0.196070 0.474716
vn 0.943570 -0.176338 0.280324
vn 0.816075 -0.220232 0.534341
vn 0.797750 0.323534 0.508842
vn 0.833331 -0.523583 0.177259
vn 0.516553 -0.856255 0.000200
vn 0.742062 -0.175629 0.646914
vn 0.407340 0.550643 0.728606
vn 0.942581 -0.333977 -0.000378
vn 0.966084 -0.257629 0.017594
vn 0.865071 -0.453962 0.213472
vn 0.919732 -0.383386 0.084311
vn 0.927422 -0.342774 0.149648
vn 0.772490 -0.501057 0.390130
vn 0.665440 -0.541838 0.513421
vn 0.906434 -0.386795 0.169609
vn 0.951026 -0.308684 -0.016217
vn 0.955238 -0.288397 0.065933
vn 0.973479 -0.211643 -0.086862
vn 0.986480 0.102343 -0.127996
vn 0.977250 -0.130225 -0.167403
vn 0.906804 -0.298498 0.297667
vn 0.984721 0.051069 0.166483
vn 0.636129 -0.346173 0.689568
vn 0.438791 -0.487436 0.754896
vn 0.579413 -0.524782 0.623606
vn 0.957474 -0.097031 -0.271714
vn 0.691916 0.346717 -0.633277
vn 0.842380 0.062303 -0.535270
vn 0.879075 0.042875 0.474751
vn 0.938158 0.264967 -0.222830
vn 0.942881 0.103470 -0.316655
vn 0.924490 0.177544 -0.337336
vn 0.898202 0.152336 -0.412344
vn 0.892273 -0.042256 -0.449514
vn 0.872558 -0.196684 -0.447166
vn 0.588947 0.597771 0.543885
vn 0.518637 0.593801 0.615156
vn 0.747131 -0.235949 -0.621389
vn 0.801446 -0.209693 -0.560101
vn 0.641099 0.550492 0.534744
vn 0.927512 0.310460 0.208174
vn 0.961162 -0.091563 -0.260354
vn 0.864848 -0.110567 -0.489708
vn 0.850423 -0.053845 -0.523336
vn 0.800807 -0.112515 -0.588259
vn 0.722037 -0.174933 -0.669373
vn 0.798439 -0.200870 -0.567579
vn 0.896971 0.078241 -0.435112
vn 0.847564 0.110008 -0.519167
vn 0.865037 0.086592 -0.494178
vn 0.911604 0.044248 -0.408681
vn 0.952419 -0.106433 -0.285606
vn 0.941202 0.088791 -0.325967
vn 0.825066 0.195143 -0.530269
vn 0.887079 0.079667 -0.454691
vn 0.183166 0.477268 -0.859456
vn -0.285570 0.435205 -0.853842
vn -0.174908 -0.476987 -0.861331
vn 0.335860 0.362762 -0.869254
vn 0.112598 0.659930 -0.742842
vn -0.065818 0.439957 -0.895604
vn 0.506946 0.428314 -0.748032
vn 0.582936 0.119333 -0.803707
vn -0.088586 0.411028 -0.907308
vn -0.294857 -0.008261 -0.955506
vn 0.322043 -0.608954 -0.724889
vn -0.120359 -0.352437 -0.928063
vn -0.395853 -0.489823 -0.776772
vn 0.439588 -0.874079 0.206756
vn 0.742306 0.318749 -0.589390
vn 0.637121 0.396073 -0.661214
vn 0.588580 0.340430 -0.733268
vn 0.863650 -0.015493 -0.503854
vn 0.887051 -0.460903 -0.026617
vn 0.821295 -0.000124 -0.570503
vn 0.485692 -0.814396 -0.317587
vn 0.006432 -0.478231 -0.878211
vn 0.812188 -0.042805 -0.581823
vn 0.948361 -0.114882 -0.295656
vn 0.893032 -0.004511 -0.449970
vn 0.859971 0.127230 -0.494229
vn 0.884065 -0.182199 -0.430386
vn 0.950259 -0.290737 -0.111716
vn 0.527473 0.031743 -0.848978
vn 0.843012 0.205571 -0.497063
vn 0.613335 0.182031 -0.768560
vn -0.326240 0.011210 -0.945220
f 1//1 2//2 3//3
f 1//1 3//3 4//4
f 4//4 3//3 5//5
f 5//5 3//3 6//6
f 6//6 3//3 7//7
f 7//7 3//3 2//2
f 7//7 2//2 8//8
f 7//7 8//8 9//9
f 7//7 9//9 10//10
f 7//7 10//10 11//11
f 7//7 11//11 6//6
f 6//6 11//11 12//12
f 6//6 12//12 13//13
f 6//6 13//13 5//5
f 5//5 13//13 14//14
f 5//5 14//14 4//4
f 4//4 14//14 15//15
f 4//4 15//15 16//16
f 4//4 16//16 1//1
f 1//1 16//16 17//17
f 1//1 17//17 2//2
f 17//17 16//16 18//18
f 18//18 16//16 19//19
f 19//19 16//16 15//15
f 19//19 15//15 20//20
f 20//20 15//15 21//21
f 21//21 15//15 14//14
f 21//21 14//14 22//22
f 21//21 22//22 23//23
f 21//21 23//23 20//20
f 20//20 23//23 24//24
f 20//20 24//24 25//25
f 24//24 23//23 26//26
f 24//24 26//26 25//25
f 25//25 26//26 27//27
f 25//25 27//27 28//28
f 28//28 27//27 29//29
f 25//25 28//28 30//30
f 25//25 30//30 31//31
f 25//25 31//31 20//20
f 31//31 30//30 32//32
f 32//32 30//30 28//28
f 32//32 28//28 33//33
f 32//32 33//33 34//34
f 32//32 34//34 31//31
f 34//34 33//33 35//35
f 35//35 33//33 28//28
f 35//35 28//28 29//29
f 35//35 29//29 36//36
f 36//36 29//29 37//37
f 37//37 29//29 27//27
f 37//37 27//27 38//38
f 38//38 27//27 26//26
f 38//38 26//26 39//39
f 39//39 26//26 23//23
f 39//39 23//23 40//40
f 40//40 23//23 22//22
f 39//39 40//40 41//41
f 39//39 41//41 38//38
f 38//38 41//41 42//42
f 42//42 41//41 40//40
f 38//38 42//42 43//43
f 43//43 42//42 44//44
f 44//44 42//42 45//45
f 45//45 42//42 40//40
f 45//45 40//40 46//46
f 46//46 40//40 47//47
f 47//47 40//40 22//22
f 46//46 47//47 48//48
f 48//48 47//47 22//22
f 46//46 48//48 49//49
f 46//46 49//49 50//50
f 46//46 50//50 45//45
f 45//45 50//50 51//51
f 45//45 51//51 44//44
f 44//44 51//51 52//52
f 44//44 52//52 43//43
f 43//43 52//52 53//53
f 43//43 53//53 38//38
f 38//38 53//53 54//54
f 38//38 54//54 37//37
f 54//54 53//53 55//55
f 55//55 53//53 52//52
f 54//54 55//55 56//56
f 55//55 52//52 57//57
f 55//55 57//57 56//56
f 57//57 52//52 58//58
f 58//58 52//52 59//59
f 59//59 52//52 51//51
f 59//59 51//51 58//58
f 58//58 51//51 60//60
f 60//60 51//51 61//61
f 61//61 51//51 62//62
f 62//62 51//51 50//50
f 62//62 50//50 63//63
f 63//63 50//50 49//49
f 63//63 49//49 64//64
f 64//64 49//49 48//48
f 64//64 48//48 22//22
f 64//64 22//22 65//65
f 65//65 22//22 14//14
f 65//65 14//14 13//13
f 65//65 13//13 66//66
f 66//66 13//13 67//67
f 67//67 13//13 12//12
f 66//66 67//67 68//68
f 67//67 12//12 69//69
f 69//69 12//12 70//70
f 70//70 12//12 11//11
f 70//70 11//11 71//71
f 71//71 11//11 10//10
f 71//71 10//10 72//72
f 72//72 10//10 9//9
f 72//72 9//9 73//73
f 73//73 9//9 8//8
f 73//73 8//8 74//74
f 73//73 74//74 75//75
f 73//73 75//75 76//76
f 73//73 76//76 77//77
f 73//73 77//77 78//78
f 73//73 78//78 72//72
f 78//78 77//77 79//79
f 79//79 77//77 76//76
f 78//78 79//79 80//80
f 80//80 79//79 81//81
f 81//81 79//79 82//82
f 82//82 79//79 76//76
f 82//82 76//76 83//83
f 83//83 76//76 75//75
f 83//83 75//75 84//84
f 84//84 75//75 74//74
f 84//84 74//74 85//85
f 85//85 74//74 8//8
f 85//85 8//8 86//86
f 86//86 8//8 2//2
f 86//86 2//2 87//87
f 87//87 2//2 17//17
f 87//87 17//17 18//18
f 87//87 18//18 88//88
f 88//88 18//18 19//19
f 88//88 19//19 89//89
f 89//89 19//19 20//20
f 89//89 20//20 31//31
f 89//89 31//31 90//90
f 89//89 90//90 91//91
f 89//89 91//91 88//88
f 88//88 91//91 92//92
f 88//88 92//92 93//93
f 88//88 93//93 87//87
f 87//87 93//93 94//94
f 94//94 93//93 95//95
f 95//95 93//93 92//92
f 95//95 92//92 96//96
f 96//96 92//92 91//91
f 96//96 91//91 97//97
f 97//97 91//91 90//90
f 96//96 97//97 98//98
f 96//96 98//98 95//95
f 98//98 97//97 99//99
f 99//99 97//97 100//100
f 98//98 99//99 101//101
f 101//101 99//99 100//100
f 98//98 101//101 102//102
f 98//98 102//102 103//103
f 98//98 103//103 95//95
f 95//95 103//103 104//104
f 95//95 104//104 94//94
f 94//94 104//104 105//105
f 94//94 105//105 87//87
f 87//87 105//105 106//106
f 87//87 106//106 86//86
f 86//86 106//106 107//107
f 86//86 107//107 85//85
f 107//107 106//106 108//108
f 108//108 106//106 105//105
f 108//108 105//105 109//109
f 109//109 105//105 104//104
f 109//109 104//104 103//103
f 109//109 103//103 110//110
f 110//110 103//103 111//111
f 111//111 103//103 102//102
f 111//111 102//102 112//112
f 112//112 102//102 101//101
f 112//112 101//101 113//113
f 113//113 101//101 114//114
f 114//114 101//101 100//100
f 114//114 100//100 115//115
f 115//115 100//100 97//97
f 115//115 97//97 90//90
f 115//115 90//90 116//116
f 116//116 90//90 31//31
f 116//116 31//31 34//34
f 116//116 34//34 117//117
f 117//117 34//34 118//118
f 118//118 34//34 35//35
f 118//118 35//35 119//119
f 119//119 35//35 120//120
f 120//120 35//35 36//36
f 119//119 120//120 121//121
f 121//121 120//120 122//122
f 122//122 120//120 36//36
f 121//121 122//122 123//123
f 121//121 123//123 119//119
f 119//119 123//123 124//124
f 119//119 124//124 125//125
f 119//119 125//125 118//118
f 118//118 125//125 126//126
f 118//118 126//126 117//117
f 117//117 126//126 127//127
f 127//127 126//126 125//125
f 117//117 127//127 116//116
f 116//116 127//127 128//128
f 116//116 128//128 115//115
f 115//115 128//128 129//129
f 115//115 129//129 130//130
f 115//115 130//130 114//114
f 114//114 130//130 131//131
f 114//114 131//131 132//132
f 114//114 132//132 113//113
f 113//113 132//132 133//133
f 113//113 133//133 112//112
f 112//112 133//133 134//134
f 112//112 134//134 111//111
f 134//134 133//133 135//135
f 135//135 133//133 136//136
f 136//136 133//133 132//132
f 136//136 132//132 137//137
f 137//137 132//132 138//138
f 138//138 132//132 131//131
f 138//138 131//131 139//139
f 139//139 131//131 140//140
f 140//140 131//131 130//130
f 140//140 130//130 141//141
f 141//141 130//130 129//129
f 141//141 129//129 142//142
f 142//142 129//129 143//143
f 143//143 129//129 128//128
f 143//143 128//128 144//144
f 144//144 128//128 127//127
f 144//144 127//127 145//145
f 144//144 145//145 143//143
f 145//145 127//127 146//146
f 146//146 127//127 125//125
f 146//146 125//125 147//147
f 147//147 125//125 124//124
f 147//147 124//124 123//123
f 147//147 123//123 148//148
f 148//148 123//123 149//149
f 149//149 123//123 150//150
f 150//150 123//123 122//122
f 150//150 122//122 151//151
f 151//151 122//122 36//36
f 151//151 36//36 152//152
f 152//152 36//36 37//37
f 152//152 37//37 153//153
f 152//152 153//153 151//151
f 153//153 37//37 154//154
f 154//154 37//37 54//54
f 154//154 54//54 155//155
f 155//155 54//54 56//56
f 155//155 56//56 156//156
f 156//156 56//56 57//57
f 155//155 156//156 157//157
f 155//155 157//157 154//154
f 154//154 157//157 158//158
f 154//154 158//158 153//153
f 153//153 158//158 151//151
f 151//151 158//158 159//159
f 151//151 159//159 150//150
f 150//150 159//159 160//160
f 160//160 159//159 158//158
f 150//150 160//160 149//149
f 160//160 158//158 161//161
f 161//161 158//158 157//157
f 161//161 157//157 162//162
f 162//162 157//157 156//156
f 162//162 156//156 163//163
f 162//162 163//163 164//164
f 162//162 164//164 165//165
f 162//162 165//165 161//161
f 161//161 165//165 166//166
f 161//161 166//166 160//160
f 160//160 166//166 165//165
f 160//160 165//165 167//167
f 167//167 165//165 164//164
f 160//160 167//167 149//149
f 149//149 167//167 148//148
f 148//148 167//167 168//168
f 148//148 168//168 169//169
f 148//148 169//169 147//147
f 147//147 169//169 170//170
f 147//147 170//170 146//146
f 170//170 169//169 171//171
f 170//170 171//171 146//146
f 146//146 171//171 172//172
f 146//146 172//172 173//173
f 146//146 173//173 145//145
f 145//145 173//173 143//143
f 143//143 173//173 174//174
f 143//143 174//174 142//142
f 142//142 174//174 175//175
f 142//142 175//175 141//141
f 141//141 175//175 176//176
f 141//141 176//176 177//177
f 141//141 177//177 140//140
f 140//140 177//177 178//178
f 140//140 178//178 139//139
f 178//178 177//177 179//179
f 179//179 177//177 176//176
f 179//179 176//176 180//180
f 180//180 176//176 181//181
f 181//181 176//176 175//175
f 180//180 181//181 182//182
f 180//180 182//182 179//179
f 182//182 181//181 183//183
f 183//183 181//181 175//175
f 183//183 175//175 184//184
f 184//184 175//175 174//174
f 184//184 174//174 185//185
f 185//185 174//174 173//173
f 184//184 185//185 186//186
f 186//186 185//185 173//173
f 186//186 173//173 187//187
f 187//187 173//173 172//172
f 187//187 172//172 188//188
f 188//188 172//172 171//171
f 187//187 188//188 189//189
f 187//187 189//189 186//186
f 189//189 188//188 190//190
f 189//189 190//190 191//191
f 189//189 191//191 192//192
f 189//189 192//192 186//186
f 186//186 192//192 193//193
f 186//186 193//193 184//184
f 193//193 192//192 194//194
f 184//184 193//193 195//195
f 184//184 195//195 196//196
f 184//184 196//196 183//183
f 196//196 195//195 197//197
f 197//197 195//195 193//193
f 197//197 193//193 194//194
f 197//197 194//194 198//198
f 198//198 194//194 199//199
f 199//199 194//194 192//192
f 199//199 192//192 200//200
f 200//200 192//192 191//191
f 200//200 191//191 190//190
f 200//200 190//190 201//201
f 201//201 190//190 202//202
f 202//202 190//190 188//188
f 201//201 202//202 203//203
f 203//203 202//202 188//188
f 201//201 203//203 204//204
f 201//201 204//204 200//200
f 200//200 204//204 205//205
f 200//200 205//205 206//206
f 200//200 206//206 199//199
f 199//199 206//206 207//207
f 199//199 207//207 198//198
f 198//198 207//207 208//208
f 198//198 208//208 209//209
f 198//198 209//209 197//197
f 197//197 209//209 210//210
f 197//197 210//210 196//196
f 210//210 209//209 211//211
f 211//211 209//209 208//208
f 210//210 211//211 212//212
f 210//210 212//212 196//196
f 196//196 212//212 183//183
f 183//183 212//212 182//182
f 182//182 212//212 213//213
f 182//182 213//213 214//214
f 182//182 214//214 179//179
f 179//179 214//214 178//178
f 178//178 214//214 215//215
f 178//178 215//215 139//139
f 139//139 215//215 138//138
f 138//138 215//215 216//216
f 138//138 216//216 217//217
f 138//138 217//217 137//137
f 137//137 217//217 218//218
f 218//218 217//217 216//216
f 137//137 218//218 219//219
f 137//137 219//219 136//136
f 136//136 219//219 220//220
f 136//136 220//220 135//135
f 135//135 220//220 221//221
f 135//135 221//221 134//134
f 134//134 221//221 222//222
f 134//134 222//222 111//111
f 111//111 222//222 223//223
f 111//111 223//223 224//224
f 111//111 224//224 110//110
f 110//110 224//224 225//225
f 110//110 225//225 109//109
f 109//109 225//225 226//226
f 109//109 226//226 108//108
f 108//108 226//226 227//227
f 108//108 227//227 107//107
f 227//227 226//226 228//228
f 228//228 226//226 225//225
f 228//228 225//225 229//229
f 229//229 225//225 224//224
f 228//228 229//229 230//230
f 229//229 224//224 231//231
f 231//231 224//224 232//232
f 232//232 224//224 223//223
f 232//232 223//223 233//233
f 233//233 223//223 234//234
f 234//234 223//223 222//222
f 234//234 222//222 235//235
f 235//235 222//222 221//221
f 235//235 221//221 236//236
f 236//236 221//221 220//220
f 235//235 236//236 237//237
f 235//235 237//237 238//238
f 235//235 238//238 234//234
f 234//234 238//238 233//233
f 233//233 238//238 239//239
f 233//233 239//239 240//240
f 233//233 240//240 232//232
f 232//232 240//240 231//231
f 231//231 240//240 241//241
f 231//231 241//241 242//242
f 231//231 242//242 229//229
f 229//229 242//242 230//230
f 230//230 242//242 243//243
f 243//243 242//242 244//244
f 244//244 242//242 241//241
f 244//244 241//241 245//245
f 245//245 241//241 246//246
f 246//246 241//241 240//240
f 246//246 240//240 239//239
f 246//246 239//239 247//247
f 247//247 239//239 238//238
f 247//247 238//238 237//237
f 247//247 237//237 248//248
f 248//248 237//237 249//249
f 249//249 237//237 250//250
f 249//249 250//250 251//251
f 250//250 237//237 252//252
f 252//252 237//237 253//253
f 253//253 237//237 236//236
f 253//253 236//236 254//254
f 253//253 254//254 252//252
f 254//254 236//236 255//255
f 255//255 236//236 220//220
f 255//255 220//220 256//256
f 256//256 220//220 257//257
f 257//257 220//220 219//219
f 257//257 219//219 258//258
f 258//258 219//219 218//218
f 258//258 218//218 259//259
f 259//259 218//218 260//260
f 260//260 218//218 216//216
f 260//260 216//216 261//261
f 260//260 261//261 262//262
f 260//260 262//262 263//263
f 260//260 263//263 264//264
f 260//260 264//264 265//265
f 260//260 265//265 259//259
f 259//259 265//265 266//266
f 266//266 265//265 264//264
f 259//259 266//266 258//258
f 258//258 266//266 267//267
f 258//258 267//267 257//257
f 257//257 267//267 268//268
f 257//257 268//268 256//256
f 256//256 268//268 269//269
f 256//256 269//269 270//270
f 256//256 270//270 255//255
f 270//270 269//269 271//271
f 270//270 271//271 255//255
f 255//255 271//271 272//272
f 255//255 272//272 254//254
f 254//254 272//272 273//273
f 254//254 273//273 252//252
f 252//252 273//273 274//274
f 252//252 274//274 250//250
f 250//250 274//274 251//251
f 251//251 274//274 275//275
f 275//275 274//274 276//276
f 275//275 276//276 277//277
f 277//277 276//276 278//278
f 278//278 276//276 279//279
f 279//279 276//276 280//280
f 280//280 276//276 274//274
f 280//280 274//274 281//281
f 281//281 274//274 273//273
f 281//281 273//273 282//282
f 282//282 273//273 272//272
f 281//281 282//282 283//283
f 281//281 283//283 280//280
f 283//283 282//282 284//284
f 284//284 282//282 272//272
f 284//284 272//272 285//285
f 285//285 272//272 271//271
f 285//285 271//271 286//286
f 286//286 271//271 287//287
f 287//287 271//271 269//269
f 286//286 287//287 288//288
f 286//286 288//288 285//285
f 285//285 288//288 289//289
f 285//285 289//289 284//284
f 289//289 288//288 290//290
f 290//290 288//288 287//287
f 289//289 290//290 291//291
f 289//289 291//291 292//292
f 289//289 292//292 284//284
f 284//284 292//292 283//283
f 283//283 292//292 293//293
f 283//283 293//293 280//280
f 280//280 293//293 279//279
f 279//279 293//293 294//294
f 279//279 294//294 295//295
f 279//279 295//295 278//278
f 278//278 295//295 277//277
f 277//277 295//295 296//296
f 277//277 296//296 275//275
f 275//275 296//296 297//297
f 275//275 297//297 251//251
f 251//251 297//297 298//298
f 251//251 298//298 249//249
f 249//249 298//298 299//299
f 249//249 299//299 248//248
f 248//248 299//299 300//300
f 248//248 300//300 247//247
f 247//247 300//300 299//299
f 247//247 299//299 246//246
f 246//246 299//299 301//301
f 246//246 301//301 302//302
f 246//246 302//302 303//303
f 246//246 303//303 245//245
f 245//245 303//303 304//304
f 245//245 304//304 244//244
f 244//244 304//304 305//305
f 244//244 305//305 243//243
f 243//243 305//305 306//306
f 306//306 305//305 307//307
f 306//306 307//307 308//308
f 306//306 308//308 309//309
f 306//306 309//309 243//243
f 243//243 309//309 310//310
f 243//243 310//310 311//311
f 243//243 311//311 230//230
f 230//230 311//311 228//228
f 228//228 311//311 312//312
f 228//228 312//312 313//313
f 228//228 313//313 227//227
f 227//227 313//313 314//314
f 227//227 314//314 107//107
f 107//107 314//314 315//315
f 107//107 315//315 316//316
f 107//107 316//316 85//85
f 85//85 316//316 317//317
f 85//85 317//317 84//84
f 317//317 316//316 318//318
f 318//318 316//316 315//315
f 318//318 315//315 319//319
f 319//319 315//315 314//314
f 319//319 314//314 313//313
f 319//319 313//313 320//320
f 320//320 313//313 321//321
f 321//321 313//313 312//312
f 321//321 312//312 322//322
f 321//321 322//322 323//323
f 321//321 323//323 320//320
f 320//320 323//323 324//324
f 320//320 324//324 319//319
f 319//319 324//324 325//325
f 319//319 325//325 318//318
f 318//318 325//325 326//326
f 318//318 326//326 317//317
f 317//317 326//326 327//327
f 317//317 327//327 84//84
f 327//327 326//326 328//328
f 328//328 326//326 329//329
f 329//329 326//326 325//325
f 329//329 325//325 330//330
f 330//330 325//325 324//324
f 330//330 324//324 331//331
f 331//331 324//324 323//323
f 330//330 331//331 332//332
f 330//330 332//332 333//333
f 330//330 333//333 329//329
f 333//333 332//332 334//334
f 334//334 332//332 335//335
f 335//335 332//332 331//331
f 335//335 331//331 336//336
f 335//335 336//336 337//337
f 335//335 337//337 338//338
f 335//335 338//338 334//334
f 338//338 337//337 339//339
f 339//339 337//337 340//340
f 340//340 337//337 336//336
f 340//340 336//336 341//341
f 341//341 336//336 342//342
f 342//342 336//336 331//331
f 342//342 331//331 343//343
f 343//343 331//331 323//323
f 342//342 343//343 344//344
f 344//344 343//343 323//323
f 342//342 344//344 341//341
f 344//344 323//323 322//322
f 341//341 344//344 345//345
f 345//345 344//344 322//322
f 345//345 322//322 346//346
f 346//346 322//322 312//312
f 346//346 312//312 311//311
f 346//346 311//311 310//310
f 346//346 310//310 347//347
f 347//347 310//310 309//309
f 346//346 347//347 348//348
f 348//348 347//347 309//309
f 346//346 348//348 345//345
f 345//345 348//348 349//349
f 345//345 349//349 341//341
f 341//341 349//349 340//340
f 340//340 349//349 339//339
f 339//339 349//349 350//350
f 339//339 350//350 351//351
f 339//339 351//351 338//338
f 338//338 351//351 352//352
f 338//338 352//352 353//353
f 338//338 353//353 334//334
f 334//334 353//353 354//354
f 334//334 354//354 333//333
f 333//333 354//354 329//329
f 329//329 354//354 355//355
f 329//329 355//355 328//328
f 355//355 354//354 356//356
f 356//356 354//354 353//353
f 356//356 353//353 357//357
f 357//357 353//353 352//352
f 357//357 352//352 358//358
f 358//358 352//352 351//351
f 358//358 351//351 350//350
f 358//358 350//350 359//359
f 358//358 359//359 360//360
f 358//358 360//360 357//357
f 357//357 360//360 361//361
f 357//357 361//361 362//362
f 357//357 362//362 356//356
f 356//356 362//362 355//355
f 355//355 362//362 363//363
f 355//355 363//363 328//328
f 328//328 363//363 327//327
f 327//327 363//363 364//364
f 327//327 364//364 84//84
f 84//84 364//364 365//365
f 84//84 365//365 83//83
f 83//83 365//365 366//366
f 83//83 366//366 82//82
f 82//82 366//366 367//367
f 367//367 366//366 365//365
f 82//82 367//367 368//368
f 82//82 368//368 81//81
f 81//81 368//368 369//369
f 81//81 369//369 80//80
f 369//369 368//368 370//370
f 370//370 368//368 367//367
f 369//369 370//370 371//371
f 369//369 371//371 372//372
f 369//369 372//372 80//80
f 80//80 372//372 78//78
f 78//78 372//372 373//373
f 78//78 373//373 374//374
f 78//78 374//374 72//72
f 72//72 374//374 71//71
f 71//71 374//374 375//375
f 71//71 375//375 70//70
f 70//70 375//375 376//376
f 70//70 376//376 69//69
f 376//376 375//375 377//377
f 376//376 377//377 69//69
f 377//377 375//375 378//378
f 378//378 375//375 374//374
f 378//378 374//374 379//379
f 379//379 374//374 380//380
f 380//380 374//374 373//373
f 380//380 373//373 372//372
f 380//380 372//372 381//381
f 381//381 372//372 371//371
f 380//380 381//381 382//382
f 380//380 382//382 379//379
f 379//379 382//382 378//378
f 378//378 382//382 377//377
f 377//377 382//382 383//383
f 377//377 383//383 69//69
f 383//383 382//382 384//384
f 384//384 382//382 381//381
f 384//384 381//381 383//383
f 383//383 381//381 385//385
f 385//385 381//381 386//386
f 386//386 381//381 371//371
f 385//385 386//386 387//387
f 385//385 387//387 383//383
f 383//383 387//387 388//388
f 383//383 388//388 389//389
f 383//383 389//389 69//69
f 69//69 389//389 67//67
f 67//67 389//389 68//68
f 68//68 389//389 390//390
f 68//68 390//390 391//391
f 68//68 391//391 66//66
f 66//66 391//391 392//392
f 66//66 392//392 65//65
f 392//392 391//391 393//393
f 392//392 393//393 394//394
f 392//392 394//394 395//395
f 392//392 395//395 65//65
f 65//65 395//395 396//396
f 65//65 396//396 64//64
f 64//64 396//396 397//397
f 64//64 397//397 63//63
f 397//397 396//396 398//398
f 398//398 396//396 395//395
f 398//398 395//395 399//399
f 399//399 395//395 394//394
f 398//398 399//399 400//400
f 400//400 399//399 401//401
f 401//401 399//399 394//394
f 401//401 394//394 402//402
f 402//402 394//394 393//393
f 401//401 402//402 403//403
f 402//402 393//393 404//404
f 402//402 404//404 403//403
f 404//404 393//393 405//405
f 405//405 393//393 391//391
f 404//404 405//405 406//406
f 404//404 406//406 407//407
f 404//404 407//407 403//403
f 403//403 407//407 408//408
f 403//403 408//408 401//401
f 401//401 408//408 409//409
f 409//409 408//408 410//410
f 410//410 408//408 407//407
f 410//410 407//407 411//411
f 410//410 411//411 412//412
f 410//410 412//412 409//409
f 409//409 412//412 413//413
f 409//409 413//413 401//401
f 401//401 413//413 400//400
f 400//400 413//413 414//414
f 400//400 414//414 415//415
f 400//400 415//415 398//398
f 398//398 415//415 416//416
f 398//398 416//416 397//397
f 397//397 416//416 417//417
f 417//417 416//416 415//415
f 397//397 417//417 63//63
f 63//63 417//417 415//415
f 63//63 415//415 62//62
f 62//62 415//415 418//418
f 418//418 415//415 414//414
f 418//418 414//414 413//413
f 418//418 413//413 419//419
f 419//419 413//413 420//420
f 420//420 413//413 412//412
f 420//420 412//412 411//411
f 420//420 411//411 421//421
f 421//421 411//411 407//407
f 421//421 407//407 422//422
f 422//422 407//407 423//423
f 423//423 407//407 406//406
f 423//423 406//406 424//424
f 424//424 406//406 405//405
f 423//423 424//424 425//425
f 423//423 425//425 426//426
f 423//423 426//426 422//422
f 422//422 426//426 427//427
f 427//427 426//426 428//428
f 428//428 426//426 425//425
f 428//428 425//425 429//429
f 429//429 425//425 424//424
f 429//429 424//424 430//430
f 430//430 424//424 405//405
f 429//429 430//430 431//431
f 429//429 431//431 428//428
f 431//431 430//430 432//432
f 432//432 430//430 433//433
f 433//433 430//430 405//405
f 433//433 405//405 434//434
f 434//434 405//405 391//391
f 434//434 391//391 435//435
f 435//435 391//391 390//390
f 435//435 390//390 436//436
f 436//436 390//390 437//437
f 437//437 390//390 389//389
f 437//437 389//389 438//438
f 438//438 389//389 388//388
f 438//438 388//388 439//439
f 439//439 388//388 440//440
f 440//440 388//388 387//387
f 440//440 387//387 441//441
f 441//441 387//387 386//386
f 440//440 441//441 442//442
f 440//440 442//442 439//439
f 442//442 441//441 443//443
f 443//443 441//441 444//444
f 444//444 441//441 386//386
f 444//444 386//386 371//371
f 444//444 371//371 370//370
f 444//444 370//370 445//445
f 444//444 445//445 443//443
f 445//445 370//370 446//446
f 445//445 446//446 443//443
f 446//446 370//370 367//367
f 446//446 367//367 447//447
f 447//447 367//367 365//365
f 447//447 365//365 448//448
f 448//448 365//365 364//364
f 447//447 448//448 449//449
f 447//447 449//449 446//446
f 446//446 449//449 450//450
f 446//446 450//450 451//451
f 446//446 451//451 443//443
f 451//451 450//450 452//452
f 452//452 450//450 453//453
f 453//453 450//450 449//449
f 452//452 453//453 454//454
f 452//452 454//454 451//451
f 451//451 454//454 455//455
f 451//451 455//455 443//443
f 443//443 455//455 456//456
f 443//443 456//456 442//442
f 442//442 456//456 439//439
f 439//439 456//456 457//457
f 457//457 456//456 458//458
f 457//457 458//458 459//459
f 457//457 459//459 439//439
f 439//439 459//459 460//460
f 460//460 459//459 461//461
f 439//439 460//460 462//462
f 462//462 460//460 461//461
f 439//439 462//462 463//463
f 439//439 463//463 438//438
f 438//438 463//463 464//464
f 438//438 464//464 437//437
f 437//437 464//464 465//465
f 437//437 465//465 436//436
f 436//436 465//465 435//435
f 435//435 465//465 464//464
f 435//435 464//464 466//466
f 466//466 464//464 467//467
f 467//467 464//464 463//463
f 467//467 463//463 468//468
f 467//467 468//468 466//466
f 468//468 463//463 462//462
f 468//468 462//462 466//466
f 466//466 462//462 469//469
f 469//469 462//462 461//461
f 469//469 461//461 470//470
f 470//470 461//461 459//459
f 470//470 459//459 471//471
f 471//471 459//459 472//472
f 472//472 459//459 458//458
f 471//471 472//472 473//473
f 471//471 473//473 474//474
f 474//474 473//473 475//475
f 471//471 474//474 476//476
f 471//471 476//476 477//477
f 471//471 477//477 470//470
f 470//470 477//477 478//478
f 478//478 477//477 476//476
f 470//470 478//478 469//469
f 478//478 476//476 479//479
f 479//479 476//476 474//474
f 478//478 479//479 480//480
f 478//478 480//480 469//469
f 469//469 480//480 481//481
f 469//469 481//481 466//466
f 481//481 480//480 482//482
f 466//466 481//481 483//483
f 483//483 481//481 482//482
f 466//466 483//483 484//484
f 466//466 484//484 435//435
f 435//435 484//484 434//434
f 434//434 484//484 485//485
f 485//485 484//484 486//486
f 486//486 484//484 483//483
f 485//485 486//486 487//487
f 485//485 487//487 434//434
f 434//434 487//487 433//433
f 433//433 487//487 488//488
f 488//488 487//487 489//489
f 489//489 487//487 486//486
f 489//489 486//486 483//483
f 489//489 483//483 490//490
f 489//489 490//490 488//488
f 490//490 483//483 491//491
f 491//491 483//483 482//482
f 491//491 482//482 492//492
f 491//491 492//492 490//490
f 492//492 482//482 480//480
f 492//492 480//480 479//479
f 492//492 479//479 493//493
f 493//493 479//479 494//494
f 494//494 479//479 474//474
f 494//494 474//474 475//475
f 494//494 475//475 495//495
f 495//495 475//475 496//496
f 496//496 475//475 473//473
f 496//496 473//473 497//497
f 497//497 473//473 498//498
f 498//498 473//473 472//472
f 498//498 472//472 499//499
f 498//498 499//499 497//497
f 497//497 499//499 500//500
f 500//500 499//499 501//501
f 500//500 501//501 502//502
f 502//502 501//501 503//503
f 503//503 501//501 504//504
f 504//504 501//501 499//499
f 504//504 499//499 505//505
f 505//505 499//499 472//472
f 504//504 505//505 506//506
f 505//505 472//472 507//507
f 505//505 507//507 508//508
f 505//505 508//508 506//506
f 508//508 507//507 509//509
f 509//509 507//507 472//472
f 509//509 472//472 458//458
f 509//509 458//458 510//510
f 510//510 458//458 456//456
f 510//510 456//456 511//511
f 510//510 511//511 509//509
f 509//509 511//511 512//512
f 509//509 512//512 508//508
f 508//508 512//512 513//513
f 513//513 512//512 511//511
f 513//513 511//511 456//456
f 513//513 456//456 455//455
f 508//508 513//513 506//506
f 506//506 513//513 514//514
f 506//506 514//514 504//504
f 504//504 514//514 515//515
f 504//504 515//515 516//516
f 504//504 516//516 503//503
f 516//516 515//515 517//517
f 516//516 517//517 518//518
f 516//516 518//518 503//503
f 503//503 518//518 519//519
f 503//503 519//519 502//502
f 502//502 519//519 520//520
f 502//502 520//520 521//521
f 502//502 521//521 522//522
f 502//502 522//522 500//500
f 522//522 521//521 523//523
f 500//500 522//522 524//524
f 500//500 524//524 525//525
f 525//525 524//524 522//522
f 500//500 525//525 497//497
f 525//525 522//522 526//526
f 526//526 522//522 523//523
f 526//526 523//523 527//527
f 526//526 527//527 525//525
f 527//527 523//523 528//528
f 528//528 523//523 521//521
f 528//528 521//521 529//529
f 529//529 521//521 520//520
f 528//528 529//529 530//530
f 528//528 530//530 531//531
f 528//528 531//531 527//527
f 531//531 530//530 532//532
f 532//532 530//530 533//533
f 533//533 530//530 529//529
f 532//532 533//533 534//534
f 533//533 529//529 535//535
f 533//533 535//535 534//534
f 535//535 529//529 536//536
f 536//536 529//529 520//520
f 536//536 520//520 537//537
f 537//537 520//520 538//538
f 537//537 538//538 536//536
f 538//538 520//520 519//519
f 538//538 519//519 539//539
f 539//539 519//519 518//518
f 539//539 518//518 540//540
f 539//539 540//540 541//541
f 541//541 540//540 542//542
f 542//542 540//540 518//518
f 541//541 542//542 543//543
f 541//541 543//543 539//539
f 543//543 542//542 544//544
f 544//544 542//542 518//518
f 544//544 518//518 545//545
f 545//545 518//518 517//517
f 544//544 545//545 546//546
f 546//546 545//545 517//517
f 546//546 517//517 547//547
f 547//547 517//517 515//515
f 547//547 515//515 548//548
f 548//548 515//515 514//514
f 547//547 548//548 549//549
f 547//547 549//549 546//546
f 546//546 549//549 550//550
f 546//546 550//550 551//551
f 546//546 551//551 552//552
f 546//546 552//552 544//544
f 544//544 552//552 553//553
f 544//544 553//553 554//554
f 544//544 554//554 543//543
f 543//543 554//554 555//555
f 543//543 555//555 539//539
f 539//539 555//555 556//556
f 539//539 556//556 538//538
f 538//538 556//556 557//557
f 538//538 557//557 536//536
f 536//536 557//557 558//558
f 536//536 558//558 559//559
f 536//536 559//559 535//535
f 535//535 559//559 560//560
f 535//535 560//560 561//561
f 535//535 561//561 534//534
f 534//534 561//561 562//562
f 562//562 561//561 560//560
f 534//534 562//562 532//532
f 532//532 562//562 563//563
f 532//532 563//563 531//531
f 563//563 562//562 564//564
f 531//531 563//563 565//565
f 563//563 564//564 566//566
f 563//563 566//566 565//565
f 566//566 564//564 567//567
f 567//567 564//564 568//568
f 568//568 564//564 562//562
f 568//568 562//562 569//569
f 569//569 562//562 560//560
f 569//569 560//560 570//570
f 570//570 560//560 559//559
f 570//570 559//559 571//571
f 571//571 559//559 558//558
f 571//571 558//558 572//572
f 572//572 558//558 557//557
f 572//572 557//557 556//556
f 572//572 556//556 573//573
f 573//573 556//556 574//574
f 574//574 556//556 555//555
f 574//574 555//555 575//575
f 574//574 575//575 576//576
f 574//574 576//576 573//573
f 576//576 575//575 577//577
f 577//577 575//575 555//555
f 577//577 555//555 554//554
f 577//577 554//554 553//553
f 577//577 553//553 578//578
f 578//578 553//553 552//552
f 578//578 552//552 579//579
f 579//579 552//552 551//551
f 579//579 551//551 580//580
f 580//580 551//551 581//581
f 581//581 551//551 550//550
f 581//581 550//550 582//582
f 582//582 550//550 549//549
f 582//582 549//549 583//583
f 583//583 549//549 584//584
f 584//584 549//549 548//548
f 584//584 548//548 585//585
f 585//585 548//548 514//514
f 585//585 514//514 513//513
f 585//585 513//513 586//586
f 586//586 513//513 587//587
f 587//587 513//513 455//455
f 586//586 587//587 588//588
f 586//586 588//588 585//585
f 588//588 587//587 589//589
f 589//589 587//587 455//455
f 588//588 589//589 590//590
f 590//590 589//589 455//455
f 588//588 590//590 591//591
f 588//588 591//591 585//585
f 585//585 591//591 584//584
f 584//584 591//591 592//592
f 584//584 592//592 583//583
f 592//592 591//591 593//593
f 583//583 592//592 594//594
f 594//594 592//592 593//593
f 583//583 594//594 595//595
f 583//583 595//595 582//582
f 582//582 595//595 596//596
f 582//582 596//596 581//581
f 596//596 595//595 597//597
f 597//597 595//595 594//594
f 597//597 594//594 598//598
f 597//597 598//598 599//599
f 597//597 599//599 596//596
f 599//599 598//598 600//600
f 600//600 598//598 601//601
f 601//601 598//598 594//594
f 601//601 594//594 602//602
f 602//602 594//594 593//593
f 601//601 602//602 603//603
f 601//601 603//603 600//600
f 600//600 603//603 604//604
f 604//604 603//603 605//605
f 605//605 603//603 606//606
f 606//606 603//603 602//602
f 605//605 606//606 607//607
f 605//605 607//607 608//608
f 605//605 608//608 604//604
f 604//604 608//608 609//609
f 609//609 608//608 607//607
f 609//609 607//607 610//610
f 610//610 607//607 611//611
f 611//611 607//607 606//606
f 611//611 606//606 612//612
f 612//612 606//606 613//613
f 613//613 606//606 602//602
f 613//613 602//602 614//614
f 614//614 602//602 593//593
f 613//613 614//614 615//615
f 614//614 593//593 616//616
f 614//614 616//616 615//615
f 616//616 593//593 617//617
f 617//617 593//593 618//618
f 618//618 593//593 591//591
f 618//618 591//591 590//590
f 618//618 590//590 617//617
f 617//617 590//590 619//619
f 617//617 619//619 616//616
f 619//619 590//590 455//455
f 619//619 455//455 454//454
f 619//619 454//454 620//620
f 620//620 454//454 621//621
f 621//621 454//454 453//453
f 621//621 453//453 622//622
f 621//621 622//622 623//623
f 621//621 623//623 620//620
f 623//623 622//622 624//624
f 624//624 622//622 453//453
f 623//623 624//624 625//625
f 623//623 625//625 626//626
f 623//623 626//626 620//620
f 620//620 626//626 627//627
f 620//620 627//627 619//619
f 619//619 627//627 628//628
f 619//619 628//628 616//616
f 616//616 628//628 629//629
f 629//629 628//628 627//627
f 616//616 629//629 615//615
f 615//615 629//629 630//630
f 615//615 630//630 613//613
f 613//613 630//630 308//308
f 613//613 308//308 307//307
f 308//308 630//630 309//309
f 309//309 630//630 631//631
f 631//631 630//630 629//629
f 309//309 631//631 348//348
f 631//631 629//629 632//632
f 632//632 629//629 627//627
f 631//631 632//632 633//633
f 631//631 633//633 348//348
f 348//348 633//633 634//634
f 634//634 633//633 632//632
f 348//348 634//634 349//349
f 349//349 634//634 635//635
f 349//349 635//635 350//350
f 350//350 635//635 636//636
f 350//350 636//636 359//359
f 359//359 636//636 637//637
f 637//637 636//636 635//635
f 637//637 635//635 638//638
f 638//638 635//635 634//634
f 638//638 634//634 632//632
f 638//638 632//632 639//639
f 639//639 632//632 627//627
f 639//639 627//627 626//626
f 639//639 626//626 640//640
f 640//640 626//626 625//625
f 639//639 640//640 641//641
f 639//639 641//641 638//638
f 638//638 641//641 642//642
f 638//638 642//642 637//637
f 637//637 642//642 359//359
f 359//359 642//642 643//643
f 643//643 642//642 644//644
f 644//644 642//642 641//641
f 644//644 641//641 640//640
f 644//644 640//640 645//645
f 644//644 645//645 646//646
f 644//644 646//646 643//643
f 643//643 646//646 647//647
f 643//643 647//647 359//359
f 359//359 647//647 360//360
f 360//360 647//647 648//648
f 648//648 647//647 649//649
f 649//649 647//647 646//646
f 649//649 646//646 645//645
f 649//649 645//645 650//650
f 649//649 650//650 651//651
f 649//649 651//651 648//648
f 651//651 650//650 652//652
f 651//651 652//652 653//653
f 651//651 653//653 654//654
f 653//653 652//652 655//655
f 653//653 655//655 654//654
f 654//654 655//655 656//656
f 654//654 656//656 657//657
f 654//654 657//657 651//651
f 651//651 657//657 658//658
f 651//651 658//658 648//648
f 658//658 657//657 659//659
f 659//659 657//657 660//660
f 660//660 657//657 656//656
f 660//660 656//656 661//661
f 661//661 656//656 655//655
f 661//661 655//655 662//662
f 662//662 655//655 663//663
f 663//663 655//655 652//652
f 662//662 663//663 664//664
f 662//662 664//664 661//661
f 661//661 664//664 660//660
f 660//660 664//664 665//665
f 660//660 665//665 659//659
f 659//659 665//665 658//658
f 658//658 665//665 666//666
f 658//658 666//666 648//648
f 648//648 666//666 667//667
f 648//648 667//667 360//360
f 360//360 667//667 666//666
f 360//360 666//666 668//668
f 668//668 666//666 669//669
f 669//669 666//666 665//665
f 669//669 665//665 664//664
f 669//669 664//664 670//670
f 670//670 664//664 663//663
f 669//669 670//670 671//671
f 670//670 663//663 672//672
f 670//670 672//672 671//671
f 672//672 663//663 673//673
f 673//673 663//663 652//652
f 673//673 652//652 650//650
f 673//673 650//650 674//674
f 674//674 650//650 645//645
f 674//674 645//645 640//640
f 674//674 640//640 625//625
f 674//674 625//625 624//624
f 674//674 624//624 675//675
f 675//675 624//624 676//676
f 676//676 624//624 453//453
f 676//676 453//453 677//677
f 677//677 453//453 678//678
f 678//678 453//453 449//449
f 677//677 678//678 679//679
f 677//677 679//679 676//676
f 679//679 678//678 680//680
f 679//679 680//680 676//676
f 680//680 678//678 449//449
f 676//676 680//680 675//675
f 680//680 449//449 448//448
f 680//680 448//448 681//681
f 681//681 448//448 364//364
f 681//681 364//364 682//682
f 682//682 364//364 363//363
f 681//681 682//682 683//683
f 681//681 683//683 680//680
f 680//680 683//683 684//684
f 680//680 684//684 675//675
f 675//675 684//684 674//674
f 674//674 684//684 673//673
f 673//673 684//684 685//685
f 685//685 684//684 683//683
f 673//673 685//685 672//672
f 672//672 685//685 686//686
f 686//686 685//685 683//683
f 672//672 686//686 671//671
f 671//671 686//686 687//687
f 671//671 687//687 669//669
f 687//687 686//686 688//688
f 688//688 686//686 683//683
f 688//688 683//683 689//689
f 689//689 683//683 682//682
f 688//688 689//689 690//690
f 690//690 689//689 682//682
f 688//688 690//690 691//691
f 688//688 691//691 687//687
f 687//687 691//691 692//692
f 687//687 692//692 669//669
f 669//669 692//692 693//693
f 669//669 693//693 668//668
f 693//693 692//692 694//694
f 694//694 692//692 695//695
f 695//695 692//692 691//691
f 695//695 691//691 696//696
f 696//696 691//691 690//690
f 696//696 690//690 697//697
f 696//696 697//697 698//698
f 696//696 698//698 699//699
f 696//696 699//699 695//695
f 695//695 699//699 700//700
f 695//695 700//700 694//694
f 694//694 700//700 701//701
f 701//701 700//700 699//699
f 694//694 701//701 693//693
f 693//693 701//701 702//702
f 702//702 701//701 699//699
f 693//693 702//702 668//668
f 668//668 702//702 703//703
f 703//703 702//702 699//699
f 668//668 703//703 360//360
f 360//360 703//703 704//704
f 360//360 704//704 361//361
f 361//361 704//704 705//705
f 705//705 704//704 703//703
f 361//361 705//705 706//706
f 361//361 706//706 362//362
f 362//362 706//706 707//707
f 362//362 707//707 363//363
f 363//363 707//707 708//708
f 708//708 707//707 706//706
f 363//363 708//708 709//709
f 363//363 709//709 682//682
f 709//709 708//708 710//710
f 710//710 708//708 711//711
f 711//711 708//708 706//706
f 711//711 706//706 712//712
f 712//712 706//706 705//705
f 712//712 705//705 713//713
f 712//712 713//713 711//711
f 711//711 713//713 714//714
f 711//711 714//714 715//715
f 711//711 715//715 710//710
f 710//710 715//715 716//716
f 716//716 715//715 714//714
f 710//710 716//716 709//709
f 709//709 716//716 717//717
f 709//709 717//717 682//682
f 717//717 716//716 718//718
f 718//718 716//716 714//714
f 718//718 714//714 713//713
f 718//718 713//713 719//719
f 718//718 719//719 720//720
f 718//718 720//720 721//721
f 718//718 721//721 717//717
f 717//717 721//721 682//682
f 682//682 721//721 722//722
f 722//722 721//721 720//720
f 682//682 722//722 690//690
f 690//690 722//722 720//720
f 690//690 720//720 723//723
f 690//690 723//723 697//697
f 723//723 720//720 724//724
f 723//723 724//724 697//697
f 724//724 720//720 719//719
f 697//697 724//724 725//725
f 725//725 724//724 719//719
f 697//697 725//725 726//726
f 725//725 719//719 727//727
f 725//725 727//727 726//726
f 727//727 719//719 728//728
f 727//727 728//728 726//726
f 728//728 719//719 713//713
f 728//728 713//713 729//729
f 729//729 713//713 705//705
f 729//729 705//705 730//730
f 729//729 730//730 728//728
f 730//730 705//705 703//703
f 730//730 703//703 731//731
f 731//731 703//703 699//699
f 730//730 731//731 732//732
f 732//732 731//731 699//699
f 730//730 732//732 728//728
f 728//728 732//732 726//726
f 726//726 732//732 697//697
f 697//697 732//732 698//698
f 698//698 732//732 699//699
f 62//62 418//418 61//61
f 61//61 418//418 733//733
f 733//733 418//418 734//734
f 734//734 418//418 419//419
f 733//733 734//734 735//735
f 735//735 734//734 419//419
f 735//735 419//419 736//736
f 736//736 419//419 420//420
f 736//736 420//420 737//737
f 737//737 420//420 738//738
f 738//738 420//420 421//421
f 738//738 421//421 739//739
f 739//739 421//421 422//422
f 739//739 422//422 740//740
f 740//740 422//422 427//427
f 739//739 740//740 741//741
f 739//739 741//741 738//738
f 738//738 741//741 742//742
f 738//738 742//742 737//737
f 737//737 742//742 736//736
f 736//736 742//742 743//743
f 736//736 743//743 735//735
f 743//743 742//742 744//744
f 743//743 744//744 735//735
f 744//744 742//742 741//741
f 735//735 744//744 745//745
f 735//735 745//745 733//733
f 745//745 744//744 746//746
f 746//746 744//744 747//747
f 747//747 744//744 741//741
f 747//747 741//741 740//740
f 747//747 740//740 748//748
f 748//748 740//740 749//749
f 749//749 740//740 427//427
f 749//749 427//427 750//750
f 750//750 427//427 428//428
f 750//750 428//428 751//751
f 751//751 428//428 431//431
f 750//750 751//751 752//752
f 750//750 752//752 749//749
f 749//749 752//752 753//753
f 749//749 753//753 748//748
f 748//748 753//753 754//754
f 748//748 754//754 747//747
f 754//754 753//753 755//755
f 754//754 755//755 747//747
f 747//747 755//755 756//756
f 747//747 756//756 746//746
f 746//746 756//756 757//757
f 746//746 757//757 745//745
f 757//757 756//756 758//758
f 758//758 756//756 755//755
f 758//758 755//755 759//759
f 758//758 759//759 757//757
f 759//759 755//755 760//760
f 760//760 755//755 761//761
f 761//761 755//755 753//753
f 761//761 753//753 752//752
f 761//761 752//752 762//762
f 762//762 752//752 763//763
f 763//763 752//752 751//751
f 762//762 763//763 764//764
f 762//762 764//764 765//765
f 762//762 765//765 761//761
f 761//761 765//765 766//766
f 761//761 766//766 760//760
f 766//766 765//765 767//767
f 767//767 765//765 764//764
f 767//767 764//764 768//768
f 768//768 764//764 763//763
f 768//768 763//763 751//751
f 768//768 751//751 769//769
f 769//769 751//751 770//770
f 770//770 751//751 431//431
f 770//770 431//431 771//771
f 771//771 431//431 432//432
f 771//771 432//432 772//772
f 772//772 432//432 433//433
f 772//772 433//433 773//773
f 772//772 773//773 771//771
f 771//771 773//773 774//774
f 771//771 774//774 770//770
f 770//770 774//774 775//775
f 770//770 775//775 769//769
f 775//775 774//774 776//776
f 776//776 774//774 777//777
f 777//777 774//774 778//778
f 778//778 774//774 779//779
f 779//779 774//774 773//773
f 779//779 773//773 780//780
f 780//780 773//773 433//433
f 779//779 780//780 781//781
f 779//779 781//781 782//782
f 779//779 782//782 778//778
f 778//778 782//782 783//783
f 778//778 783//783 777//777
f 777//777 783//783 784//784
f 777//777 784//784 776//776
f 784//784 783//783 785//785
f 785//785 783//783 782//782
f 785//785 782//782 786//786
f 786//786 782//782 787//787
f 787//787 782//782 781//781
f 787//787 781//781 788//788
f 788//788 781//781 780//780
f 788//788 780//780 789//789
f 789//789 780//780 433//433
f 789//789 433//433 790//790
f 789//789 790//790 788//788
f 790//790 433//433 488//488
f 790//790 488//488 791//791
f 790//790 791//791 788//788
f 791//791 488//488 490//490
f 791//791 490//490 788//788
f 788//788 490//490 792//792
f 788//788 792//792 787//787
f 792//792 490//490 793//793
f 793//793 490//490 492//492
f 793//793 492//492 794//794
f 794//794 492//492 493//493
f 794//794 493//493 795//795
f 794//794 795//795 793//793
f 795//795 493//493 494//494
f 795//795 494//494 796//796
f 796//796 494//494 495//495
f 796//796 495//495 797//797
f 797//797 495//495 496//496
f 797//797 496//496 798//798
f 798//798 496//496 497//497
f 798//798 497//497 799//799
f 799//799 497//497 525//525
f 799//799 525//525 800//800
f 800//800 525//525 527//527
f 799//799 800//800 801//801
f 799//799 801//801 798//798
f 798//798 801//801 797//797
f 797//797 801//801 802//802
f 802//802 801//801 803//803
f 803//803 801//801 804//804
f 804//804 801//801 800//800
f 804//804 800//800 527//527
f 804//804 527//527 531//531
f 804//804 531//531 805//805
f 805//805 531//531 565//565
f 805//805 565//565 806//806
f 806//806 565//565 566//566
f 805//805 806//806 807//807
f 805//805 807//807 804//804
f 804//804 807//807 803//803
f 803//803 807//807 808//808
f 803//803 808//808 802//802
f 802//802 808//808 809//809
f 802//802 809//809 797//797
f 797//797 809//809 810//810
f 797//797 810//810 796//796
f 796//796 810//810 795//795
f 795//795 810//810 809//809
f 795//795 809//809 811//811
f 795//795 811//811 793//793
f 793//793 811//811 792//792
f 792//792 811//811 787//787
f 787//787 811//811 786//786
f 786//786 811//811 812//812
f 812//812 811//811 809//809
f 812//812 809//809 808//808
f 812//812 808//808 813//813
f 813//813 808//808 807//807
f 812//812 813//813 814//814
f 812//812 814//814 786//786
f 786//786 814//814 785//785
f 785//785 814//814 815//815
f 815//815 814//814 813//813
f 785//785 815//815 784//784
f 815//815 813//813 816//816
f 816//816 813//813 807//807
f 816//816 807//807 806//806
f 816//816 806//806 817//817
f 817//817 806//806 566//566
f 817//817 566//566 818//818
f 818//818 566//566 567//567
f 818//818 567//567 819//819
f 819//819 567//567 568//568
f 819//819 568//568 820//820
f 819//819 820//820 821//821
f 819//819 821//821 822//822
f 819//819 822//822 823//823
f 819//819 823//823 818//818
f 818//818 823//823 824//824
f 818//818 824//824 817//817
f 817//817 824//824 816//816
f 816//816 824//824 825//825
f 816//816 825//825 815//815
f 815//815 825//825 784//784
f 784//784 825//825 826//826
f 784//784 826//826 776//776
f 776//776 826//826 827//827
f 776//776 827//827 775//775
f 775//775 827//827 828//828
f 775//775 828//828 769//769
f 769//769 828//828 829//829
f 769//769 829//829 768//768
f 829//829 828//828 830//830
f 830//830 828//828 831//831
f 831//831 828//828 827//827
f 831//831 827//827 832//832
f 832//832 827//827 826//826
f 832//832 826//826 833//833
f 833//833 826//826 834//834
f 834//834 826//826 835//835
f 835//835 826//826 825//825
f 835//835 825//825 824//824
f 835//835 824//824 823//823
f 835//835 823//823 836//836
f 835//835 836//836 837//837
f 835//835 837//837 834//834
f 834//834 837//837 838//838
f 834//834 838//838 833//833
f 838//838 837//837 839//839
f 839//839 837//837 840//840
f 838//838 839//839 841//841
f 841//841 839//839 840//840
f 841//841 840//840 842//842
f 842//842 840//840 843//843
f 843//843 840//840 837//837
f 843//843 837//837 844//844
f 844//844 837//837 836//836
f 843//843 844//844 845//845
f 843//843 845//845 842//842
f 845//845 844//844 846//846
f 846//846 844//844 836//836
f 846//846 836//836 847//847
f 847//847 836//836 823//823
f 847//847 823//823 822//822
f 847//847 822//822 848//848
f 848//848 822//822 821//821
f 848//848 821//821 849//849
f 849//849 821//821 820//820
f 849//849 820//820 850//850
f 850//850 820//820 568//568
f 849//849 850//850 851//851
f 849//849 851//851 848//848
f 848//848 851//851 852//852
f 848//848 852//852 847//847
f 847//847 852//852 853//853
f 847//847 853//853 854//854
f 847//847 854//854 855//855
f 847//847 855//855 846//846
f 846//846 855//855 856//856
f 846//846 856//856 845//845
f 845//845 856//856 857//857
f 857//857 856//856 858//858
f 858//858 856//856 855//855
f 857//857 858//858 859//859
f 857//857 859//859 860//860
f 860//860 859//859 858//858
f 860//860 858//858 861//861
f 860//860 861//861 862//862
f 862//862 861//861 858//858
f 862//862 858//858 863//863
f 863//863 858//858 864//864
f 864//864 858//858 855//855
f 864//864 855//855 865//865
f 864//864 865//865 866//866
f 864//864 866//866 863//863
f 863//863 866//866 867//867
f 863//863 867//867 862//862
f 862//862 867//867 868//868
f 862//862 868//868 869//869
f 862//862 869//869 870//870
f 862//862 870//870 871//871
f 862//862 871//871 860//860
f 860//860 871//871 872//872
f 872//872 871//871 870//870
f 872//872 870//870 873//873
f 873//873 870//870 869//869
f 872//872 873//873 874//874
f 872//872 874//874 875//875
f 872//872 875//875 860//860
f 860//860 875//875 857//857
f 857//857 875//875 876//876
f 857//857 876//876 845//845
f 845//845 876//876 877//877
f 845//845 877//877 842//842
f 877//877 876//876 878//878
f 878//878 876//876 875//875
f 878//878 875//875 879//879
f 879//879 875//875 874//874
f 879//879 874//874 873//873
f 879//879 873//873 880//880
f 879//879 880//880 881//881
f 879//879 881//881 878//878
f 878//878 881//881 882//882
f 878//878 882//882 877//877
f 877//877 882//882 842//842
f 842//842 882//882 883//883
f 842//842 883//883 841//841
f 883//883 882//882 884//884
f 883//883 884//884 841//841
f 884//884 882//882 885//885
f 885//885 882//882 881//881
f 885//885 881//881 886//886
f 886//886 881//881 880//880
f 885//885 886//886 887//887
f 885//885 887//887 884//884
f 884//884 887//887 888//888
f 884//884 888//888 841//841
f 841//841 888//888 889//889
f 841//841 889//889 838//838
f 889//889 888//888 890//890
f 890//890 888//888 887//887
f 890//890 887//887 891//891
f 890//890 891//891 889//889
f 891//891 887//887 892//892
f 892//892 887//887 886//886
f 892//892 886//886 880//880
f 892//892 880//880 893//893
f 893//893 880//880 894//894
f 894//894 880//880 873//873
f 894//894 873//873 895//895
f 895//895 873//873 869//869
f 895//895 869//869 896//896
f 896//896 869//869 868//868
f 895//895 896//896 897//897
f 897//897 896//896 868//868
f 897//897 868//868 898//898
f 898//898 868//868 867//867
f 898//898 867//867 899//899
f 899//899 867//867 866//866
f 899//899 866//866 900//900
f 899//899 900//900 901//901
f 900//900 866//866 902//902
f 900//900 902//902 903//903
f 900//900 903//903 901//901
f 901//901 903//903 904//904
f 901//901 904//904 905//905
f 905//905 904//904 903//903
f 901//901 905//905 906//906
f 901//901 906//906 907//907
f 901//901 907//907 899//899
f 899//899 907//907 908//908
f 899//899 908//908 898//898
f 898//898 908//908 907//907
f 898//898 907//907 909//909
f 898//898 909//909 897//897
f 897//897 909//909 910//910
f 897//897 910//910 895//895
f 910//910 909//909 911//911
f 911//911 909//909 912//912
f 911//911 912//912 910//910
f 910//910 912//912 913//913
f 910//910 913//913 895//895
f 895//895 913//913 914//914
f 895//895 914//914 894//894
f 894//894 914//914 915//915
f 894//894 915//915 893//893
f 915//915 914//914 916//916
f 916//916 914//914 913//913
f 915//915 916//916 917//917
f 915//915 917//917 918//918
f 918//918 917//917 919//919
f 919//919 917//917 920//920
f 920//920 917//917 916//916
f 919//919 920//920 921//921
f 921//921 920//920 916//916
f 921//921 916//916 922//922
f 922//922 916//916 913//913
f 922//922 913//913 923//923
f 923//923 913//913 924//924
f 924//924 913//913 912//912
f 924//924 912//912 925//925
f 924//924 925//925 923//923
f 925//925 912//912 909//909
f 923//923 925//925 926//926
f 926//926 925//925 909//909
f 923//923 926//926 922//922
f 926//926 909//909 927//927
f 927//927 909//909 907//907
f 927//927 907//907 928//928
f 928//928 907//907 906//906
f 928//928 906//906 929//929
f 929//929 906//906 905//905
f 928//928 929//929 930//930
f 930//930 929//929 931//931
f 931//931 929//929 932//932
f 932//932 929//929 905//905
f 931//931 932//932 933//933
f 933//933 932//932 905//905
f 933//933 905//905 934//934
f 934//934 905//905 903//903
f 934//934 903//903 935//935
f 935//935 903//903 902//902
f 935//935 902//902 936//936
f 936//936 902//902 937//937
f 937//937 902//902 866//866
f 936//936 937//937 938//938
f 938//938 937//937 866//866
f 936//936 938//938 935//935
f 938//938 866//866 865//865
f 938//938 865//865 855//855
f 938//938 855//855 939//939
f 939//939 855//855 940//940
f 940//940 855//855 854//854
f 940//940 854//854 941//941
f 941//941 854//854 853//853
f 941//941 853//853 942//942
f 942//942 853//853 852//852
f 941//941 942//942 943//943
f 943//943 942//942 852//852
f 943//943 852//852 944//944
f 944//944 852//852 945//945
f 945//945 852//852 851//851
f 944//944 945//945 946//946
f 944//944 946//946 947//947
f 946//946 945//945 948//948
f 946//946 948//948 949//949
f 946//946 949//949 947//947
f 949//949 948//948 950//950
f 950//950 948//948 945//945
f 949//949 950//950 951//951
f 949//949 951//951 952//952
f 949//949 952//952 947//947
f 947//947 952//952 953//953
f 947//947 953//953 944//944
f 953//953 952//952 954//954
f 954//954 952//952 955//955
f 955//955 952//952 951//951
f 954//954 955//955 956//956
f 954//954 956//956 957//957
f 954//954 957//957 953//953
f 953//953 957//957 958//958
f 953//953 958//958 959//959
f 958//958 957//957 960//960
f 959//959 958//958 961//961
f 961//961 958//958 960//960
f 959//959 961//961 962//962
f 962//962 961//961 960//960
f 959//959 962//962 963//963
f 959//959 963//963 953//953
f 953//953 963//963 964//964
f 953//953 964//964 944//944
f 944//944 964//964 965//965
f 965//965 964//964 963//963
f 944//944 965//965 943//943
f 943//943 965//965 941//941
f 941//941 965//965 966//966
f 941//941 966//966 967//967
f 941//941 967//967 940//940
f 940//940 967//967 966//966
f 940//940 966//966 939//939
f 939//939 966//966 968//968
f 968//968 966//966 965//965
f 939//939 968//968 938//938
f 938//938 968//968 965//965
f 938//938 965//965 969//969
f 969//969 965//965 970//970
f 970//970 965//965 963//963
f 970//970 963//963 971//971
f 971//971 963//963 962//962
f 971//971 962//962 972//972
f 971//971 972//972 970//970
f 972//972 962//962 973//973
f 973//973 962//962 960//960
f 973//973 960//960 957//957
f 973//973 957//957 974//974
f 974//974 957//957 956//956
f 974//974 956//956 975//975
f 975//975 956//956 955//955
f 975//975 955//955 976//976
f 975//975 976//976 977//977
f 975//975 977//977 974//974
f 977//977 976//976 978//978
f 978//978 976//976 955//955
f 978//978 955//955 979//979
f 979//979 955//955 951//951
f 978//978 979//979 980//980
f 979//979 951//951 981//981
f 979//979 981//981 980//980
f 981//981 951//951 982//982
f 982//982 951//951 950//950
f 981//981 982//982 983//983
f 983//983 982//982 984//984
f 984//984 982//982 985//985
f 985//985 982//982 950//950
f 985//985 950//950 984//984
f 984//984 950//950 986//986
f 984//984 986//986 983//983
f 986//986 950//950 945//945
f 983//983 986//986 987//987
f 983//983 987//987 981//981
f 987//987 986//986 988//988
f 981//981 987//987 989//989
f 989//989 987//987 988//988
f 981//981 989//989 990//990
f 981//981 990//990 980//980
f 980//980 990//990 991//991
f 980//980 991//991 978//978
f 978//978 991//991 992//992
f 978//978 992//992 977//977
f 977//977 992//992 993//993
f 977//977 993//993 974//974
f 974//974 993//993 994//994
f 974//974 994//994 973//973
f 973//973 994//994 995//995
f 973//973 995//995 996//996
f 973//973 996//996 972//972
f 996//996 995//995 997//997
f 997//997 995//995 998//998
f 998//998 995//995 994//994
f 997//997 998//998 999//999
f 997//997 999//999 996//996
f 999//999 998//998 1000//1000
f 999//999 1000//1000 996//996
f 1000//1000 998//998 1001//1001
f 1001//1001 998//998 994//994
f 1000//1000 1001//1001 1002//1002
f 1002//1002 1001//1001 1003//1003
f 1003//1003 1001//1001 1004//1004
f 1004//1004 1001//1001 1005//1005
f 1005//1005 1001//1001 994//994
f 1004//1004 1005//1005 1006//1006
f 1004//1004 1006//1006 1003//1003
f 1003//1003 1006//1006 1007//1007
f 1007//1007 1006//1006 1005//1005
f 1007//1007 1005//1005 1008//1008
f 1007//1007 1008//1008 1009//1009
f 1007//1007 1009//1009 1010//1010
f 1007//1007 1010//1010 1011//1011
f 1007//1007 1011//1011 1012//1012
f 1007//1007 1012//1012 1003//1003
f 1003//1003 1012//1012 1013//1013
f 1003//1003 1013//1013 1002//1002
f 1002//1002 1013//1013 1014//1014
f 1002//1002 1014//1014 1000//1000
f 1000//1000 1014//1014 1015//1015
f 1000//1000 1015//1015 996//996
f 996//996 1015//1015 1016//1016
f 996//996 1016//1016 972//972
f 972//972 1016//1016 1017//1017
f 972//972 1017//1017 970//970
f 970//970 1017//1017 1018//1018
f 970//970 1018//1018 969//969
f 969//969 1018//1018 938//938
f 938//938 1018//1018 1019//1019
f 938//938 1019//1019 935//935
f 935//935 1019//1019 1020//1020
f 1020//1020 1019//1019 1018//1018
f 1020//1020 1018//1018 1021//1021
f 1021//1021 1018//1018 1017//1017
f 1021//1021 1017//1017 1022//1022
f 1022//1022 1017//1017 1016//1016
f 1022//1022 1016//1016 1023//1023
f 1023//1023 1016//1016 1015//1015
f 1023//1023 1015//1015 1024//1024
f 1024//1024 1015//1015 1014//1014
f 1024//1024 1014//1014 1025//1025
f 1025//1025 1014//1014 1026//1026
f 1026//1026 1014//1014 1013//1013
f 1026//1026 1013//1013 1027//1027
f 1027//1027 1013//1013 1012//1012
f 1027//1027 1012//1012 1028//1028
f 1028//1028 1012//1012 1011//1011
f 1028//1028 1011//1011 1010//1010
f 1028//1028 1010//1010 1029//1029
f 1029//1029 1010//1010 1009//1009
f 1029//1029 1009//1009 1030//1030
f 1030//1030 1009//1009 1031//1031
f 1031//1031 1009//1009 1008//1008
f 1031//1031 1008//1008 1032//1032
f 1032//1032 1008//1008 1005//1005
f 1032//1032 1005//1005 1033//1033
f 1033//1033 1005//1005 1034//1034
f 1034//1034 1005//1005 1035//1035
f 1035//1035 1005//1005 994//994
f 1035//1035 994//994 993//993
f 1035//1035 993//993 1036//1036
f 1036//1036 993//993 992//992
f 1036//1036 992//992 991//991
f 1036//1036 991//991 1037//1037
f 1036//1036 1037//1037 1038//1038
f 1036//1036 1038//1038 1039//1039
f 1038//1038 1037//1037 1040//1040
f 1038//1038 1040//1040 1039//1039
f 1039//1039 1040//1040 1032//1032
f 1039//1039 1032//1032 1041//1041
f 1039//1039 1041//1041 1036//1036
f 1036//1036 1041//1041 1042//1042
f 1042//1042 1041//1041 1032//1032
f 1036//1036 1042//1042 1035//1035
f 1035//1035 1042//1042 1043//1043
f 1043//1043 1042//1042 1044//1044
f 1044//1044 1042//1042 1032//1032
f 1043//1043 1044//1044 1045//1045
f 1043//1043 1045//1045 1035//1035
f 1035//1035 1045//1045 1046//1046
f 1046//1046 1045//1045 1044//1044
f 1035//1035 1046//1046 1034//1034
f 1034//1034 1046//1046 1033//1033
f 1033//1033 1046//1046 1044//1044
f 1033//1033 1044//1044 1032//1032
f 1047//1047 1032//1032 1040//1040
f 1047//1047 1040//1040 1048//1048
f 1048//1048 1040//1040 1037//1037
f 1048//1048 1037//1037 1049//1049
f 1049//1049 1037//1037 991//991
f 1049//1049 991//991 1050//1050
f 1050//1050 991//991 990//990
f 1050//1050 990//990 1051//1051
f 1051//1051 990//990 989//989
f 1050//1050 1051//1051 1052//1052
f 1052//1052 1051//1051 989//989
f 1052//1052 989//989 1053//1053
f 1053//1053 989//989 1054//1054
f 1054//1054 989//989 988//988
f 1054//1054 988//988 1053//1053
f 1053//1053 988//988 986//986
f 1053//1053 986//986 1055//1055
f 1053//1053 1055//1055 1056//1056
f 1053//1053 1056//1056 1052//1052
f 1052//1052 1056//1056 1057//1057
f 1052//1052 1057//1057 1050//1050
f 1050//1050 1057//1057 1058//1058
f 1050//1050 1058//1058 1049//1049
f 1049//1049 1058//1058 1059//1059
f 1049//1049 1059//1059 1048//1048
f 1048//1048 1059//1059 1047//1047
f 1047//1047 1059//1059 1060//1060
f 1060//1060 1059//1059 1061//1061
f 1061//1061 1059//1059 1058//1058
f 1060//1060 1061//1061 1062//1062
f 1060//1060 1062//1062 1063//1063
f 1060//1060 1063//1063 1047//1047
f 1047//1047 1063//1063 1064//1064
f 1047//1047 1064//1064 1032//1032
f 1032//1032 1064//1064 1065//1065
f 1032//1032 1065//1065 1031//1031
f 1065//1065 1064//1064 1066//1066
f 1066//1066 1064//1064 1063//1063
f 1066//1066 1063//1063 1067//1067
f 1067//1067 1063//1063 1068//1068
f 1068//1068 1063//1063 1062//1062
f 1068//1068 1062//1062 1069//1069
f 1069//1069 1062//1062 1070//1070
f 1070//1070 1062//1062 1061//1061
f 1070//1070 1061//1061 1071//1071
f 1071//1071 1061//1061 1072//1072
f 1072//1072 1061//1061 1073//1073
f 1073//1073 1061//1061 1058//1058
f 1073//1073 1058//1058 1074//1074
f 1074//1074 1058//1058 1075//1075
f 1075//1075 1058//1058 1076//1076
f 1076//1076 1058//1058 1077//1077
f 1077//1077 1058//1058 1057//1057
f 1076//1076 1077//1077 1078//1078
f 1076//1076 1078//1078 1079//1079
f 1076//1076 1079//1079 1075//1075
f 1075//1075 1079//1079 1080//1080
f 1075//1075 1080//1080 1074//1074
f 1074//1074 1080//1080 1081//1081
f 1074//1074 1081//1081 1073//1073
f 1073//1073 1081//1081 1082//1082
f 1073//1073 1082//1082 1072//1072
f 1072//1072 1082//1082 1083//1083
f 1072//1072 1083//1083 1084//1084
f 1072//1072 1084//1084 1071//1071
f 1084//1084 1083//1083 1085//1085
f 1085//1085 1083//1083 1082//1082
f 1085//1085 1082//1082 1086//1086
f 1086//1086 1082//1082 1081//1081
f 1086//1086 1081//1081 1087//1087
f 1087//1087 1081//1081 1088//1088
f 1088//1088 1081//1081 1080//1080
f 1088//1088 1080//1080 1089//1089
f 1088//1088 1089//1089 1090//1090
f 1090//1090 1089//1089 1091//1091
f 1090//1090 1091//1091 1092//1092
f 1090//1090 1092//1092 1088//1088
f 1088//1088 1092//1092 1093//1093
f 1088//1088 1093//1093 1087//1087
f 1087//1087 1093//1093 1094//1094
f 1087//1087 1094//1094 1086//1086
f 1086//1086 1094//1094 1085//1085
f 1085//1085 1094//1094 1095//1095
f 1085//1085 1095//1095 1096//1096
f 1085//1085 1096//1096 1084//1084
f 1084//1084 1096//1096 1097//1097
f 1084//1084 1097//1097 1098//1098
f 1084//1084 1098//1098 1071//1071
f 1071//1071 1098//1098 1070//1070
f 1070//1070 1098//1098 1099//1099
f 1070//1070 1099//1099 1069//1069
f 1069//1069 1099//1099 1100//1100
f 1069//1069 1100//1100 1068//1068
f 1068//1068 1100//1100 1101//1101
f 1068//1068 1101//1101 1102//1102
f 1068//1068 1102//1102 1067//1067
f 1067//1067 1102//1102 1103//1103
f 1103//1103 1102//1102 1104//1104
f 1104//1104 1102//1102 1105//1105
f 1105//1105 1102//1102 1101//1101
f 1105//1105 1101//1101 1106//1106
f 1106//1106 1101//1101 1100//1100
f 1106//1106 1100//1100 1099//1099
f 1106//1106 1099//1099 1107//1107
f 1107//1107 1099//1099 1108//1108
f 1108//1108 1099//1099 1098//1098
f 1108//1108 1098//1098 1109//1109
f 1109//1109 1098//1098 1110//1110
f 1110//1110 1098//1098 1097//1097
f 1110//1110 1097//1097 1111//1111
f 1111//1111 1097//1097 1096//1096
f 1111//1111 1096//1096 1112//1112
f 1112//1112 1096//1096 1113//1113
f 1113//1113 1096//1096 1114//1114
f 1114//1114 1096//1096 1095//1095
f 1113//1113 1114//1114 1115//1115
f 1113//1113 1115//1115 1112//1112
f 1112//1112 1115//1115 1116//1116
f 1112//1112 1116//1116 1111//1111
f 1111//1111 1116//1116 1117//1117
f 1111//1111 1117//1117 1110//1110
f 1110//1110 1117//1117 1118//1118
f 1110//1110 1118//1118 1109//1109
f 1118//1118 1117//1117 1119//1119
f 1119//1119 1117//1117 1120//1120
f 1120//1120 1117//1117 1116//1116
f 1120//1120 1116//1116 1121//1121
f 1121//1121 1116//1116 1122//1122
f 1122//1122 1116//1116 1115//1115
f 1122//1122 1115//1115 1123//1123
f 1123//1123 1115//1115 1124//1124
f 1124//1124 1115//1115 1114//1114
f 1124//1124 1114//1114 1125//1125
f 1125//1125 1114//1114 1095//1095
f 1125//1125 1095//1095 1126//1126
f 1126//1126 1095//1095 1094//1094
f 1126//1126 1094//1094 1127//1127
f 1127//1127 1094//1094 1128//1128
f 1127//1127 1128//1128 1126//1126
f 1128//1128 1094//1094 1093//1093
f 1126//1126 1128//1128 1129//1129
f 1126//1126 1129//1129 1125//1125
f 1125//1125 1129//1129 1130//1130
f 1125//1125 1130//1130 1124//1124
f 1124//1124 1130//1130 1123//1123
f 1123//1123 1130//1130 1131//1131
f 1131//1131 1130//1130 1132//1132
f 1132//1132 1130//1130 1129//1129
f 1132//1132 1129//1129 1128//1128
f 1132//1132 1128//1128 1133//1133
f 1133//1133 1128//1128 1093//1093
f 1132//1132 1133//1133 1134//1134
f 1132//1132 1134//1134 1131//1131
f 1131//1131 1134//1134 1135//1135
f 1131//1131 1135//1135 1136//1136
f 1131//1131 1136//1136 1123//1123
f 1123//1123 1136//1136 1122//1122
f 1122//1122 1136//1136 1137//1137
f 1122//1122 1137//1137 1121//1121
f 1137//1137 1136//1136 1138//1138
f 1138//1138 1136//1136 1139//1139
f 1139//1139 1136//1136 1135//1135
f 1139//1139 1135//1135 1140//1140
f 1139//1139 1140//1140 1138//1138
f 1140//1140 1135//1135 1141//1141
f 1141//1141 1135//1135 1134//1134
f 1140//1140 1141//1141 1142//1142
f 1140//1140 1142//1142 1138//1138
f 1138//1138 1142//1142 1137//1137
f 1137//1137 1142//1142 1143//1143
f 1137//1137 1143//1143 1144//1144
f 1137//1137 1144//1144 1121//1121
f 1121//1121 1144//1144 1145//1145
f 1121//1121 1145//1145 1120//1120
f 1120//1120 1145//1145 1146//1146
f 1146//1146 1145//1145 1144//1144
f 1120//1120 1146//1146 1119//1119
f 1119//1119 1146//1146 1147//1147
f 1119//1119 1147//1147 1148//1148
f 1119//1119 1148//1148 1118//1118
f 1118//1118 1148//1148 1109//1109
f 1109//1109 1148//1148 1149//1149
f 1109//1109 1149//1149 1108//1108
f 1108//1108 1149//1149 1107//1107
f 1107//1107 1149//1149 1150//1150
f 1107//1107 1150//1150 1151//1151
f 1107//1107 1151//1151 1106//1106
f 1106//1106 1151//1151 1152//1152
f 1106//1106 1152//1152 1105//1105
f 1105//1105 1152//1152 1153//1153
f 1105//1105 1153//1153 1104//1104
f 1104//1104 1153//1153 1103//1103
f 1103//1103 1153//1153 1154//1154
f 1103//1103 1154//1154 1155//1155
f 1103//1103 1155//1155 1067//1067
f 1067//1067 1155//1155 1156//1156
f 1067//1067 1156//1156 1157//1157
f 1067//1067 1157//1157 1066//1066
f 1066//1066 1157//1157 1065//1065
f 1065//1065 1157//1157 1158//1158
f 1065//1065 1158//1158 1159//1159
f 1065//1065 1159//1159 1031//1031
f 1031//1031 1159//1159 1030//1030
f 1030//1030 1159//1159 1160//1160
f 1160//1160 1159//1159 1161//1161
f 1161//1161 1159//1159 1158//1158
f 1160//1160 1161//1161 1162//1162
f 1161//1161 1158//1158 1163//1163
f 1161//1161 1163//1163 1162//1162
f 1163//1163 1158//1158 1164//1164
f 1164//1164 1158//1158 1157//1157
f 1164//1164 1157//1157 1165//1165
f 1164//1164 1165//1165 1163//1163
f 1165//1165 1157//1157 1156//1156
f 1165//1165 1156//1156 1166//1166
f 1166//1166 1156//1156 1155//1155
f 1165//1165 1166//1166 1167//1167
f 1165//1165 1167//1167 1163//1163
f 1167//1167 1166//1166 1168//1168
f 1168//1168 1166//1166 1169//1169
f 1168//1168 1169//1169 1170//1170
f 1169//1169 1166//1166 1171//1171
f 1171//1171 1166//1166 1172//1172
f 1172//1172 1166//1166 1155//1155
f 1171//1171 1172//1172 1173//1173
f 1173//1173 1172//1172 1155//1155
f 1173//1173 1155//1155 1174//1174
f 1173//1173 1174//1174 1175//1175
f 1173//1173 1175//1175 1176//1176
f 1176//1176 1175//1175 1177//1177
f 1173//1173 1176//1176 1178//1178
f 1173//1173 1178//1178 1179//1179
f 1173//1173 1179//1179 1171//1171
f 1171//1171 1179//1179 1180//1180
f 1171//1171 1180//1180 1169//1169
f 1169//1169 1180//1180 1170//1170
f 1170//1170 1180//1180 1181//1181
f 1181//1181 1180//1180 1182//1182
f 1182//1182 1180//1180 1179//1179
f 1182//1182 1179//1179 1178//1178
f 1182//1182 1178//1178 1183//1183
f 1182//1182 1183//1183 1181//1181
f 1183//1183 1178//1178 1184//1184
f 1184//1184 1178//1178 1176//1176
f 1184//1184 1176//1176 1177//1177
f 1184//1184 1177//1177 1185//1185
f 1184//1184 1185//1185 1186//1186
f 1184//1184 1186//1186 1183//1183
f 1183//1183 1186//1186 1187//1187
f 1183//1183 1187//1187 1181//1181
f 1187//1187 1186//1186 1188//1188
f 1188//1188 1186//1186 1185//1185
f 1187//1187 1188//1188 1189//1189
f 1189//1189 1188//1188 1190//1190
f 1190//1190 1188//1188 1185//1185
f 1190//1190 1185//1185 1191//1191
f 1190//1190 1191//1191 1189//1189
f 1191//1191 1185//1185 1177//1177
f 1191//1191 1177//1177 1175//1175
f 1191//1191 1175//1175 1192//1192
f 1191//1191 1192//1192 1189//1189
f 1192//1192 1175//1175 1174//1174
f 1189//1189 1192//1192 1193//1193
f 1189//1189 1193//1193 1187//1187
f 1193//1193 1192//1192 1194//1194
f 1193//1193 1194//1194 1187//1187
f 1194//1194 1192//1192 1174//1174
f 1194//1194 1174//1174 1155//1155
f 1194//1194 1155//1155 1195//1195
f 1194//1194 1195//1195 1196//1196
f 1194//1194 1196//1196 1187//1187
f 1187//1187 1196//1196 1181//1181
f 1181//1181 1196//1196 1197//1197
f 1181//1181 1197//1197 1170//1170
f 1170//1170 1197//1197 1168//1168
f 1168//1168 1197//1197 1198//1198
f 1168//1168 1198//1198 1167//1167
f 1167//1167 1198//1198 1199//1199
f 1167//1167 1199//1199 1163//1163
f 1163//1163 1199//1199 1200//1200
f 1163//1163 1200//1200 1162//1162
f 1162//1162 1200//1200 1160//1160
f 1160//1160 1200//1200 1201//1201
f 1201//1201 1200//1200 1202//1202
f 1202//1202 1200//1200 1203//1203
f 1203//1203 1200//1200 1199//1199
f 1202//1202 1203//1203 1204//1204
f 1202//1202 1204//1204 1205//1205
f 1202//1202 1205//1205 1201//1201
f 1205//1205 1204//1204 1206//1206
f 1205//1205 1206//1206 1207//1207
f 1205//1205 1207//1207 1201//1201
f 1201//1201 1207//1207 1208//1208
f 1201//1201 1208//1208 1209//1209
f 1201//1201 1209//1209 1160//1160
f 1160//1160 1209//1209 1210//1210
f 1160//1160 1210//1210 1030//1030
f 1030//1030 1210//1210 1029//1029
f 1029//1029 1210//1210 1211//1211
f 1211//1211 1210//1210 1212//1212
f 1212//1212 1210//1210 1209//1209
f 1212//1212 1209//1209 1213//1213
f 1213//1213 1209//1209 1208//1208
f 1213//1213 1208//1208 1214//1214
f 1213//1213 1214//1214 1215//1215
f 1213//1213 1215//1215 1216//1216
f 1213//1213 1216//1216 1217//1217
f 1213//1213 1217//1217 1212//1212
f 1212//1212 1217//1217 1218//1218
f 1212//1212 1218//1218 1211//1211
f 1211//1211 1218//1218 1219//1219
f 1211//1211 1219//1219 1029//1029
f 1219//1219 1218//1218 1217//1217
f 1029//1029 1219//1219 1028//1028
f 1028//1028 1219//1219 1220//1220
f 1028//1028 1220//1220 1221//1221
f 1028//1028 1221//1221 1027//1027
f 1027//1027 1221//1221 1222//1222
f 1222//1222 1221//1221 1220//1220
f 1027//1027 1222//1222 1026//1026
f 1026//1026 1222//1222 1223//1223
f 1026//1026 1223//1223 1224//1224
f 1026//1026 1224//1224 1225//1225
f 1026//1026 1225//1225 1226//1226
f 1026//1026 1226//1226 1025//1025
f 1226//1226 1225//1225 1227//1227
f 1227//1227 1225//1225 1228//1228
f 1228//1228 1225//1225 1224//1224
f 1227//1227 1228//1228 1229//1229
f 1227//1227 1229//1229 1230//1230
f 1227//1227 1230//1230 1226//1226
f 1226//1226 1230//1230 1231//1231
f 1231//1231 1230//1230 1229//1229
f 1231//1231 1229//1229 1232//1232
f 1231//1231 1232//1232 1233//1233
f 1231//1231 1233//1233 1226//1226
f 1226//1226 1233//1233 1234//1234
f 1226//1226 1234//1234 1025//1025
f 1025//1025 1234//1234 1235//1235
f 1025//1025 1235//1235 1024//1024
f 1235//1235 1234//1234 1236//1236
f 1236//1236 1234//1234 1237//1237
f 1237//1237 1234//1234 1233//1233
f 1236//1236 1237//1237 1238//1238
f 1236//1236 1238//1238 1239//1239
f 1236//1236 1239//1239 1235//1235
f 1239//1239 1238//1238 1240//1240
f 1239//1239 1240//1240 1241//1241
f 1239//1239 1241//1241 1235//1235
f 1241//1241 1240//1240 1242//1242
f 1242//1242 1240//1240 1238//1238
f 1242//1242 1238//1238 1243//1243
f 1243//1243 1238//1238 1244//1244
f 1244//1244 1238//1238 1237//1237
f 1243//1243 1244//1244 1245//1245
f 1243//1243 1245//1245 1246//1246
f 1243//1243 1246//1246 1242//1242
f 1242//1242 1246//1246 1241//1241
f 1241//1241 1246//1246 1247//1247
f 1241//1241 1247//1247 1235//1235
f 1235//1235 1247//1247 1248//1248
f 1235//1235 1248//1248 1024//1024
f 1024//1024 1248//1248 1247//1247
f 1024//1024 1247//1247 1023//1023
f 1023//1023 1247//1247 1249//1249
f 1249//1249 1247//1247 1246//1246
f 1023//1023 1249//1249 1022//1022
f 1022//1022 1249//1249 1246//1246
f 1022//1022 1246//1246 1021//1021
f 1021//1021 1246//1246 1245//1245
f 1021//1021 1245//1245 1020//1020
f 1020//1020 1245//1245 1244//1244
f 1020//1020 1244//1244 935//935
f 935//935 1244//1244 934//934
f 934//934 1244//1244 1250//1250
f 934//934 1250//1250 933//933
f 1250//1250 1244//1244 1251//1251
f 1251//1251 1244//1244 1237//1237
f 1250//1250 1251//1251 1252//1252
f 1250//1250 1252//1252 933//933
f 1252//1252 1251//1251 1253//1253
f 1253//1253 1251//1251 1237//1237
f 1253//1253 1237//1237 1233//1233
f 1253//1253 1233//1233 1254//1254
f 1254//1254 1233//1233 1232//1232
f 1253//1253 1254//1254 1255//1255
f 1253//1253 1255//1255 1256//1256
f 1253//1253 1256//1256 1252//1252
f 1252//1252 1256//1256 1257//1257
f 1257//1257 1256//1256 1258//1258
f 1258//1258 1256//1256 1255//1255
f 1258//1258 1255//1255 1259//1259
f 1259//1259 1255//1255 1260//1260
f 1260//1260 1255//1255 1254//1254
f 1260//1260 1254//1254 1232//1232
f 1260//1260 1232//1232 1261//1261
f 1261//1261 1232//1232 1229//1229
f 1260//1260 1261//1261 1262//1262
f 1260//1260 1262//1262 1259//1259
f 1262//1262 1261//1261 1263//1263
f 1263//1263 1261//1261 1264//1264
f 1264//1264 1261//1261 1229//1229
f 1264//1264 1229//1229 1265//1265
f 1265//1265 1229//1229 1228//1228
f 1264//1264 1265//1265 1266//1266
f 1266//1266 1265//1265 1228//1228
f 1264//1264 1266//1266 1267//1267
f 1264//1264 1267//1267 1263//1263
f 1263//1263 1267//1267 1268//1268
f 1263//1263 1268//1268 1262//1262
f 1262//1262 1268//1268 1269//1269
f 1262//1262 1269//1269 1259//1259
f 1259//1259 1269//1269 1270//1270
f 1259//1259 1270//1270 1258//1258
f 1258//1258 1270//1270 1271//1271
f 1258//1258 1271//1271 1272//1272
f 1258//1258 1272//1272 1257//1257
f 1272//1272 1271//1271 1273//1273
f 1273//1273 1271//1271 1270//1270
f 1272//1272 1273//1273 1274//1274
f 1273//1273 1270//1270 1275//1275
f 1273//1273 1275//1275 1274//1274
f 1275//1275 1270//1270 1276//1276
f 1276//1276 1270//1270 1277//1277
f 1277//1277 1270//1270 1269//1269
f 1277//1277 1269//1269 1278//1278
f 1278//1278 1269//1269 1268//1268
f 1278//1278 1268//1268 1279//1279
f 1279//1279 1268//1268 1267//1267
f 1279//1279 1267//1267 1280//1280
f 1279//1279 1280//1280 1278//1278
f 1280//1280 1267//1267 1281//1281
f 1281//1281 1267//1267 1266//1266
f 1281//1281 1266//1266 1282//1282
f 1281//1281 1282//1282 1283//1283
f 1281//1281 1283//1283 1280//1280
f 1280//1280 1283//1283 1284//1284
f 1280//1280 1284//1284 1285//1285
f 1280//1280 1285//1285 1286//1286
f 1280//1280 1286//1286 1278//1278
f 1278//1278 1286//1286 1287//1287
f 1278//1278 1287//1287 1277//1277
f 1287//1287 1286//1286 1288//1288
f 1288//1288 1286//1286 1285//1285
f 1288//1288 1285//1285 1289//1289
f 1289//1289 1285//1285 1284//1284
f 1289//1289 1284//1284 1290//1290
f 1290//1290 1284//1284 1283//1283
f 1289//1289 1290//1290 1291//1291
f 1289//1289 1291//1291 1292//1292
f 1289//1289 1292//1292 1288//1288
f 1288//1288 1292//1292 1293//1293
f 1288//1288 1293//1293 1287//1287
f 1287//1287 1293//1293 1294//1294
f 1287//1287 1294//1294 1277//1277
f 1277//1277 1294//1294 1295//1295
f 1295//1295 1294//1294 1293//1293
f 1277//1277 1295//1295 1276//1276
f 1295//1295 1293//1293 1296//1296
f 1276//1276 1295//1295 1297//1297
f 1297//1297 1295//1295 1296//1296
f 1276//1276 1297//1297 1298//1298
f 1276//1276 1298//1298 1275//1275
f 1298//1298 1297//1297 1299//1299
f 1299//1299 1297//1297 1300//1300
f 1300//1300 1297//1297 1296//1296
f 1300//1300 1296//1296 1301//1301
f 1301//1301 1296//1296 1293//1293
f 1301//1301 1293//1293 1292//1292
f 1301//1301 1292//1292 1302//1302
f 1302//1302 1292//1292 1303//1303
f 1303//1303 1292//1292 1291//1291
f 1303//1303 1291//1291 1304//1304
f 1304//1304 1291//1291 1305//1305
f 1305//1305 1291//1291 1290//1290
f 1304//1304 1305//1305 1306//1306
f 1304//1304 1306//1306 1307//1307
f 1304//1304 1307//1307 1303//1303
f 1303//1303 1307//1307 1308//1308
f 1303//1303 1308//1308 1302//1302
f 1302//1302 1308//1308 1309//1309
f 1302//1302 1309//1309 1310//1310
f 1302//1302 1310//1310 1301//1301
f 1301//1301 1310//1310 1311//1311
f 1301//1301 1311//1311 1300//1300
f 1300//1300 1311//1311 1312//1312
f 1300//1300 1312//1312 1299//1299
f 1299//1299 1312//1312 1313//1313
f 1313//1313 1312//1312 1311//1311
f 1299//1299 1313//1313 1298//1298
f 1298//1298 1313//1313 1314//1314
f 1314//1314 1313//1313 1311//1311
f 1298//1298 1314//1314 1275//1275
f 1314//1314 1311//1311 1315//1315
f 1315//1315 1311//1311 1316//1316
f 1316//1316 1311//1311 1317//1317
f 1317//1317 1311//1311 1310//1310
f 1317//1317 1310//1310 1309//1309
f 1317//1317 1309//1309 1318//1318
f 1317//1317 1318//1318 1319//1319
f 1317//1317 1319//1319 1316//1316
f 1316//1316 1319//1319 1315//1315
f 1315//1315 1319//1319 1320//1320
f 1315//1315 1320//1320 1314//1314
f 1320//1320 1319//1319 1321//1321
f 1320//1320 1321//1321 1322//1322
f 1320//1320 1322//1322 1323//1323
f 1322//1322 1321//1321 1324//1324
f 1324//1324 1321//1321 1325//1325
f 1325//1325 1321//1321 1319//1319
f 1325//1325 1319//1319 1326//1326
f 1326//1326 1319//1319 1318//1318
f 1326//1326 1318//1318 1327//1327
f 1327//1327 1318//1318 1309//1309
f 1327//1327 1309//1309 1308//1308
f 1327//1327 1308//1308 1328//1328
f 1328//1328 1308//1308 1307//1307
f 1327//1327 1328//1328 1329//1329
f 1329//1329 1328//1328 1307//1307
f 1329//1329 1307//1307 1330//1330
f 1330//1330 1307//1307 1331//1331
f 1331//1331 1307//1307 1306//1306
f 1331//1331 1306//1306 1332//1332
f 1332//1332 1306//1306 1305//1305
f 1332//1332 1305//1305 1333//1333
f 1333//1333 1305//1305 1290//1290
f 1332//1332 1333//1333 1334//1334
f 1332//1332 1334//1334 1331//1331
f 1331//1331 1334//1334 1335//1335
f 1331//1331 1335//1335 1330//1330
f 1330//1330 1335//1335 1336//1336
f 1330//1330 1336//1336 1337//1337
f 1330//1330 1337//1337 1329//1329
f 1329//1329 1337//1337 1338//1338
f 1338//1338 1337//1337 1336//1336
f 1329//1329 1338//1338 1339//1339
f 1329//1329 1339//1339 1327//1327
f 1339//1339 1338//1338 1340//1340
f 1339//1339 1340//1340 1341//1341
f 1339//1339 1341//1341 1342//1342
f 1342//1342 1341//1341 1340//1340
f 1339//1339 1342//1342 1327//1327
f 1327//1327 1342//1342 1343//1343
f 1327//1327 1343//1343 1326//1326
f 1326//1326 1343//1343 1344//1344
f 1344//1344 1343//1343 1342//1342
f 1344//1344 1342//1342 1345//1345
f 1344//1344 1345//1345 1346//1346
f 1344//1344 1346//1346 1326//1326
f 1326//1326 1346//1346 1347//1347
f 1326//1326 1347//1347 1348//1348
f 1326//1326 1348//1348 1325//1325
f 1325//1325 1348//1348 1349//1349
f 1325//1325 1349//1349 1324//1324
f 1349//1349 1348//1348 1350//1350
f 1350//1350 1348//1348 1347//1347
f 1350//1350 1347//1347 1346//1346
f 1350//1350 1346//1346 1351//1351
f 1351//1351 1346//1346 1345//1345
f 1351//1351 1345//1345 1352//1352
f 1352//1352 1345//1345 1342//1342
f 1352//1352 1342//1342 1340//1340
f 1352//1352 1340//1340 1353//1353
f 1353//1353 1340//1340 1354//1354
f 1354//1354 1340//1340 1338//1338
f 1353//1353 1354//1354 1355//1355
f 1355//1355 1354//1354 1338//1338
f 1355//1355 1338//1338 1356//1356
f 1356//1356 1338//1338 1336//1336
f 1356//1356 1336//1336 1357//1357
f 1357//1357 1336//1336 1335//1335
f 1357//1357 1335//1335 1358//1358
f 1358//1358 1335//1335 1334//1334
f 1357//1357 1358//1358 1359//1359
f 1357//1357 1359//1359 1356//1356
f 1356//1356 1359//1359 1360//1360
f 1356//1356 1360//1360 1355//1355
f 1360//1360 1359//1359 1361//1361
f 1355//1355 1360//1360 1362//1362
f 1362//1362 1360//1360 1361//1361
f 1362//1362 1361//1361 1363//1363
f 1363//1363 1361//1361 1364//1364
f 1362//1362 1363//1363 1365//1365
f 1365//1365 1363//1363 1366//1366
f 1366//1366 1363//1363 1367//1367
f 1367//1367 1363//1363 1364//1364
f 1367//1367 1364//1364 1368//1368
f 1368//1368 1364//1364 1369//1369
f 1369//1369 1364//1364 1361//1361
f 1369//1369 1361//1361 1370//1370
f 1370//1370 1361//1361 1359//1359
f 1369//1369 1370//1370 1368//1368
f 1370//1370 1359//1359 1371//1371
f 1370//1370 1371//1371 1368//1368
f 1371//1371 1359//1359 1358//1358
f 1368//1368 1371//1371 1372//1372
f 1372//1372 1371//1371 1373//1373
f 1373//1373 1371//1371 1374//1374
f 1374//1374 1371//1371 1358//1358
f 1374//1374 1358//1358 1375//1375
f 1375//1375 1358//1358 1334//1334
f 1375//1375 1334//1334 1376//1376
f 1376//1376 1334//1334 1333//1333
f 1375//1375 1376//1376 1377//1377
f 1377//1377 1376//1376 1333//1333
f 1375//1375 1377//1377 1378//1378
f 1375//1375 1378//1378 1379//1379
f 1375//1375 1379//1379 1380//1380
f 1375//1375 1380//1380 1374//1374
f 1374//1374 1380//1380 1381//1381
f 1374//1374 1381//1381 1382//1382
f 1374//1374 1382//1382 1373//1373
f 1382//1382 1381//1381 1383//1383
f 1382//1382 1383//1383 1384//1384
f 1382//1382 1384//1384 1373//1373
f 1373//1373 1384//1384 1385//1385
f 1373//1373 1385//1385 1372//1372
f 1372//1372 1385//1385 1386//1386
f 1372//1372 1386//1386 1387//1387
f 1372//1372 1387//1387 1368//1368
f 1368//1368 1387//1387 1388//1388
f 1368//1368 1388//1388 1389//1389
f 1368//1368 1389//1389 1367//1367
f 1389//1389 1388//1388 1390//1390
f 1390//1390 1388//1388 1387//1387
f 1389//1389 1390//1390 1391//1391
f 1391//1391 1390//1390 1392//1392
f 1392//1392 1390//1390 1387//1387
f 1392//1392 1387//1387 1393//1393
f 1393//1393 1387//1387 1394//1394
f 1394//1394 1387//1387 1386//1386
f 1394//1394 1386//1386 1395//1395
f 1395//1395 1386//1386 1385//1385
f 1395//1395 1385//1385 1396//1396
f 1396//1396 1385//1385 1384//1384
f 1395//1395 1396//1396 1397//1397
f 1397//1397 1396//1396 1398//1398
f 1397//1397 1398//1398 1399//1399
f 1397//1397 1399//1399 1400//1400
f 1397//1397 1400//1400 1395//1395
f 1395//1395 1400//1400 1401//1401
f 1395//1395 1401//1401 1402//1402
f 1395//1395 1402//1402 1394//1394
f 1394//1394 1402//1402 1403//1403
f 1403//1403 1402//1402 1404//1404
f 1403//1403 1404//1404 1405//1405
f 1403//1403 1405//1405 1406//1406
f 1403//1403 1406//1406 1394//1394
f 1394//1394 1406//1406 1407//1407
f 1394//1394 1407//1407 1408//1408
f 1394//1394 1408//1408 1393//1393
f 1408//1408 1407//1407 1409//1409
f 1409//1409 1407//1407 1406//1406
f 1409//1409 1406//1406 1410//1410
f 1410//1410 1406//1406 1405//1405
f 1410//1410 1405//1405 1411//1411
f 1411//1411 1405//1405 1412//1412
f 1412//1412 1405//1405 1404//1404
f 1412//1412 1404//1404 1413//1413
f 1413//1413 1404//1404 1414//1414
f 1414//1414 1404//1404 1402//1402
f 1413//1413 1414//1414 1415//1415
f 1413//1413 1415//1415 1416//1416
f 1413//1413 1416//1416 1417//1417
f 1413//1413 1417//1417 1418//1418
f 1413//1413 1418//1418 1412//1412
f 1418//1418 1417//1417 1419//1419
f 1419//1419 1417//1417 1416//1416
f 1419//1419 1416//1416 1420//1420
f 1420//1420 1416//1416 1415//1415
f 1420//1420 1415//1415 1421//1421
f 1421//1421 1415//1415 1414//1414
f 1421//1421 1414//1414 1422//1422
f 1422//1422 1414//1414 1423//1423
f 1423//1423 1414//1414 1402//1402
f 1423//1423 1402//1402 1422//1422
f 1422//1422 1402//1402 1401//1401
f 1422//1422 1401//1401 1421//1421
f 1421//1421 1401//1401 1400//1400
f 1421//1421 1400//1400 1420//1420
f 1420//1420 1400//1400 1399//1399
f 1420//1420 1399//1399 1424//1424
f 1420//1420 1424//1424 1419//1419
f 1419//1419 1424//1424 1418//1418
f 1424//1424 1399//1399 1398//1398
f 1424//1424 1398//1398 1425//1425
f 1424//1424 1425//1425 1418//1418
f 1425//1425 1398//1398 1396//1396
f 1425//1425 1396//1396 1426//1426
f 1426//1426 1396//1396 1384//1384
f 1426//1426 1384//1384 1427//1427
f 1427//1427 1384//1384 1383//1383
f 1427//1427 1383//1383 1428//1428
f 1428//1428 1383//1383 1429//1429
f 1429//1429 1383//1383 1381//1381
f 1429//1429 1381//1381 1430//1430
f 1430//1430 1381//1381 1380//1380
f 1430//1430 1380//1380 1379//1379
f 1430//1430 1379//1379 1431//1431
f 1431//1431 1379//1379 1432//1432
f 1432//1432 1379//1379 1378//1378
f 1432//1432 1378//1378 1433//1433
f 1432//1432 1433//1433 1431//1431
f 1433//1433 1378//1378 1377//1377
f 1433//1433 1377//1377 1434//1434
f 1434//1434 1377//1377 1435//1435
f 1435//1435 1377//1377 1333//1333
f 1435//1435 1333//1333 1436//1436
f 1436//1436 1333//1333 1290//1290
f 1436//1436 1290//1290 1437//1437
f 1437//1437 1290//1290 1283//1283
f 1437//1437 1283//1283 1438//1438
f 1438//1438 1283//1283 1282//1282
f 1438//1438 1282//1282 1439//1439
f 1439//1439 1282//1282 1440//1440
f 1440//1440 1282//1282 1266//1266
f 1440//1440 1266//1266 1228//1228
f 1440//1440 1228//1228 1224//1224
f 1440//1440 1224//1224 1441//1441
f 1440//1440 1441//1441 1442//1442
f 1440//1440 1442//1442 1439//1439
f 1439//1439 1442//1442 1443//1443
f 1439//1439 1443//1443 1438//1438
f 1443//1443 1442//1442 1444//1444
f 1444//1444 1442//1442 1441//1441
f 1443//1443 1444//1444 1445//1445
f 1443//1443 1445//1445 1446//1446
f 1443//1443 1446//1446 1438//1438
f 1438//1438 1446//1446 1447//1447
f 1438//1438 1447//1447 1437//1437
f 1437//1437 1447//1447 1448//1448
f 1437//1437 1448//1448 1436//1436
f 1436//1436 1448//1448 1435//1435
f 1435//1435 1448//1448 1449//1449
f 1435//1435 1449//1449 1434//1434
f 1434//1434 1449//1449 1450//1450
f 1434//1434 1450//1450 1433//1433
f 1433//1433 1450//1450 1451//1451
f 1433//1433 1451//1451 1452//1452
f 1433//1433 1452//1452 1431//1431
f 1431//1431 1452//1452 1453//1453
f 1431//1431 1453//1453 1430//1430
f 1430//1430 1453//1453 1429//1429
f 1429//1429 1453//1453 1428//1428
f 1428//1428 1453//1453 1454//1454
f 1454//1454 1453//1453 1455//1455
f 1455//1455 1453//1453 1456//1456
f 1456//1456 1453//1453 1452//1452
f 1456//1456 1452//1452 1457//1457
f 1456//1456 1457//1457 1455//1455
f 1457//1457 1452//1452 1451//1451
f 1455//1455 1457//1457 1458//1458
f 1458//1458 1457//1457 1451//1451
f 1455//1455 1458//1458 1454//1454
f 1458//1458 1451//1451 1450//1450
f 1454//1454 1458//1458 1459//1459
f 1454//1454 1459//1459 1428//1428
f 1428//1428 1459//1459 1460//1460
f 1428//1428 1460//1460 1427//1427
f 1427//1427 1460//1460 1426//1426
f 1426//1426 1460//1460 1461//1461
f 1426//1426 1461//1461 1425//1425
f 1425//1425 1461//1461 1462//1462
f 1425//1425 1462//1462 1418//1418
f 1418//1418 1462//1462 1463//1463
f 1418//1418 1463//1463 1412//1412
f 1412//1412 1463//1463 1411//1411
f 1411//1411 1463//1463 1464//1464
f 1411//1411 1464//1464 1410//1410
f 1464//1464 1463//1463 1465//1465
f 1465//1465 1463//1463 1462//1462
f 1465//1465 1462//1462 1466//1466
f 1466//1466 1462//1462 1467//1467
f 1467//1467 1462//1462 1461//1461
f 1467//1467 1461//1461 1460//1460
f 1467//1467 1460//1460 1468//1468
f 1468//1468 1460//1460 1469//1469
f 1469//1469 1460//1460 1470//1470
f 1470//1470 1460//1460 1471//1471
f 1471//1471 1460//1460 1472//1472
f 1472//1472 1460//1460 1459//1459
f 1472//1472 1459//1459 1473//1473
f 1472//1472 1473//1473 1474//1474
f 1472//1472 1474//1474 1471//1471
f 1471//1471 1474//1474 1475//1475
f 1471//1471 1475//1475 1470//1470
f 1470//1470 1475//1475 1476//1476
f 1470//1470 1476//1476 1469//1469
f 1469//1469 1476//1476 1477//1477
f 1469//1469 1477//1477 1478//1478
f 1478//1478 1477//1477 1479//1479
f 1479//1479 1477//1477 1476//1476
f 1479//1479 1476//1476 1480//1480
f 1479//1479 1480//1480 1481//1481
f 1479//1479 1481//1481 1478//1478
f 1478//1478 1481//1481 1482//1482
f 1478//1478 1482//1482 1469//1469
f 1482//1482 1481//1481 1483//1483
f 1469//1469 1482//1482 1484//1484
f 1469//1469 1484//1484 1485//1485
f 1469//1469 1485//1485 1468//1468
f 1485//1485 1484//1484 1486//1486
f 1485//1485 1486//1486 1487//1487
f 1485//1485 1487//1487 1468//1468
f 1487//1487 1486//1486 1488//1488
f 1488//1488 1486//1486 1484//1484
f 1487//1487 1488//1488 1489//1489
f 1487//1487 1489//1489 1490//1490
f 1487//1487 1490//1490 1468//1468
f 1468//1468 1490//1490 1491//1491
f 1468//1468 1491//1491 1467//1467
f 1491//1491 1490//1490 1492//1492
f 1491//1491 1492//1492 1467//1467
f 1492//1492 1490//1490 1489//1489
f 1492//1492 1489//1489 1493//1493
f 1493//1493 1489//1489 1488//1488
f 1493//1493 1488//1488 1484//1484
f 1493//1493 1484//1484 1494//1494
f 1494//1494 1484//1484 1482//1482
f 1493//1493 1494//1494 1495//1495
f 1495//1495 1494//1494 1482//1482
f 1493//1493 1495//1495 1492//1492
f 1495//1495 1482//1482 1496//1496
f 1495//1495 1496//1496 1492//1492
f 1496//1496 1482//1482 1483//1483
f 1492//1492 1496//1496 1497//1497
f 1492//1492 1497//1497 1467//1467
f 1467//1467 1497//1497 1498//1498
f 1498//1498 1497//1497 1496//1496
f 1498//1498 1496//1496 1499//1499
f 1499//1499 1496//1496 1500//1500
f 1499//1499 1500//1500 1501//1501
f 1499//1499 1501//1501 1502//1502
f 1499//1499 1502//1502 1498//1498
f 1498//1498 1502//1502 1503//1503
f 1498//1498 1503//1503 1467//1467
f 1503//1503 1502//1502 1504//1504
f 1504//1504 1502//1502 1505//1505
f 1505//1505 1502//1502 1501//1501
f 1505//1505 1501//1501 1506//1506
f 1506//1506 1501//1501 1507//1507
f 1507//1507 1501//1501 1500//1500
f 1507//1507 1500//1500 1508//1508
f 1508//1508 1500//1500 1509//1509
f 1509//1509 1500//1500 1496//1496
f 1509//1509 1496//1496 1510//1510
f 1510//1510 1496//1496 1483//1483
f 1510//1510 1483//1483 1511//1511
f 1510//1510 1511//1511 1509//1509
f 1511//1511 1483//1483 1481//1481
f 1511//1511 1481//1481 1512//1512
f 1512//1512 1481//1481 1480//1480
f 1511//1511 1512//1512 1513//1513
f 1511//1511 1513//1513 1509//1509
f 1513//1513 1512//1512 1514//1514
f 1514//1514 1512//1512 1480//1480
f 1513//1513 1514//1514 1515//1515
f 1513//1513 1515//1515 1509//1509
f 1509//1509 1515//1515 1516//1516
f 1509//1509 1516//1516 1508//1508
f 1516//1516 1515//1515 1517//1517
f 1517//1517 1515//1515 1514//1514
f 1517//1517 1514//1514 1518//1518
f 1518//1518 1514//1514 1480//1480
f 1518//1518 1480//1480 1476//1476
f 1518//1518 1476//1476 1519//1519
f 1519//1519 1476//1476 1520//1520
f 1519//1519 1520//1520 1476//1476
f 1519//1519 1476//1476 1475//1475
f 1519//1519 1475//1475 1521//1521
f 1521//1521 1475//1475 1522//1522
f 1522//1522 1475//1475 1474//1474
f 1521//1521 1522//1522 1523//1523
f 1521//1521 1523//1523 1519//1519
f 1519//1519 1523//1523 1518//1518
f 1518//1518 1523//1523 1524//1524
f 1518//1518 1524//1524 1517//1517
f 1517//1517 1524//1524 1516//1516
f 1516//1516 1524//1524 1525//1525
f 1525//1525 1524//1524 1523//1523
f 1516//1516 1525//1525 1508//1508
f 1525//1525 1523//1523 1526//1526
f 1525//1525 1526//1526 1527//1527
f 1525//1525 1527//1527 1508//1508
f 1527//1527 1526//1526 1528//1528
f 1528//1528 1526//1526 1523//1523
f 1528//1528 1523//1523 1529//1529
f 1529//1529 1523//1523 1522//1522
f 1529//1529 1522//1522 1474//1474
f 1529//1529 1474//1474 1530//1530
f 1529//1529 1530//1530 1528//1528
f 1530//1530 1474//1474 1531//1531
f 1531//1531 1474//1474 1473//1473
f 1530//1530 1531//1531 1532//1532
f 1530//1530 1532//1532 1528//1528
f 1528//1528 1532//1532 1533//1533
f 1528//1528 1533//1533 1527//1527
f 1527//1527 1533//1533 1534//1534
f 1527//1527 1534//1534 1508//1508
f 1534//1534 1533//1533 1535//1535
f 1535//1535 1533//1533 1532//1532
f 1534//1534 1535//1535 1536//1536
f 1535//1535 1532//1532 1537//1537
f 1535//1535 1537//1537 1536//1536
f 1536//1536 1537//1537 1538//1538
f 1536//1536 1538//1538 1539//1539
f 1536//1536 1539//1539 1534//1534
f 1534//1534 1539//1539 1540//1540
f 1534//1534 1540//1540 1508//1508
f 1508//1508 1540//1540 1507//1507
f 1507//1507 1540//1540 1539//1539
f 1507//1507 1539//1539 1506//1506
f 1506//1506 1539//1539 1538//1538
f 1506//1506 1538//1538 1541//1541
f 1506//1506 1541//1541 1505//1505
f 1505//1505 1541//1541 1542//1542
f 1505//1505 1542//1542 1504//1504
f 1542//1542 1541//1541 1543//1543
f 1543//1543 1541//1541 1538//1538
f 1543//1543 1538//1538 1537//1537
f 1543//1543 1537//1537 1544//1544
f 1544//1544 1537//1537 1545//1545
f 1545//1545 1537//1537 1532//1532
f 1545//1545 1532//1532 1546//1546
f 1546//1546 1532//1532 1531//1531
f 1546//1546 1531//1531 1547//1547
f 1547//1547 1531//1531 1548//1548
f 1548//1548 1531//1531 1473//1473
f 1548//1548 1473//1473 1549//1549
f 1549//1549 1473//1473 1459//1459
f 1549//1549 1459//1459 1550//1550
f 1550//1550 1459//1459 1458//1458
f 1550//1550 1458//1458 1549//1549
f 1549//1549 1458//1458 1551//1551
f 1549//1549 1551//1551 1548//1548
f 1551//1551 1458//1458 1450//1450
f 1551//1551 1450//1450 1552//1552
f 1551//1551 1552//1552 1553//1553
f 1551//1551 1553//1553 1548//1548
f 1548//1548 1553//1553 1554//1554
f 1548//1548 1554//1554 1555//1555
f 1548//1548 1555//1555 1547//1547
f 1555//1555 1554//1554 1556//1556
f 1556//1556 1554//1554 1557//1557
f 1557//1557 1554//1554 1558//1558
f 1558//1558 1554//1554 1553//1553
f 1558//1558 1553//1553 1559//1559
f 1559//1559 1553//1553 1552//1552
f 1559//1559 1552//1552 1560//1560
f 1560//1560 1552//1552 1450//1450
f 1560//1560 1450//1450 1561//1561
f 1560//1560 1561//1561 1559//1559
f 1561//1561 1450//1450 1449//1449
f 1561//1561 1449//1449 1562//1562
f 1562//1562 1449//1449 1448//1448
f 1562//1562 1448//1448 1447//1447
f 1562//1562 1447//1447 1446//1446
f 1562//1562 1446//1446 1445//1445
f 1562//1562 1445//1445 1563//1563
f 1562//1562 1563//1563 1561//1561
f 1563//1563 1445//1445 1444//1444
f 1563//1563 1444//1444 1441//1441
f 1563//1563 1441//1441 1564//1564
f 1563//1563 1564//1564 1561//1561
f 1564//1564 1441//1441 1224//1224
f 1564//1564 1224//1224 1223//1223
f 1564//1564 1223//1223 1565//1565
f 1564//1564 1565//1565 1566//1566
f 1564//1564 1566//1566 1567//1567
f 1564//1564 1567//1567 1561//1561
f 1561//1561 1567//1567 1568//1568
f 1568//1568 1567//1567 1566//1566
f 1561//1561 1568//1568 1559//1559
f 1559//1559 1568//1568 1569//1569
f 1559//1559 1569//1569 1558//1558
f 1569//1569 1568//1568 1570//1570
f 1570//1570 1568//1568 1566//1566
f 1570//1570 1566//1566 1565//1565
f 1570//1570 1565//1565 1571//1571
f 1570//1570 1571//1571 1572//1572
f 1570//1570 1572//1572 1569//1569
f 1569//1569 1572//1572 1558//1558
f 1558//1558 1572//1572 1557//1557
f 1557//1557 1572//1572 1573//1573
f 1573//1573 1572//1572 1571//1571
f 1557//1557 1573//1573 1574//1574
f 1557//1557 1574//1574 1556//1556
f 1556//1556 1574//1574 1575//1575
f 1556//1556 1575//1575 1555//1555
f 1555//1555 1575//1575 1576//1576
f 1555//1555 1576//1576 1547//1547
f 1547//1547 1576//1576 1577//1577
f 1547//1547 1577//1577 1546//1546
f 1546//1546 1577//1577 1578//1578
f 1546//1546 1578//1578 1579//1579
f 1546//1546 1579//1579 1545//1545
f 1579//1579 1578//1578 1580//1580
f 1580//1580 1578//1578 1581//1581
f 1581//1581 1578//1578 1577//1577
f 1581//1581 1577//1577 1582//1582
f 1582//1582 1577//1577 1576//1576
f 1582//1582 1576//1576 1583//1583
f 1582//1582 1583//1583 1581//1581
f 1583//1583 1576//1576 1584//1584
f 1584//1584 1576//1576 1585//1585
f 1584//1584 1585//1585 1583//1583
f 1585//1585 1576//1576 1575//1575
f 1583//1583 1585//1585 1586//1586
f 1586//1586 1585//1585 1587//1587
f 1587//1587 1585//1585 1575//1575
f 1587//1587 1575//1575 1588//1588
f 1588//1588 1575//1575 1574//1574
f 1588//1588 1574//1574 1589//1589
f 1589//1589 1574//1574 1573//1573
f 1589//1589 1573//1573 1588//1588
f 1588//1588 1573//1573 1571//1571
f 1588//1588 1571//1571 1590//1590
f 1590//1590 1571//1571 1591//1591
f 1591//1591 1571//1571 1565//1565
f 1591//1591 1565//1565 1592//1592
f 1592//1592 1565//1565 1223//1223
f 1592//1592 1223//1223 1593//1593
f 1592//1592 1593//1593 1591//1591
f 1593//1593 1223//1223 1222//1222
f 1591//1591 1593//1593 1594//1594
f 1591//1591 1594//1594 1590//1590
f 1590//1590 1594//1594 1595//1595
f 1595//1595 1594//1594 1593//1593
f 1590//1590 1595//1595 1588//1588
f 1588//1588 1595//1595 1593//1593
f 1588//1588 1593//1593 1596//1596
f 1588//1588 1596//1596 1587//1587
f 1587//1587 1596//1596 1597//1597
f 1587//1587 1597//1597 1586//1586
f 1597//1597 1596//1596 1598//1598
f 1598//1598 1596//1596 1599//1599
f 1599//1599 1596//1596 1593//1593
f 1599//1599 1593//1593 1600//1600
f 1600//1600 1593//1593 1222//1222
f 1600//1600 1222//1222 1601//1601
f 1601//1601 1222//1222 1220//1220
f 1600//1600 1601//1601 1602//1602
f 1600//1600 1602//1602 1599//1599
f 1599//1599 1602//1602 1598//1598
f 1598//1598 1602//1602 1603//1603
f 1598//1598 1603//1603 1597//1597
f 1597//1597 1603//1603 1604//1604
f 1597//1597 1604//1604 1605//1605
f 1597//1597 1605//1605 1586//1586
f 1586//1586 1605//1605 1606//1606
f 1586//1586 1606//1606 1583//1583
f 1583//1583 1606//1606 1581//1581
f 1581//1581 1606//1606 1607//1607
f 1581//1581 1607//1607 1580//1580
f 1580//1580 1607//1607 1608//1608
f 1580//1580 1608//1608 1579//1579
f 1579//1579 1608//1608 1609//1609
f 1609//1609 1608//1608 1610//1610
f 1610//1610 1608//1608 1607//1607
f 1610//1610 1607//1607 1611//1611
f 1610//1610 1611//1611 1605//1605
f 1611//1611 1607//1607 1612//1612
f 1611//1611 1612//1612 1605//1605
f 1612//1612 1607//1607 1606//1606
f 1612//1612 1606//1606 1605//1605
f 1610//1610 1605//1605 1613//1613
f 1613//1613 1605//1605 1604//1604
f 1613//1613 1604//1604 1614//1614
f 1614//1614 1604//1604 1615//1615
f 1615//1615 1604//1604 1603//1603
f 1614//1614 1615//1615 1616//1616
f 1614//1614 1616//1616 1617//1617
f 1614//1614 1617//1617 1618//1618
f 1618//1618 1617//1617 1619//1619
f 1619//1619 1617//1617 1616//1616
f 1619//1619 1616//1616 1620//1620
f 1620//1620 1616//1616 1621//1621
f 1621//1621 1616//1616 1615//1615
f 1620//1620 1621//1621 1622//1622
f 1620//1620 1622//1622 1619//1619
f 1622//1622 1621//1621 1623//1623
f 1623//1623 1621//1621 1624//1624
f 1622//1622 1623//1623 1625//1625
f 1625//1625 1623//1623 1624//1624
f 1622//1622 1625//1625 1626//1626
f 1622//1622 1626//1626 1619//1619
f 1619//1619 1626//1626 1627//1627
f 1619//1619 1627//1627 1628//1628
f 1619//1619 1628//1628 1629//1629
f 1619//1619 1629//1629 1618//1618
f 1618//1618 1629//1629 1630//1630
f 1618//1618 1630//1630 1631//1631
f 1618//1618 1631//1631 1614//1614
f 1614//1614 1631//1631 1613//1613
f 1613//1613 1631//1631 1632//1632
f 1613//1613 1632//1632 1610//1610
f 1610//1610 1632//1632 1633//1633
f 1610//1610 1633//1633 1609//1609
f 1609//1609 1633//1633 1634//1634
f 1609//1609 1634//1634 1635//1635
f 1635//1635 1634//1634 1633//1633
f 1609//1609 1635//1635 1579//1579
f 1579//1579 1635//1635 1636//1636
f 1579//1579 1636//1636 1545//1545
f 1636//1636 1635//1635 1637//1637
f 1637//1637 1635//1635 1633//1633
f 1637//1637 1633//1633 1632//1632
f 1637//1637 1632//1632 1638//1638
f 1637//1637 1638//1638 1639//1639
f 1637//1637 1639//1639 1636//1636
f 1636//1636 1639//1639 1545//1545
f 1545//1545 1639//1639 1640//1640
f 1640//1640 1639//1639 1638//1638
f 1545//1545 1640//1640 1544//1544
f 1544//1544 1640//1640 1641//1641
f 1544//1544 1641//1641 1642//1642
f 1544//1544 1642//1642 1543//1543
f 1543//1543 1642//1642 1643//1643
f 1543//1543 1643//1643 1644//1644
f 1543//1543 1644//1644 1542//1542
f 1542//1542 1644//1644 1645//1645
f 1542//1542 1645//1645 1504//1504
f 1504//1504 1645//1645 1646//1646
f 1646//1646 1645//1645 1644//1644
f 1504//1504 1646//1646 1503//1503
f 1503//1503 1646//1646 1467//1467
f 1467//1467 1646//1646 1647//1647
f 1467//1467 1647//1647 1466//1466
f 1466//1466 1647//1647 1465//1465
f 1465//1465 1647//1647 1648//1648
f 1465//1465 1648//1648 1464//1464
f 1464//1464 1648//1648 1649//1649
f 1464//1464 1649//1649 1410//1410
f 1410//1410 1649//1649 1409//1409
f 1409//1409 1649//1649 1650//1650
f 1409//1409 1650//1650 1651//1651
f 1409//1409 1651//1651 1408//1408
f 1651//1651 1650//1650 1652//1652
f 1651//1651 1652//1652 1653//1653
f 1651//1651 1653//1653 1408//1408
f 1408//1408 1653//1653 1654//1654
f 1408//1408 1654//1654 1393//1393
f 1393//1393 1654//1654 1655//1655
f 1655//1655 1654//1654 1653//1653
f 1393//1393 1655//1655 1656//1656
f 1393//1393 1656//1656 1657//1657
f 1393//1393 1657//1657 1392//1392
f 1392//1392 1657//1657 1658//1658
f 1392//1392 1658//1658 1391//1391
f 1391//1391 1658//1658 1659//1659
f 1391//1391 1659//1659 1389//1389
f 1389//1389 1659//1659 1660//1660
f 1660//1660 1659//1659 1658//1658
f 1389//1389 1660//1660 1367//1367
f 1367//1367 1660//1660 1661//1661
f 1367//1367 1661//1661 1366//1366
f 1366//1366 1661//1661 1662//1662
f 1366//1366 1662//1662 1365//1365
f 1662//1662 1661//1661 1663//1663
f 1662//1662 1663//1663 1664//1664
f 1662//1662 1664//1664 1665//1665
f 1662//1662 1665//1665 1365//1365
f 1365//1365 1665//1665 1666//1666
f 1365//1365 1666//1666 1362//1362
f 1362//1362 1666//1666 1667//1667
f 1667//1667 1666//1666 1668//1668
f 1668//1668 1666//1666 1665//1665
f 1667//1667 1668//1668 1669//1669
f 1668//1668 1665//1665 1670//1670
f 1668//1668 1670//1670 1669//1669
f 1670//1670 1665//1665 1671//1671
f 1671//1671 1665//1665 1664//1664
f 1671//1671 1664//1664 1672//1672
f 1672//1672 1664//1664 1663//1663
f 1672//1672 1663//1663 1673//1673
f 1673//1673 1663//1663 1661//1661
f 1673//1673 1661//1661 1674//1674
f 1674//1674 1661//1661 1675//1675
f 1675//1675 1661//1661 1660//1660
f 1675//1675 1660//1660 1676//1676
f 1676//1676 1660//1660 1658//1658
f 1675//1675 1676//1676 1677//1677
f 1675//1675 1677//1677 1674//1674
f 1674//1674 1677//1677 1678//1678
f 1674//1674 1678//1678 1673//1673
f 1673//1673 1678//1678 1679//1679
f 1673//1673 1679//1679 1672//1672
f 1679//1679 1678//1678 1680//1680
f 1680//1680 1678//1678 1677//1677
f 1680//1680 1677//1677 1681//1681
f 1681//1681 1677//1677 1676//1676
f 1681//1681 1676//1676 1682//1682
f 1682//1682 1676//1676 1658//1658
f 1682//1682 1658//1658 1683//1683
f 1682//1682 1683//1683 1681//1681
f 1683//1683 1658//1658 1657//1657
f 1681//1681 1683//1683 1684//1684
f 1681//1681 1684//1684 1680//1680
f 1684//1684 1683//1683 1685//1685
f 1685//1685 1683//1683 1657//1657
f 1684//1684 1685//1685 1686//1686
f 1684//1684 1686//1686 1680//1680
f 1680//1680 1686//1686 1687//1687
f 1680//1680 1687//1687 1688//1688
f 1680//1680 1688//1688 1679//1679
f 1679//1679 1688//1688 1689//1689
f 1679//1679 1689//1689 1690//1690
f 1679//1679 1690//1690 1672//1672
f 1672//1672 1690//1690 1691//1691
f 1672//1672 1691//1691 1671//1671
f 1671//1671 1691//1691 1692//1692
f 1692//1692 1691//1691 1690//1690
f 1671//1671 1692//1692 1670//1670
f 1692//1692 1690//1690 1693//1693
f 1693//1693 1690//1690 1689//1689
f 1692//1692 1693//1693 1694//1694
f 1692//1692 1694//1694 1670//1670
f 1670//1670 1694//1694 1695//1695
f 1670//1670 1695//1695 1669//1669
f 1695//1695 1694//1694 1696//1696
f 1696//1696 1694//1694 1693//1693
f 1696//1696 1693//1693 1697//1697
f 1697//1697 1693//1693 1698//1698
f 1698//1698 1693//1693 1689//1689
f 1698//1698 1689//1689 1688//1688
f 1698//1698 1688//1688 1699//1699
f 1699//1699 1688//1688 1687//1687
f 1698//1698 1699//1699 1700//1700
f 1698//1698 1700//1700 1697//1697
f 1697//1697 1700//1700 1701//1701
f 1697//1697 1701//1701 1696//1696
f 1696//1696 1701//1701 1702//1702
f 1696//1696 1702//1702 1695//1695
f 1702//1702 1701//1701 1703//1703
f 1703//1703 1701//1701 1700//1700
f 1703//1703 1700//1700 1704//1704
f 1703//1703 1704//1704 1705//1705
f 1703//1703 1705//1705 1702//1702
f 1702//1702 1705//1705 1706//1706
f 1702//1702 1706//1706 1695//1695
f 1695//1695 1706//1706 1669//1669
f 1669//1669 1706//1706 1707//1707
f 1707//1707 1706//1706 1705//1705
f 1669//1669 1707//1707 1708//1708
f 1669//1669 1708//1708 1667//1667
f 1667//1667 1708//1708 1362//1362
f 1362//1362 1708//1708 1355//1355
f 1355//1355 1708//1708 1709//1709
f 1355//1355 1709//1709 1353//1353
f 1709//1709 1708//1708 1710//1710
f 1710//1710 1708//1708 1711//1711
f 1711//1711 1708//1708 1707//1707
f 1711//1711 1707//1707 1705//1705
f 1711//1711 1705//1705 1712//1712
f 1712//1712 1705//1705 1713//1713
f 1713//1713 1705//1705 1704//1704
f 1713//1713 1704//1704 1714//1714
f 1713//1713 1714//1714 1715//1715
f 1713//1713 1715//1715 1712//1712
f 1715//1715 1714//1714 1716//1716
f 1716//1716 1714//1714 1717//1717
f 1717//1717 1714//1714 1704//1704
f 1717//1717 1704//1704 1718//1718
f 1718//1718 1704//1704 1700//1700
f 1717//1717 1718//1718 1719//1719
f 1717//1717 1719//1719 1720//1720
f 1720//1720 1719//1719 1718//1718
f 1717//1717 1720//1720 1721//1721
f 1717//1717 1721//1721 1716//1716
f 1716//1716 1721//1721 1722//1722
f 1716//1716 1722//1722 1715//1715
f 1722//1722 1721//1721 1723//1723
f 1722//1722 1723//1723 1724//1724
f 1722//1722 1724//1724 1715//1715
f 1715//1715 1724//1724 1725//1725
f 1715//1715 1725//1725 1712//1712
f 1725//1725 1724//1724 1726//1726
f 1726//1726 1724//1724 1727//1727
f 1727//1727 1724//1724 1723//1723
f 1726//1726 1727//1727 1728//1728
f 1726//1726 1728//1728 1729//1729
f 1726//1726 1729//1729 1730//1730
f 1726//1726 1730//1730 1725//1725
f 1730//1730 1729//1729 1731//1731
f 1731//1731 1729//1729 1732//1732
f 1732//1732 1729//1729 1728//1728
f 1732//1732 1728//1728 1733//1733
f 1733//1733 1728//1728 1734//1734
f 1734//1734 1728//1728 1727//1727
f 1734//1734 1727//1727 1735//1735
f 1735//1735 1727//1727 1723//1723
f 1735//1735 1723//1723 1736//1736
f 1736//1736 1723//1723 1721//1721
f 1736//1736 1721//1721 1720//1720
f 1736//1736 1720//1720 1718//1718
f 1736//1736 1718//1718 1700//1700
f 1736//1736 1700//1700 1737//1737
f 1736//1736 1737//1737 1735//1735
f 1737//1737 1700//1700 1699//1699
f 1737//1737 1699//1699 1687//1687
f 1737//1737 1687//1687 1738//1738
f 1737//1737 1738//1738 1735//1735
f 1738//1738 1687//1687 1686//1686
f 1738//1738 1686//1686 1735//1735
f 1735//1735 1686//1686 1734//1734
f 1734//1734 1686//1686 1739//1739
f 1734//1734 1739//1739 1733//1733
f 1733//1733 1739//1739 1740//1740
f 1733//1733 1740//1740 1732//1732
f 1740//1740 1739//1739 1741//1741
f 1741//1741 1739//1739 1686//1686
f 1741//1741 1686//1686 1742//1742
f 1742//1742 1686//1686 1743//1743
f 1743//1743 1686//1686 1685//1685
f 1742//1742 1743//1743 1744//1744
f 1744//1744 1743//1743 1685//1685
f 1742//1742 1744//1744 1741//1741
f 1741//1741 1744//1744 1745//1745
f 1745//1745 1744//1744 1685//1685
f 1741//1741 1745//1745 1740//1740
f 1745//1745 1685//1685 1657//1657
f 1740//1740 1745//1745 1746//1746
f 1746//1746 1745//1745 1657//1657
f 1740//1740 1746//1746 1732//1732
f 1732//1732 1746//1746 1657//1657
f 1732//1732 1657//1657 1656//1656
f 1732//1732 1656//1656 1731//1731
f 1731//1731 1656//1656 1655//1655
f 1731//1731 1655//1655 1747//1747
f 1731//1731 1747//1747 1730//1730
f 1747//1747 1655//1655 1748//1748
f 1748//1748 1655//1655 1653//1653
f 1747//1747 1748//1748 1749//1749
f 1747//1747 1749//1749 1730//1730
f 1730//1730 1749//1749 1750//1750
f 1730//1730 1750//1750 1725//1725
f 1750//1750 1749//1749 1751//1751
f 1750//1750 1751//1751 1725//1725
f 1751//1751 1749//1749 1748//1748
f 1751//1751 1748//1748 1752//1752
f 1752//1752 1748//1748 1653//1653
f 1752//1752 1653//1653 1652//1652
f 1752//1752 1652//1652 1753//1753
f 1753//1753 1652//1652 1754//1754
f 1754//1754 1652//1652 1650//1650
f 1753//1753 1754//1754 1755//1755
f 1755//1755 1754//1754 1756//1756
f 1756//1756 1754//1754 1650//1650
f 1756//1756 1650//1650 1757//1757
f 1757//1757 1650//1650 1649//1649
f 1757//1757 1649//1649 1648//1648
f 1757//1757 1648//1648 1758//1758
f 1758//1758 1648//1648 1647//1647
f 1758//1758 1647//1647 1759//1759
f 1759//1759 1647//1647 1646//1646
f 1759//1759 1646//1646 1644//1644
f 1759//1759 1644//1644 1760//1760
f 1760//1760 1644//1644 1761//1761
f 1761//1761 1644//1644 1643//1643
f 1761//1761 1643//1643 1642//1642
f 1761//1761 1642//1642 1762//1762
f 1762//1762 1642//1642 1641//1641
f 1761//1761 1762//1762 1763//1763
f 1761//1761 1763//1763 1760//1760
f 1760//1760 1763//1763 1764//1764
f 1764//1764 1763//1763 1762//1762
f 1760//1760 1764//1764 1765//1765
f 1760//1760 1765//1765 1759//1759
f 1759//1759 1765//1765 1766//1766
f 1759//1759 1766//1766 1758//1758
f 1758//1758 1766//1766 1757//1757
f 1757//1757 1766//1766 1767//1767
f 1767//1767 1766//1766 1765//1765
f 1757//1757 1767//1767 1756//1756
f 1767//1767 1765//1765 1768//1768
f 1768//1768 1765//1765 1764//1764
f 1767//1767 1768//1768 1769//1769
f 1767//1767 1769//1769 1756//1756
f 1756//1756 1769//1769 1770//1770
f 1756//1756 1770//1770 1771//1771
f 1756//1756 1771//1771 1755//1755
f 1755//1755 1771//1771 1772//1772
f 1772//1772 1771//1771 1773//1773
f 1773//1773 1771//1771 1770//1770
f 1773//1773 1770//1770 1774//1774
f 1774//1774 1770//1770 1769//1769
f 1774//1774 1769//1769 1768//1768
f 1774//1774 1768//1768 1775//1775
f 1775//1775 1768//1768 1776//1776
f 1776//1776 1768//1768 1764//1764
f 1776//1776 1764//1764 1762//1762
f 1776//1776 1762//1762 1777//1777
f 1777//1777 1762//1762 1641//1641
f 1776//1776 1777//1777 1778//1778
f 1778//1778 1777//1777 1641//1641
f 1776//1776 1778//1778 1779//1779
f 1776//1776 1779//1779 1780//1780
f 1776//1776 1780//1780 1775//1775
f 1780//1780 1779//1779 1781//1781
f 1775//1775 1780//1780 1782//1782
f 1775//1775 1782//1782 1783//1783
f 1775//1775 1783//1783 1784//1784
f 1775//1775 1784//1784 1774//1774
f 1774//1774 1784//1784 1785//1785
f 1774//1774 1785//1785 1773//1773
f 1785//1785 1784//1784 1786//1786
f 1786//1786 1784//1784 1783//1783
f 1786//1786 1783//1783 1787//1787
f 1786//1786 1787//1787 1788//1788
f 1786//1786 1788//1788 1785//1785
f 1785//1785 1788//1788 1789//1789
f 1785//1785 1789//1789 1790//1790
f 1785//1785 1790//1790 1773//1773
f 1773//1773 1790//1790 1791//1791
f 1773//1773 1791//1791 1772//1772
f 1791//1791 1790//1790 1792//1792
f 1792//1792 1790//1790 1789//1789
f 1792//1792 1789//1789 1793//1793
f 1793//1793 1789//1789 1788//1788
f 1793//1793 1788//1788 1794//1794
f 1794//1794 1788//1788 1787//1787
f 1793//1793 1794//1794 1795//1795
f 1793//1793 1795//1795 1792//1792
f 1795//1795 1794//1794 1796//1796
f 1796//1796 1794//1794 1787//1787
f 1796//1796 1787//1787 1797//1797
f 1797//1797 1787//1787 1783//1783
f 1796//1796 1797//1797 1798//1798
f 1796//1796 1798//1798 1799//1799
f 1796//1796 1799//1799 1800//1800
f 1796//1796 1800//1800 1801//1801
f 1796//1796 1801//1801 1795//1795
f 1795//1795 1801//1801 1802//1802
f 1795//1795 1802//1802 1803//1803
f 1795//1795 1803//1803 1792//1792
f 1803//1803 1802//1802 1804//1804
f 1803//1803 1804//1804 1792//1792
f 1804//1804 1802//1802 1805//1805
f 1805//1805 1802//1802 1801//1801
f 1805//1805 1801//1801 1806//1806
f 1806//1806 1801//1801 1800//1800
f 1806//1806 1800//1800 1807//1807
f 1807//1807 1800//1800 1799//1799
f 1807//1807 1799//1799 1808//1808
f 1808//1808 1799//1799 1798//1798
f 1808//1808 1798//1798 1809//1809
f 1809//1809 1798//1798 1810//1810
f 1810//1810 1798//1798 1797//1797
f 1810//1810 1797//1797 1811//1811
f 1811//1811 1797//1797 1783//1783
f 1811//1811 1783//1783 1812//1812
f 1812//1812 1783//1783 1782//1782
f 1812//1812 1782//1782 1813//1813
f 1812//1812 1813//1813 1811//1811
f 1813//1813 1782//1782 1814//1814
f 1814//1814 1782//1782 1780//1780
f 1813//1813 1814//1814 1815//1815
f 1815//1815 1814//1814 1816//1816
f 1816//1816 1814//1814 1817//1817
f 1817//1817 1814//1814 1818//1818
f 1818//1818 1814//1814 1819//1819
f 1819//1819 1814//1814 1780//1780
f 1819//1819 1780//1780 1820//1820
f 1820//1820 1780//1780 1781//1781
f 1819//1819 1820//1820 1821//1821
f 1819//1819 1821//1821 1822//1822
f 1819//1819 1822//1822 1818//1818
f 1818//1818 1822//1822 1823//1823
f 1818//1818 1823//1823 1817//1817
f 1817//1817 1823//1823 1824//1824
f 1817//1817 1824//1824 1816//1816
f 1816//1816 1824//1824 1825//1825
f 1816//1816 1825//1825 1815//1815
f 1815//1815 1825//1825 1826//1826
f 1815//1815 1826//1826 1813//1813
f 1813//1813 1826//1826 1827//1827
f 1813//1813 1827//1827 1811//1811
f 1811//1811 1827//1827 1828//1828
f 1811//1811 1828//1828 1810//1810
f 1828//1828 1827//1827 1829//1829
f 1829//1829 1827//1827 1826//1826
f 1829//1829 1826//1826 1830//1830
f 1830//1830 1826//1826 1825//1825
f 1829//1829 1830//1830 1831//1831
f 1829//1829 1831//1831 1828//1828
f 1831//1831 1830//1830 1832//1832
f 1832//1832 1830//1830 1825//1825
f 1832//1832 1825//1825 1833//1833
f 1833//1833 1825//1825 1824//1824
f 1833//1833 1824//1824 1834//1834
f 1834//1834 1824//1824 1835//1835
f 1835//1835 1824//1824 1823//1823
f 1834//1834 1835//1835 1836//1836
f 1834//1834 1836//1836 1837//1837
f 1834//1834 1837//1837 1833//1833
f 1833//1833 1837//1837 1838//1838
f 1838//1838 1837//1837 1836//1836
f 1833//1833 1838//1838 1839//1839
f 1833//1833 1839//1839 1832//1832
f 1832//1832 1839//1839 1840//1840
f 1832//1832 1840//1840 1831//1831
f 1840//1840 1839//1839 1838//1838
f 1831//1831 1840//1840 1828//1828
f 1840//1840 1838//1838 1841//1841
f 1840//1840 1841//1841 1828//1828
f 1841//1841 1838//1838 1842//1842
f 1842//1842 1838//1838 1836//1836
f 1841//1841 1842//1842 1843//1843
f 1841//1841 1843//1843 1844//1844
f 1844//1844 1843//1843 1845//1845
f 1845//1845 1843//1843 1842//1842
f 1845//1845 1842//1842 1846//1846
f 1846//1846 1842//1842 1847//1847
f 1847//1847 1842//1842 1836//1836
f 1847//1847 1836//1836 1848//1848
f 1848//1848 1836//1836 1849//1849
f 1849//1849 1836//1836 1835//1835
f 1849//1849 1835//1835 1823//1823
f 1849//1849 1823//1823 1850//1850
f 1850//1850 1823//1823 1851//1851
f 1851//1851 1823//1823 1822//1822
f 1851//1851 1822//1822 1852//1852
f 1852//1852 1822//1822 1821//1821
f 1852//1852 1821//1821 1853//1853
f 1853//1853 1821//1821 1820//1820
f 1853//1853 1820//1820 1854//1854
f 1854//1854 1820//1820 1781//1781
f 1853//1853 1854//1854 1855//1855
f 1853//1853 1855//1855 1852//1852
f 1852//1852 1855//1855 1856//1856
f 1856//1856 1855//1855 1857//1857
f 1857//1857 1855//1855 1854//1854
f 1856//1856 1857//1857 1858//1858
f 1856//1856 1858//1858 1852//1852
f 1852//1852 1858//1858 1851//1851
f 1851//1851 1858//1858 1859//1859
f 1851//1851 1859//1859 1860//1860
f 1851//1851 1860//1860 1850//1850
f 1850//1850 1860//1860 1861//1861
f 1850//1850 1861//1861 1862//1862
f 1862//1862 1861//1861 1860//1860
f 1850//1850 1862//1862 1849//1849
f 1849//1849 1862//1862 1863//1863
f 1849//1849 1863//1863 1848//1848
f 1848//1848 1863//1863 1847//1847
f 1847//1847 1863//1863 1864//1864
f 1847//1847 1864//1864 1865//1865
f 1847//1847 1865//1865 1846//1846
f 1846//1846 1865//1865 1866//1866
f 1846//1846 1866//1866 1867//1867
f 1846//1846 1867//1867 1845//1845
f 1845//1845 1867//1867 1868//1868
f 1845//1845 1868//1868 1869//1869
f 1845//1845 1869//1869 1844//1844
f 1844//1844 1869//1869 1870//1870
f 1870//1870 1869//1869 1868//1868
f 1844//1844 1870//1870 1871//1871
f 1844//1844 1871//1871 1841//1841
f 1871//1871 1870//1870 1872//1872
f 1872//1872 1870//1870 1868//1868
f 1872//1872 1868//1868 1873//1873
f 1873//1873 1868//1868 1867//1867
f 1872//1872 1873//1873 1874//1874
f 1872//1872 1874//1874 1871//1871
f 1871//1871 1874//1874 1875//1875
f 1871//1871 1875//1875 1841//1841
f 1841//1841 1875//1875 1828//1828
f 1828//1828 1875//1875 1876//1876
f 1876//1876 1875//1875 1874//1874
f 1828//1828 1876//1876 1810//1810
f 1876//1876 1874//1874 1877//1877
f 1877//1877 1874//1874 1878//1878
f 1878//1878 1874//1874 1879//1879
f 1879//1879 1874//1874 1873//1873
f 1879//1879 1873//1873 1880//1880
f 1879//1879 1880//1880 1878//1878
f 1878//1878 1880//1880 1881//1881
f 1878//1878 1881//1881 1877//1877
f 1877//1877 1881//1881 1882//1882
f 1882//1882 1881//1881 1880//1880
f 1877//1877 1882//1882 1876//1876
f 1882//1882 1880//1880 1883//1883
f 1883//1883 1880//1880 1884//1884
f 1884//1884 1880//1880 1873//1873
f 1883//1883 1884//1884 1885//1885
f 1883//1883 1885//1885 1886//1886
f 1883//1883 1886//1886 1882//1882
f 1886//1886 1885//1885 1887//1887
f 1887//1887 1885//1885 1888//1888
f 1888//1888 1885//1885 1884//1884
f 1888//1888 1884//1884 1889//1889
f 1889//1889 1884//1884 1873//1873
f 1889//1889 1873//1873 1890//1890
f 1890//1890 1873//1873 1867//1867
f 1889//1889 1890//1890 1891//1891
f 1891//1891 1890//1890 1867//1867
f 1889//1889 1891//1891 1888//1888
f 1891//1891 1867//1867 1892//1892
f 1892//1892 1867//1867 1866//1866
f 1892//1892 1866//1866 1893//1893
f 1893//1893 1866//1866 1894//1894
f 1894//1894 1866//1866 1865//1865
f 1894//1894 1865//1865 1895//1895
f 1895//1895 1865//1865 1864//1864
f 1895//1895 1864//1864 1896//1896
f 1896//1896 1864//1864 1863//1863
f 1895//1895 1896//1896 1897//1897
f 1895//1895 1897//1897 1898//1898
f 1895//1895 1898//1898 1894//1894
f 1894//1894 1898//1898 1893//1893
f 1893//1893 1898//1898 1899//1899
f 1893//1893 1899//1899 1900//1900
f 1893//1893 1900//1900 1892//1892
f 1892//1892 1900//1900 1901//1901
f 1892//1892 1901//1901 1891//1891
f 1891//1891 1901//1901 1902//1902
f 1902//1902 1901//1901 1903//1903
f 1903//1903 1901//1901 1904//1904
f 1904//1904 1901//1901 1900//1900
f 1904//1904 1900//1900 1905//1905
f 1904//1904 1905//1905 1903//1903
f 1905//1905 1900//1900 1906//1906
f 1906//1906 1900//1900 1907//1907
f 1907//1907 1900//1900 1899//1899
f 1907//1907 1899//1899 1908//1908
f 1907//1907 1908//1908 1909//1909
f 1907//1907 1909//1909 1906//1906
f 1909//1909 1908//1908 1910//1910
f 1910//1910 1908//1908 1899//1899
f 1910//1910 1899//1899 1911//1911
f 1910//1910 1911//1911 1909//1909
f 1911//1911 1899//1899 1898//1898
f 1911//1911 1898//1898 1912//1912
f 1911//1911 1912//1912 1913//1913
f 1913//1913 1912//1912 1898//1898
f 1913//1913 1898//1898 1914//1914
f 1914//1914 1898//1898 1915//1915
f 1915//1915 1898//1898 1897//1897
f 1914//1914 1915//1915 1916//1916
f 1914//1914 1916//1916 1913//1913
f 1916//1916 1915//1915 1917//1917
f 1917//1917 1915//1915 1918//1918
f 1918//1918 1915//1915 1897//1897
f 1918//1918 1897//1897 1919//1919
f 1919//1919 1897//1897 1896//1896
f 1919//1919 1896//1896 1920//1920
f 1920//1920 1896//1896 1863//1863
f 1920//1920 1863//1863 1921//1921
f 1921//1921 1863//1863 1922//1922
f 1922//1922 1863//1863 1862//1862
f 1922//1922 1862//1862 1860//1860
f 1922//1922 1860//1860 1923//1923
f 1922//1922 1923//1923 1924//1924
f 1922//1922 1924//1924 1921//1921
f 1921//1921 1924//1924 1925//1925
f 1921//1921 1925//1925 1920//1920
f 1920//1920 1925//1925 1926//1926
f 1920//1920 1926//1926 1919//1919
f 1919//1919 1926//1926 1927//1927
f 1919//1919 1927//1927 1928//1928
f 1919//1919 1928//1928 1918//1918
f 1918//1918 1928//1928 1929//1929
f 1918//1918 1929//1929 1917//1917
f 1917//1917 1929//1929 1930//1930
f 1917//1917 1930//1930 1916//1916
f 1930//1930 1929//1929 1931//1931
f 1931//1931 1929//1929 1928//1928
f 1931//1931 1928//1928 1932//1932
f 1932//1932 1928//1928 1927//1927
f 1932//1932 1927//1927 1933//1933
f 1933//1933 1927//1927 1934//1934
f 1934//1934 1927//1927 1926//1926
f 1934//1934 1926//1926 1925//1925
f 1934//1934 1925//1925 1935//1935
f 1935//1935 1925//1925 1936//1936
f 1936//1936 1925//1925 1924//1924
f 1936//1936 1924//1924 1923//1923
f 1936//1936 1923//1923 1937//1937
f 1937//1937 1923//1923 1938//1938
f 1938//1938 1923//1923 1860//1860
f 1938//1938 1860//1860 1859//1859
f 1938//1938 1859//1859 1939//1939
f 1939//1939 1859//1859 1940//1940
f 1940//1940 1859//1859 1858//1858
f 1939//1939 1940//1940 1941//1941
f 1939//1939 1941//1941 1938//1938
f 1938//1938 1941//1941 1942//1942
f 1942//1942 1941//1941 1940//1940
f 1938//1938 1942//1942 1937//1937
f 1937//1937 1942//1942 1943//1943
f 1937//1937 1943//1943 1936//1936
f 1936//1936 1943//1943 1935//1935
f 1935//1935 1943//1943 1944//1944
f 1935//1935 1944//1944 1945//1945
f 1935//1935 1945//1945 1934//1934
f 1934//1934 1945//1945 1946//1946
f 1934//1934 1946//1946 1947//1947
f 1947//1947 1946//1946 1945//1945
f 1934//1934 1947//1947 1933//1933
f 1933//1933 1947//1947 1948//1948
f 1933//1933 1948//1948 1932//1932
f 1948//1948 1947//1947 1949//1949
f 1948//1948 1949//1949 1932//1932
f 1932//1932 1949//1949 1950//1950
f 1932//1932 1950//1950 1951//1951
f 1932//1932 1951//1951 1931//1931
f 1951//1951 1950//1950 1952//1952
f 1931//1931 1951//1951 1953//1953
f 1953//1953 1951//1951 1952//1952
f 1953//1953 1952//1952 1954//1954
f 1954//1954 1952//1952 1955//1955
f 1955//1955 1952//1952 1956//1956
f 1956//1956 1952//1952 1950//1950
f 1956//1956 1950//1950 1957//1957
f 1957//1957 1950//1950 1958//1958
f 1958//1958 1950//1950 1949//1949
f 1958//1958 1949//1949 1959//1959
f 1959//1959 1949//1949 1947//1947
f 1959//1959 1947//1947 1960//1960
f 1960//1960 1947//1947 1945//1945
f 1960//1960 1945//1945 1961//1961
f 1961//1961 1945//1945 1962//1962
f 1962//1962 1945//1945 1944//1944
f 1962//1962 1944//1944 1963//1963
f 1963//1963 1944//1944 1943//1943
f 1963//1963 1943//1943 1964//1964
f 1964//1964 1943//1943 1942//1942
f 1964//1964 1942//1942 1965//1965
f 1965//1965 1942//1942 1940//1940
f 1965//1965 1940//1940 1966//1966
f 1966//1966 1940//1940 1858//1858
f 1966//1966 1858//1858 1967//1967
f 1966//1966 1967//1967 1965//1965
f 1967//1967 1858//1858 1857//1857
f 1967//1967 1857//1857 1854//1854
f 1967//1967 1854//1854 1968//1968
f 1967//1967 1968//1968 1969//1969
f 1967//1967 1969//1969 1965//1965
f 1969//1969 1968//1968 1970//1970
f 1969//1969 1970//1970 1965//1965
f 1965//1965 1970//1970 1971//1971
f 1971//1971 1970//1970 1968//1968
f 1965//1965 1971//1971 1972//1972
f 1965//1965 1972//1972 1964//1964
f 1964//1964 1972//1972 1973//1973
f 1973//1973 1972//1972 1971//1971
f 1964//1964 1973//1973 1974//1974
f 1964//1964 1974//1974 1963//1963
f 1963//1963 1974//1974 1975//1975
f 1963//1963 1975//1975 1962//1962
f 1975//1975 1974//1974 1976//1976
f 1976//1976 1974//1974 1973//1973
f 1976//1976 1973//1973 1977//1977
f 1977//1977 1973//1973 1971//1971
f 1976//1976 1977//1977 1978//1978
f 1976//1976 1978//1978 1975//1975
f 1978//1978 1977//1977 1979//1979
f 1978//1978 1979//1979 1975//1975
f 1979//1979 1977//1977 1980//1980
f 1980//1980 1977//1977 1981//1981
f 1981//1981 1977//1977 1971//1971
f 1981//1981 1971//1971 1968//1968
f 1981//1981 1968//1968 1982//1982
f 1982//1982 1968//1968 1854//1854
f 1981//1981 1982//1982 1983//1983
f 1981//1981 1983//1983 1984//1984
f 1981//1981 1984//1984 1980//1980
f 1980//1980 1984//1984 1985//1985
f 1980//1980 1985//1985 1979//1979
f 1985//1985 1984//1984 1986//1986
f 1986//1986 1984//1984 1987//1987
f 1987//1987 1984//1984 1983//1983
f 1987//1987 1983//1983 1986//1986
f 1986//1986 1983//1983 1982//1982
f 1986//1986 1982//1982 1988//1988
f 1988//1988 1982//1982 1989//1989
f 1989//1989 1982//1982 1854//1854
f 1989//1989 1854//1854 1990//1990
f 1990//1990 1854//1854 1781//1781
f 1989//1989 1990//1990 1991//1991
f 1991//1991 1990//1990 1781//1781
f 1989//1989 1991//1991 1988//1988
f 1988//1988 1991//1991 1992//1992
f 1988//1988 1992//1992 1986//1986
f 1986//1986 1992//1992 1993//1993
f 1986//1986 1993//1993 1985//1985
f 1993//1993 1992//1992 1994//1994
f 1994//1994 1992//1992 1991//1991
f 1994//1994 1991//1991 1995//1995
f 1995//1995 1991//1991 1996//1996
f 1996//1996 1991//1991 1781//1781
f 1996//1996 1781//1781 1997//1997
f 1997//1997 1781//1781 1779//1779
f 1996//1996 1997//1997 1998//1998
f 1996//1996 1998//1998 1995//1995
f 1995//1995 1998//1998 1999//1999
f 1995//1995 1999//1999 2000//2000
f 2000//2000 1999//1999 2001//2001
f 2000//2000 2001//2001 2002//2002
f 2000//2000 2002//2002 1995//1995
f 1995//1995 2002//2002 2003//2003
f 1995//1995 2003//2003 1994//1994
f 1994//1994 2003//2003 2004//2004
f 2004//2004 2003//2003 2002//2002
f 1994//1994 2004//2004 1993//1993
f 1993//1993 2004//2004 2005//2005
f 1993//1993 2005//2005 1985//1985
f 2005//2005 2004//2004 2006//2006
f 2006//2006 2004//2004 2007//2007
f 2007//2007 2004//2004 2002//2002
f 2007//2007 2002//2002 2008//2008
f 2008//2008 2002//2002 2001//2001
f 2007//2007 2008//2008 2009//2009
f 2009//2009 2008//2008 2001//2001
f 2009//2009 2001//2001 2010//2010
f 2010//2010 2001//2001 1999//1999
f 2010//2010 1999//1999 2011//2011
f 2010//2010 2011//2011 2009//2009
f 2011//2011 1999//1999 2012//2012
f 2012//2012 1999//1999 1998//1998
f 2012//2012 1998//1998 2013//2013
f 2013//2013 1998//1998 2014//2014
f 2014//2014 1998//1998 1997//1997
f 2013//2013 2014//2014 2015//2015
f 2015//2015 2014//2014 2016//2016
f 2016//2016 2014//2014 2017//2017
f 2017//2017 2014//2014 1997//1997
f 2017//2017 1997//1997 2018//2018
f 2017//2017 2018//2018 2016//2016
f 2018//2018 1997//1997 1779//1779
f 2018//2018 1779//1779 2019//2019
f 2019//2019 1779//1779 1778//1778
f 2019//2019 1778//1778 2020//2020
f 2019//2019 2020//2020 2018//2018
f 2020//2020 1778//1778 1641//1641
f 2020//2020 1641//1641 2021//2021
f 2021//2021 1641//1641 1640//1640
f 2021//2021 1640//1640 2022//2022
f 2022//2022 1640//1640 1638//1638
f 2021//2021 2022//2022 2023//2023
f 2021//2021 2023//2023 2020//2020
f 2020//2020 2023//2023 2022//2022
f 2020//2020 2022//2022 2024//2024
f 2020//2020 2024//2024 2018//2018
f 2024//2024 2022//2022 2025//2025
f 2025//2025 2022//2022 1638//1638
f 2024//2024 2025//2025 2026//2026
f 2024//2024 2026//2026 2018//2018
f 2018//2018 2026//2026 2027//2027
f 2018//2018 2027//2027 2016//2016
f 2016//2016 2027//2027 2015//2015
f 2015//2015 2027//2027 2028//2028
f 2015//2015 2028//2028 2013//2013
f 2028//2028 2027//2027 2029//2029
f 2029//2029 2027//2027 2026//2026
f 2029//2029 2026//2026 2030//2030
f 2030//2030 2026//2026 2031//2031
f 2031//2031 2026//2026 2025//2025
f 2031//2031 2025//2025 2032//2032
f 2032//2032 2025//2025 1638//1638
f 2031//2031 2032//2032 2033//2033
f 2031//2031 2033//2033 2030//2030
f 2030//2030 2033//2033 2034//2034
f 2034//2034 2033//2033 2032//2032
f 2030//2030 2034//2034 2035//2035
f 2035//2035 2034//2034 2036//2036
f 2036//2036 2034//2034 2037//2037
f 2037//2037 2034//2034 2032//2032
f 2037//2037 2032//2032 2038//2038
f 2038//2038 2032//2032 1638//1638
f 2038//2038 1638//1638 2037//2037
f 2037//2037 1638//1638 1632//1632
f 2037//2037 1632//1632 1631//1631
f 2037//2037 1631//1631 2036//2036
f 2036//2036 1631//1631 2039//2039
f 2039//2039 1631//1631 1630//1630
f 2036//2036 2039//2039 2040//2040
f 2040//2040 2039//2039 1630//1630
f 2036//2036 2040//2040 2035//2035
f 2040//2040 1630//1630 2041//2041
f 2041//2041 1630//1630 1629//1629
f 2041//2041 1629//1629 2042//2042
f 2042//2042 1629//1629 2043//2043
f 2043//2043 1629//1629 1628//1628
f 2042//2042 2043//2043 2044//2044
f 2044//2044 2043//2043 2045//2045
f 2045//2045 2043//2043 2046//2046
f 2046//2046 2043//2043 2047//2047
f 2047//2047 2043//2043 1628//1628
f 2046//2046 2047//2047 2048//2048
f 2046//2046 2048//2048 2045//2045
f 2045//2045 2048//2048 2049//2049
f 2045//2045 2049//2049 2044//2044
f 2044//2044 2049//2049 2050//2050
f 2044//2044 2050//2050 2051//2051
f 2044//2044 2051//2051 2042//2042
f 2042//2042 2051//2051 2052//2052
f 2042//2042 2052//2052 2041//2041
f 2041//2041 2052//2052 2053//2053
f 2041//2041 2053//2053 2040//2040
f 2040//2040 2053//2053 2054//2054
f 2040//2040 2054//2054 2055//2055
f 2040//2040 2055//2055 2035//2035
f 2035//2035 2055//2055 2030//2030
f 2030//2030 2055//2055 2056//2056
f 2030//2030 2056//2056 2029//2029
f 2029//2029 2056//2056 2057//2057
f 2029//2029 2057//2057 2028//2028
f 2057//2057 2056//2056 2058//2058
f 2057//2057 2058//2058 2028//2028
f 2058//2058 2056//2056 2055//2055
f 2058//2058 2055//2055 2054//2054
f 2058//2058 2054//2054 2059//2059
f 2059//2059 2054//2054 2053//2053
f 2059//2059 2053//2053 2060//2060
f 2060//2060 2053//2053 2052//2052
f 2060//2060 2052//2052 2061//2061
f 2061//2061 2052//2052 2051//2051
f 2061//2061 2051//2051 2062//2062
f 2062//2062 2051//2051 2050//2050
f 2061//2061 2062//2062 2063//2063
f 2062//2062 2050//2050 2064//2064
f 2064//2064 2050//2050 2065//2065
f 2065//2065 2050//2050 2049//2049
f 2064//2064 2065//2065 2066//2066
f 2066//2066 2065//2065 2049//2049
f 2064//2064 2066//2066 2067//2067
f 2067//2067 2066//2066 2068//2068
f 2068//2068 2066//2066 2049//2049
f 2068//2068 2049//2049 2069//2069
f 2069//2069 2049//2049 2048//2048
f 2069//2069 2048//2048 2070//2070
f 2070//2070 2048//2048 2071//2071
f 2071//2071 2048//2048 2047//2047
f 2071//2071 2047//2047 2072//2072
f 2072//2072 2047//2047 2073//2073
f 2073//2073 2047//2047 1628//1628
f 2073//2073 1628//1628 1627//1627
f 2073//2073 1627//1627 1626//1626
f 2073//2073 1626//1626 2074//2074
f 2074//2074 1626//1626 1625//1625
f 2073//2073 2074//2074 2075//2075
f 2073//2073 2075//2075 2072//2072
f 2072//2072 2075//2075 2071//2071
f 2071//2071 2075//2075 2076//2076
f 2071//2071 2076//2076 2070//2070
f 2070//2070 2076//2076 2077//2077
f 2070//2070 2077//2077 2078//2078
f 2070//2070 2078//2078 2069//2069
f 2069//2069 2078//2078 2079//2079
f 2069//2069 2079//2079 2068//2068
f 2068//2068 2079//2079 2080//2080
f 2080//2080 2079//2079 2081//2081
f 2081//2081 2079//2079 2082//2082
f 2082//2082 2079//2079 2078//2078
f 2081//2081 2082//2082 2083//2083
f 2081//2081 2083//2083 2084//2084
f 2081//2081 2084//2084 2080//2080
f 2080//2080 2084//2084 2085//2085
f 2080//2080 2085//2085 2086//2086
f 2080//2080 2086//2086 2068//2068
f 2068//2068 2086//2086 2087//2087
f 2068//2068 2087//2087 2067//2067
f 2087//2087 2086//2086 2088//2088
f 2088//2088 2086//2086 2085//2085
f 2087//2087 2088//2088 2089//2089
f 2087//2087 2089//2089 2090//2090
f 2087//2087 2090//2090 2067//2067
f 2067//2067 2090//2090 2091//2091
f 2067//2067 2091//2091 2064//2064
f 2064//2064 2091//2091 2092//2092
f 2064//2064 2092//2092 2062//2062
f 2062//2062 2092//2092 2093//2093
f 2093//2093 2092//2092 2091//2091
f 2062//2062 2093//2093 2063//2063
f 2093//2093 2091//2091 2094//2094
f 2094//2094 2091//2091 2095//2095
f 2095//2095 2091//2091 2090//2090
f 2095//2095 2090//2090 2096//2096
f 2096//2096 2090//2090 2089//2089
f 2095//2095 2096//2096 2097//2097
f 2096//2096 2089//2089 2098//2098
f 2096//2096 2098//2098 2097//2097
f 2098//2098 2089//2089 2099//2099
f 2099//2099 2089//2089 2088//2088
f 2099//2099 2088//2088 2085//2085
f 2099//2099 2085//2085 2100//2100
f 2100//2100 2085//2085 2084//2084
f 2100//2100 2084//2084 2101//2101
f 2101//2101 2084//2084 2083//2083
f 2101//2101 2083//2083 2102//2102
f 2102//2102 2083//2083 2082//2082
f 2102//2102 2082//2082 2103//2103
f 2103//2103 2082//2082 2104//2104
f 2104//2104 2082//2082 2078//2078
f 2104//2104 2078//2078 2105//2105
f 2105//2105 2078//2078 2077//2077
f 2104//2104 2105//2105 2106//2106
f 2106//2106 2105//2105 2077//2077
f 2106//2106 2077//2077 2107//2107
f 2107//2107 2077//2077 2076//2076
f 2107//2107 2076//2076 2108//2108
f 2107//2107 2108//2108 2106//2106
f 2106//2106 2108//2108 2109//2109
f 2106//2106 2109//2109 2110//2110
f 2106//2106 2110//2110 2111//2111
f 2111//2111 2110//2110 2112//2112
f 2112//2112 2110//2110 2113//2113
f 2113//2113 2110//2110 2109//2109
f 2112//2112 2113//2113 2114//2114
f 2112//2112 2114//2114 2111//2111
f 2111//2111 2114//2114 2115//2115
f 2115//2115 2114//2114 2116//2116
f 2116//2116 2114//2114 2113//2113
f 2115//2115 2116//2116 2117//2117
f 2115//2115 2117//2117 2111//2111
f 2111//2111 2117//2117 2106//2106
f 2106//2106 2117//2117 2118//2118
f 2106//2106 2118//2118 2104//2104
f 2104//2104 2118//2118 2119//2119
f 2104//2104 2119//2119 2120//2120
f 2104//2104 2120//2120 2103//2103
f 2103//2103 2120//2120 2121//2121
f 2103//2103 2121//2121 2102//2102
f 2102//2102 2121//2121 2122//2122
f 2102//2102 2122//2122 2101//2101
f 2101//2101 2122//2122 2123//2123
f 2101//2101 2123//2123 2100//2100
f 2100//2100 2123//2123 2124//2124
f 2124//2124 2123//2123 2122//2122
f 2100//2100 2124//2124 2099//2099
f 2099//2099 2124//2124 2125//2125
f 2099//2099 2125//2125 2098//2098
f 2098//2098 2125//2125 2126//2126
f 2126//2126 2125//2125 2127//2127
f 2127//2127 2125//2125 2124//2124
f 2127//2127 2124//2124 2128//2128
f 2128//2128 2124//2124 2129//2129
f 2129//2129 2124//2124 2122//2122
f 2129//2129 2122//2122 2130//2130
f 2130//2130 2122//2122 2131//2131
f 2131//2131 2122//2122 2121//2121
f 2130//2130 2131//2131 2132//2132
f 2130//2130 2132//2132 2133//2133
f 2130//2130 2133//2133 2129//2129
f 2133//2133 2132//2132 2134//2134
f 2134//2134 2132//2132 2135//2135
f 2135//2135 2132//2132 2131//2131
f 2134//2134 2135//2135 2136//2136
f 2135//2135 2131//2131 2137//2137
f 2137//2137 2131//2131 2138//2138
f 2138//2138 2131//2131 2121//2121
f 2137//2137 2138//2138 2139//2139
f 2137//2137 2139//2139 2135//2135
f 2135//2135 2139//2139 2140//2140
f 2135//2135 2140//2140 2136//2136
f 2140//2140 2139//2139 2141//2141
f 2141//2141 2139//2139 2138//2138
f 2141//2141 2138//2138 2142//2142
f 2142//2142 2138//2138 2121//2121
f 2142//2142 2121//2121 2120//2120
f 2142//2142 2120//2120 2143//2143
f 2143//2143 2120//2120 2144//2144
f 2144//2144 2120//2120 2119//2119
f 2143//2143 2144//2144 2145//2145
f 2143//2143 2145//2145 2142//2142
f 2142//2142 2145//2145 2141//2141
f 2141//2141 2145//2145 2146//2146
f 2141//2141 2146//2146 2140//2140
f 2146//2146 2145//2145 2147//2147
f 2140//2140 2146//2146 2148//2148
f 2148//2148 2146//2146 2147//2147
f 2140//2140 2148//2148 2149//2149
f 2140//2140 2149//2149 2136//2136
f 2136//2136 2149//2149 2150//2150
f 2136//2136 2150//2150 2134//2134
f 2134//2134 2150//2150 2151//2151
f 2134//2134 2151//2151 2133//2133
f 2133//2133 2151//2151 2152//2152
f 2152//2152 2151//2151 2150//2150
f 2133//2133 2152//2152 2129//2129
f 2152//2152 2150//2150 2153//2153
f 2152//2152 2153//2153 2154//2154
f 2152//2152 2154//2154 2129//2129
f 2129//2129 2154//2154 2155//2155
f 2129//2129 2155//2155 2128//2128
f 2128//2128 2155//2155 2156//2156
f 2128//2128 2156//2156 2127//2127
f 2127//2127 2156//2156 2157//2157
f 2127//2127 2157//2157 2126//2126
f 2126//2126 2157//2157 2158//2158
f 2158//2158 2157//2157 2159//2159
f 2159//2159 2157//2157 2156//2156
f 2159//2159 2156//2156 2160//2160
f 2160//2160 2156//2156 2155//2155
f 2160//2160 2155//2155 2161//2161
f 2161//2161 2155//2155 2154//2154
f 2160//2160 2161//2161 2162//2162
f 2162//2162 2161//2161 2163//2163
f 2163//2163 2161//2161 2154//2154
f 2163//2163 2154//2154 2164//2164
f 2164//2164 2154//2154 2165//2165
f 2164//2164 2165//2165 2163//2163
f 2165//2165 2154//2154 2166//2166
f 2166//2166 2154//2154 2167//2167
f 2167//2167 2154//2154 2153//2153
f 2166//2166 2167//2167 2168//2168
f 2166//2166 2168//2168 2165//2165
f 2165//2165 2168//2168 2169//2169
f 2165//2165 2169//2169 2170//2170
f 2165//2165 2170//2170 2163//2163
f 2163//2163 2170//2170 2171//2171
f 2163//2163 2171//2171 2162//2162
f 2162//2162 2171//2171 2172//2172
f 2162//2162 2172//2172 2173//2173
f 2162//2162 2173//2173 2160//2160
f 2160//2160 2173//2173 2159//2159
f 2159//2159 2173//2173 2174//2174
f 2159//2159 2174//2174 2175//2175
f 2159//2159 2175//2175 2158//2158
f 2158//2158 2175//2175 2176//2176
f 2158//2158 2176//2176 2177//2177
f 2158//2158 2177//2177 2126//2126
f 2126//2126 2177//2177 2178//2178
f 2126//2126 2178//2178 2098//2098
f 2098//2098 2178//2178 2179//2179
f 2098//2098 2179//2179 2180//2180
f 2098//2098 2180//2180 2097//2097
f 2097//2097 2180//2180 2181//2181
f 2097//2097 2181//2181 2095//2095
f 2181//2181 2180//2180 2182//2182
f 2182//2182 2180//2180 2179//2179
f 2182//2182 2179//2179 2183//2183
f 2183//2183 2179//2179 2178//2178
f 2183//2183 2178//2178 2177//2177
f 2183//2183 2177//2177 2184//2184
f 2183//2183 2184//2184 2185//2185
f 2183//2183 2185//2185 2182//2182
f 2185//2185 2184//2184 2186//2186
f 2186//2186 2184//2184 2177//2177
f 2186//2186 2177//2177 2187//2187
f 2187//2187 2177//2177 2188//2188
f 2188//2188 2177//2177 2176//2176
f 2188//2188 2176//2176 2189//2189
f 2188//2188 2189//2189 2190//2190
f 2188//2188 2190//2190 2187//2187
f 2190//2190 2189//2189 2191//2191
f 2191//2191 2189//2189 2176//2176
f 2191//2191 2176//2176 2175//2175
f 2191//2191 2175//2175 2192//2192
f 2192//2192 2175//2175 2174//2174
f 2191//2191 2192//2192 2193//2193
f 2193//2193 2192//2192 2194//2194
f 2194//2194 2192//2192 2174//2174
f 2194//2194 2174//2174 2195//2195
f 2194//2194 2195//2195 2196//2196
f 2194//2194 2196//2196 2197//2197
f 2194//2194 2197//2197 2193//2193
f 2193//2193 2197//2197 2198//2198
f 2193//2193 2198//2198 2191//2191
f 2191//2191 2198//2198 2199//2199
f 2191//2191 2199//2199 2190//2190
f 2190//2190 2199//2199 2200//2200
f 2190//2190 2200//2200 2187//2187
f 2187//2187 2200//2200 2201//2201
f 2187//2187 2201//2201 2186//2186
f 2186//2186 2201//2201 2202//2202
f 2202//2202 2201//2201 2200//2200
f 2186//2186 2202//2202 2185//2185
f 2202//2202 2200//2200 2203//2203
f 2203//2203 2200//2200 2204//2204
f 2204//2204 2200//2200 2199//2199
f 2204//2204 2199//2199 2205//2205
f 2205//2205 2199//2199 2198//2198
f 2205//2205 2198//2198 2197//2197
f 2205//2205 2197//2197 2206//2206
f 2206//2206 2197//2197 2196//2196
f 2205//2205 2206//2206 2207//2207
f 2205//2205 2207//2207 2208//2208
f 2205//2205 2208//2208 2204//2204
f 2204//2204 2208//2208 2209//2209
f 2204//2204 2209//2209 2203//2203
f 2203//2203 2209//2209 2210//2210
f 2203//2203 2210//2210 2202//2202
f 2202//2202 2210//2210 2211//2211
f 2202//2202 2211//2211 2212//2212
f 2202//2202 2212//2212 2185//2185
f 2185//2185 2212//2212 2213//2213
f 2185//2185 2213//2213 2214//2214
f 2185//2185 2214//2214 2182//2182
f 2182//2182 2214//2214 2215//2215
f 2215//2215 2214//2214 2213//2213
f 2182//2182 2215//2215 2216//2216
f 2182//2182 2216//2216 2217//2217
f 2182//2182 2217//2217 2181//2181
f 2217//2217 2216//2216 2218//2218
f 2217//2217 2218//2218 2181//2181
f 2218//2218 2216//2216 2219//2219
f 2219//2219 2216//2216 2215//2215
f 2219//2219 2215//2215 2220//2220
f 2219//2219 2220//2220 2218//2218
f 2220//2220 2215//2215 2221//2221
f 2221//2221 2215//2215 2222//2222
f 2222//2222 2215//2215 2213//2213
f 2222//2222 2213//2213 2223//2223
f 2223//2223 2213//2213 2224//2224
f 2224//2224 2213//2213 2225//2225
f 2225//2225 2213//2213 2212//2212
f 2225//2225 2212//2212 2211//2211
f 2225//2225 2211//2211 2226//2226
f 2226//2226 2211//2211 2227//2227
f 2227//2227 2211//2211 2210//2210
f 2227//2227 2210//2210 2209//2209
f 2227//2227 2209//2209 2228//2228
f 2228//2228 2209//2209 2208//2208
f 2227//2227 2228//2228 2229//2229
f 2229//2229 2228//2228 2208//2208
f 2229//2229 2208//2208 2230//2230
f 2230//2230 2208//2208 2207//2207
f 2230//2230 2207//2207 2231//2231
f 2231//2231 2207//2207 2206//2206
f 2231//2231 2206//2206 2232//2232
f 2231//2231 2232//2232 2233//2233
f 2231//2231 2233//2233 2230//2230
f 2230//2230 2233//2233 2234//2234
f 2230//2230 2234//2234 2229//2229
f 2229//2229 2234//2234 2235//2235
f 2229//2229 2235//2235 2227//2227
f 2235//2235 2234//2234 2236//2236
f 2236//2236 2234//2234 2233//2233
f 2236//2236 2233//2233 2237//2237
f 2236//2236 2237//2237 2235//2235
f 2237//2237 2233//2233 2238//2238
f 2238//2238 2233//2233 2232//2232
f 2237//2237 2238//2238 2239//2239
f 2239//2239 2238//2238 2240//2240
f 2240//2240 2238//2238 2241//2241
f 2241//2241 2238//2238 2232//2232
f 2241//2241 2232//2232 2242//2242
f 2242//2242 2232//2232 2206//2206
f 2242//2242 2206//2206 2243//2243
f 2243//2243 2206//2206 2196//2196
f 2243//2243 2196//2196 2244//2244
f 2244//2244 2196//2196 2195//2195
f 2244//2244 2195//2195 2245//2245
f 2244//2244 2245//2245 2246//2246
f 2244//2244 2246//2246 2247//2247
f 2244//2244 2247//2247 2248//2248
f 2244//2244 2248//2248 2243//2243
f 2243//2243 2248//2248 2249//2249
f 2243//2243 2249//2249 2250//2250
f 2243//2243 2250//2250 2242//2242
f 2242//2242 2250//2250 2241//2241
f 2241//2241 2250//2250 2251//2251
f 2241//2241 2251//2251 2252//2252
f 2241//2241 2252//2252 2240//2240
f 2252//2252 2251//2251 2253//2253
f 2252//2252 2253//2253 2254//2254
f 2252//2252 2254//2254 2255//2255
f 2252//2252 2255//2255 2240//2240
f 2240//2240 2255//2255 2256//2256
f 2240//2240 2256//2256 2239//2239
f 2239//2239 2256//2256 2257//2257
f 2239//2239 2257//2257 2237//2237
f 2237//2237 2257//2257 2258//2258
f 2237//2237 2258//2258 2259//2259
f 2237//2237 2259//2259 2235//2235
f 2235//2235 2259//2259 2260//2260
f 2235//2235 2260//2260 2227//2227
f 2227//2227 2260//2260 2261//2261
f 2261//2261 2260//2260 2259//2259
f 2227//2227 2261//2261 2226//2226
f 2226//2226 2261//2261 2225//2225
f 2225//2225 2261//2261 2262//2262
f 2225//2225 2262//2262 2224//2224
f 2262//2262 2261//2261 2263//2263
f 2262//2262 2263//2263 2224//2224
f 2263//2263 2261//2261 2264//2264
f 2264//2264 2261//2261 2265//2265
f 2265//2265 2261//2261 2259//2259
f 2265//2265 2259//2259 2264//2264
f 2264//2264 2259//2259 2258//2258
f 2264//2264 2258//2258 2266//2266
f 2266//2266 2258//2258 2267//2267
f 2267//2267 2258//2258 2257//2257
f 2266//2266 2267//2267 2268//2268
f 2266//2266 2268//2268 2269//2269
f 2266//2266 2269//2269 2264//2264
f 2264//2264 2269//2269 2270//2270
f 2264//2264 2270//2270 2271//2271
f 2264//2264 2271//2271 2263//2263
f 2263//2263 2271//2271 2272//2272
f 2263//2263 2272//2272 2224//2224
f 2272//2272 2271//2271 2273//2273
f 2273//2273 2271//2271 2270//2270
f 2273//2273 2270//2270 2274//2274
f 2274//2274 2270//2270 2269//2269
f 2274//2274 2269//2269 2275//2275
f 2275//2275 2269//2269 2268//2268
f 2275//2275 2268//2268 2276//2276
f 2276//2276 2268//2268 2277//2277
f 2277//2277 2268//2268 2267//2267
f 2277//2277 2267//2267 2257//2257
f 2277//2277 2257//2257 2278//2278
f 2278//2278 2257//2257 2256//2256
f 2277//2277 2278//2278 2279//2279
f 2277//2277 2279//2279 2276//2276
f 2276//2276 2279//2279 2280//2280
f 2280//2280 2279//2279 2281//2281
f 2281//2281 2279//2279 2278//2278
f 2281//2281 2278//2278 2282//2282
f 2282//2282 2278//2278 2256//2256
f 2282//2282 2256//2256 2283//2283
f 2283//2283 2256//2256 2255//2255
f 2282//2282 2283//2283 2284//2284
f 2282//2282 2284//2284 2281//2281
f 2284//2284 2283//2283 2285//2285
f 2284//2284 2285//2285 2281//2281
f 2281//2281 2285//2285 2286//2286
f 2281//2281 2286//2286 2287//2287
f 2281//2281 2287//2287 2280//2280
f 2280//2280 2287//2287 2288//2288
f 2280//2280 2288//2288 2276//2276
f 2276//2276 2288//2288 2289//2289
f 2276//2276 2289//2289 2275//2275
f 2275//2275 2289//2289 2290//2290
f 2275//2275 2290//2290 2274//2274
f 2290//2290 2289//2289 2291//2291
f 2291//2291 2289//2289 2288//2288
f 2291//2291 2288//2288 2292//2292
f 2291//2291 2292//2292 2290//2290
f 2292//2292 2288//2288 2287//2287
f 2292//2292 2287//2287 2293//2293
f 2293//2293 2287//2287 2286//2286
f 2293//2293 2286//2286 2294//2294
f 2294//2294 2286//2286 2285//2285
f 2294//2294 2285//2285 2295//2295
f 2294//2294 2295//2295 2296//2296
f 2294//2294 2296//2296 2297//2297
f 2294//2294 2297//2297 2293//2293
f 2293//2293 2297//2297 2298//2298
f 2293//2293 2298//2298 2299//2299
f 2293//2293 2299//2299 2292//2292
f 2292//2292 2299//2299 2300//2300
f 2292//2292 2300//2300 2290//2290
f 2300//2300 2299//2299 2301//2301
f 2290//2290 2300//2300 2302//2302
f 2302//2302 2300//2300 2301//2301
f 2290//2290 2302//2302 2303//2303
f 2290//2290 2303//2303 2274//2274
f 2274//2274 2303//2303 2273//2273
f 2273//2273 2303//2303 2272//2272
f 2272//2272 2303//2303 2304//2304
f 2304//2304 2303//2303 2302//2302
f 2304//2304 2302//2302 2305//2305
f 2305//2305 2302//2302 2306//2306
f 2306//2306 2302//2302 2301//2301
f 2306//2306 2301//2301 2307//2307
f 2307//2307 2301//2301 2299//2299
f 2307//2307 2299//2299 2308//2308
f 2308//2308 2299//2299 2309//2309
f 2309//2309 2299//2299 2298//2298
f 2309//2309 2298//2298 2297//2297
f 2309//2309 2297//2297 2310//2310
f 2309//2309 2310//2310 2311//2311
f 2309//2309 2311//2311 2308//2308
f 2311//2311 2310//2310 2312//2312
f 2311//2311 2312//2312 2308//2308
f 2308//2308 2312//2312 2313//2313
f 2308//2308 2313//2313 2314//2314
f 2308//2308 2314//2314 2307//2307
f 2307//2307 2314//2314 2315//2315
f 2307//2307 2315//2315 2306//2306
f 2306//2306 2315//2315 2316//2316
f 2306//2306 2316//2316 2317//2317
f 2306//2306 2317//2317 2305//2305
f 2305//2305 2317//2317 2318//2318
f 2305//2305 2318//2318 2304//2304
f 2318//2318 2317//2317 2319//2319
f 2319//2319 2317//2317 2320//2320
f 2320//2320 2317//2317 2316//2316
f 2320//2320 2316//2316 2321//2321
f 2321//2321 2316//2316 2315//2315
f 2320//2320 2321//2321 2322//2322
f 2320//2320 2322//2322 2319//2319
f 2322//2322 2321//2321 2323//2323
f 2322//2322 2323//2323 2324//2324
f 2322//2322 2324//2324 2325//2325
f 2322//2322 2325//2325 2319//2319
f 2319//2319 2325//2325 2326//2326
f 2319//2319 2326//2326 2327//2327
f 2319//2319 2327//2327 2318//2318
f 2318//2318 2327//2327 2304//2304
f 2304//2304 2327//2327 2328//2328
f 2304//2304 2328//2328 2223//2223
f 2304//2304 2223//2223 2329//2329
f 2329//2329 2223//2223 2224//2224
f 2329//2329 2224//2224 2272//2272
f 2329//2329 2272//2272 2330//2330
f 2329//2329 2330//2330 2304//2304
f 2304//2304 2330//2330 2272//2272
f 2223//2223 2328//2328 2222//2222
f 2222//2222 2328//2328 2331//2331
f 2222//2222 2331//2331 2221//2221
f 2331//2331 2328//2328 2332//2332
f 2331//2331 2332//2332 2221//2221
f 2221//2221 2332//2332 2333//2333
f 2221//2221 2333//2333 2220//2220
f 2220//2220 2333//2333 2218//2218
f 2218//2218 2333//2333 2334//2334
f 2218//2218 2334//2334 2181//2181
f 2181//2181 2334//2334 2095//2095
f 2095//2095 2334//2334 2094//2094
f 2094//2094 2334//2334 2335//2335
f 2094//2094 2335//2335 2093//2093
f 2093//2093 2335//2335 2336//2336
f 2093//2093 2336//2336 2063//2063
f 2063//2063 2336//2336 2337//2337
f 2063//2063 2337//2337 2061//2061
f 2061//2061 2337//2337 2338//2338
f 2061//2061 2338//2338 2060//2060
f 2338//2338 2337//2337 2339//2339
f 2060//2060 2338//2338 2340//2340
f 2340//2340 2338//2338 2339//2339
f 2060//2060 2340//2340 2341//2341
f 2060//2060 2341//2341 2059//2059
f 2059//2059 2341//2341 2342//2342
f 2059//2059 2342//2342 2058//2058
f 2342//2342 2341//2341 2343//2343
f 2343//2343 2341//2341 2340//2340
f 2343//2343 2340//2340 2344//2344
f 2344//2344 2340//2340 2339//2339
f 2344//2344 2339//2339 2345//2345
f 2345//2345 2339//2339 2337//2337
f 2345//2345 2337//2337 2346//2346
f 2346//2346 2337//2337 2336//2336
f 2346//2346 2336//2336 2347//2347
f 2347//2347 2336//2336 2335//2335
f 2347//2347 2335//2335 2348//2348
f 2348//2348 2335//2335 2334//2334
f 2348//2348 2334//2334 2349//2349
f 2348//2348 2349//2349 2347//2347
f 2349//2349 2334//2334 2333//2333
f 2347//2347 2349//2349 2350//2350
f 2350//2350 2349//2349 2333//2333
f 2347//2347 2350//2350 2346//2346
f 2346//2346 2350//2350 2351//2351
f 2346//2346 2351//2351 2345//2345
f 2351//2351 2350//2350 2352//2352
f 2352//2352 2350//2350 2353//2353
f 2353//2353 2350//2350 2333//2333
f 2353//2353 2333//2333 2352//2352
f 2352//2352 2333//2333 2354//2354
f 2354//2354 2333//2333 2355//2355
f 2355//2355 2333//2333 2332//2332
f 2354//2354 2355//2355 2356//2356
f 2354//2354 2356//2356 2357//2357
f 2354//2354 2357//2357 2352//2352
f 2352//2352 2357//2357 2358//2358
f 2352//2352 2358//2358 2351//2351
f 2351//2351 2358//2358 2345//2345
f 2345//2345 2358//2358 2359//2359
f 2345//2345 2359//2359 2360//2360
f 2345//2345 2360//2360 2344//2344
f 2360//2360 2359//2359 2361//2361
f 2360//2360 2361//2361 2362//2362
f 2360//2360 2362//2362 2363//2363
f 2360//2360 2363//2363 2344//2344
f 2363//2363 2362//2362 2364//2364
f 2364//2364 2362//2362 2365//2365
f 2365//2365 2362//2362 2361//2361
f 2365//2365 2361//2361 2366//2366
f 2366//2366 2361//2361 2359//2359
f 2365//2365 2366//2366 1985//1985
f 2365//2365 1985//1985 2005//2005
f 2365//2365 2005//2005 2006//2006
f 2365//2365 2006//2006 2364//2364
f 2364//2364 2006//2006 2007//2007
f 2364//2364 2007//2007 2009//2009
f 2364//2364 2009//2009 2363//2363
f 2363//2363 2009//2009 2367//2367
f 2367//2367 2009//2009 2368//2368
f 2368//2368 2009//2009 2011//2011
f 2367//2367 2368//2368 2369//2369
f 2369//2369 2368//2368 2370//2370
f 2370//2370 2368//2368 2011//2011
f 2370//2370 2011//2011 2371//2371
f 2371//2371 2011//2011 2012//2012
f 2371//2371 2012//2012 2372//2372
f 2371//2371 2372//2372 2370//2370
f 2372//2372 2012//2012 2013//2013
f 2372//2372 2013//2013 2028//2028
f 2372//2372 2028//2028 2058//2058
f 2372//2372 2058//2058 2342//2342
f 2372//2372 2342//2342 2373//2373
f 2372//2372 2373//2373 2374//2374
f 2372//2372 2374//2374 2370//2370
f 2370//2370 2374//2374 2369//2369
f 2369//2369 2374//2374 2375//2375
f 2375//2375 2374//2374 2373//2373
f 2375//2375 2373//2373 2342//2342
f 2375//2375 2342//2342 2343//2343
f 2375//2375 2343//2343 2376//2376
f 2376//2376 2343//2343 2344//2344
f 2376//2376 2344//2344 2377//2377
f 2377//2377 2344//2344 2363//2363
f 2377//2377 2363//2363 2367//2367
f 2377//2377 2367//2367 2369//2369
f 2377//2377 2369//2369 2375//2375
f 2377//2377 2375//2375 2378//2378
f 2378//2378 2375//2375 2376//2376
f 2378//2378 2376//2376 2377//2377
f 2379//2379 58//58 60//60
f 2379//2379 60//60 61//61
f 2379//2379 61//61 733//733
f 2379//2379 733//733 2380//2380
f 2380//2380 733//733 745//745
f 2380//2380 745//745 757//757
f 2380//2380 757//757 2381//2381
f 2380//2380 2381//2381 2382//2382
f 2380//2380 2382//2382 2383//2383
f 2380//2380 2383//2383 2379//2379
f 2383//2383 2382//2382 2384//2384
f 2384//2384 2382//2382 2385//2385
f 2385//2385 2382//2382 2381//2381
f 2385//2385 2381//2381 2386//2386
f 2386//2386 2381//2381 2387//2387
f 2387//2387 2381//2381 757//757
f 2387//2387 757//757 2388//2388
f 2387//2387 2388//2388 2386//2386
f 2386//2386 2388//2388 2389//2389
f 2386//2386 2389//2389 2385//2385
f 2389//2389 2388//2388 2390//2390
f 2390//2390 2388//2388 2391//2391
f 2391//2391 2388//2388 757//757
f 2391//2391 757//757 759//759
f 2391//2391 759//759 760//760
f 2391//2391 760//760 2392//2392
f 2392//2392 760//760 766//766
f 2392//2392 766//766 2393//2393
f 2393//2393 766//766 767//767
f 2393//2393 767//767 768//768
f 2393//2393 768//768 2394//2394
f 2393//2393 2394//2394 2392//2392
f 2394//2394 768//768 2395//2395
f 2395//2395 768//768 829//829
f 2395//2395 829//829 830//830
f 2395//2395 830//830 2396//2396
f 2396//2396 830//830 831//831
f 2396//2396 831//831 2397//2397
f 2396//2396 2397//2397 2395//2395
f 2397//2397 831//831 2398//2398
f 2398//2398 831//831 832//832
f 2397//2397 2398//2398 2399//2399
f 2399//2399 2398//2398 2400//2400
f 2399//2399 2400//2400 2401//2401
f 2399//2399 2401//2401 2402//2402
f 2399//2399 2402//2402 2397//2397
f 2397//2397 2402//2402 2403//2403
f 2403//2403 2402//2402 2401//2401
f 2397//2397 2403//2403 2395//2395
f 2403//2403 2401//2401 2404//2404
f 2404//2404 2401//2401 2400//2400
f 2404//2404 2400//2400 2398//2398
f 2404//2404 2398//2398 2405//2405
f 2405//2405 2398//2398 2406//2406
f 2406//2406 2398//2398 832//832
f 2405//2405 2406//2406 2407//2407
f 2405//2405 2407//2407 2408//2408
f 2405//2405 2408//2408 2404//2404
f 2404//2404 2408//2408 2409//2409
f 2409//2409 2408//2408 2407//2407
f 2404//2404 2409//2409 2403//2403
f 2403//2403 2409//2409 2395//2395
f 2395//2395 2409//2409 2394//2394
f 2394//2394 2409//2409 2410//2410
f 2394//2394 2410//2410 2392//2392
f 2410//2410 2409//2409 2411//2411
f 2411//2411 2409//2409 2407//2407
f 2411//2411 2407//2407 2406//2406
f 2411//2411 2406//2406 2412//2412
f 2411//2411 2412//2412 2410//2410
f 2410//2410 2412//2412 2413//2413
f 2410//2410 2413//2413 2414//2414
f 2410//2410 2414//2414 2415//2415
f 2410//2410 2415//2415 2416//2416
f 2416//2416 2415//2415 2414//2414
f 2416//2416 2414//2414 2413//2413
f 2410//2410 2416//2416 2392//2392
f 2416//2416 2413//2413 2417//2417
f 2416//2416 2417//2417 2392//2392
f 2417//2417 2413//2413 2418//2418
f 2418//2418 2413//2413 2412//2412
f 2417//2417 2418//2418 2419//2419
f 2417//2417 2419//2419 2420//2420
f 2417//2417 2420//2420 2392//2392
f 2392//2392 2420//2420 2421//2421
f 2392//2392 2421//2421 2391//2391
f 2421//2421 2420//2420 2422//2422
f 2421//2421 2422//2422 2391//2391
f 2422//2422 2420//2420 2419//2419
f 2391//2391 2422//2422 2390//2390
f 2390//2390 2422//2422 2423//2423
f 2390//2390 2423//2423 2389//2389
f 2423//2423 2422//2422 2424//2424
f 2389//2389 2423//2423 2425//2425
f 2425//2425 2423//2423 2426//2426
f 2426//2426 2423//2423 2424//2424
f 2426//2426 2424//2424 2427//2427
f 2427//2427 2424//2424 2428//2428
f 2428//2428 2424//2424 2422//2422
f 2428//2428 2422//2422 2429//2429
f 2428//2428 2429//2429 2430//2430
f 2428//2428 2430//2430 2427//2427
f 2427//2427 2430//2430 1930//1930
f 2427//2427 1930//1930 2426//2426
f 2426//2426 1930//1930 1931//1931
f 2426//2426 1931//1931 2425//2425
f 2425//2425 1931//1931 2431//2431
f 2425//2425 2431//2431 2389//2389
f 2431//2431 1931//1931 1953//1953
f 2389//2389 2431//2431 2385//2385
f 2431//2431 1953//1953 2432//2432
f 2432//2432 1953//1953 1954//1954
f 2432//2432 1954//1954 2433//2433
f 2433//2433 1954//1954 1955//1955
f 2432//2432 2433//2433 2434//2434
f 2434//2434 2433//2433 2435//2435
f 2435//2435 2433//2433 1955//1955
f 2435//2435 1955//1955 2436//2436
f 2436//2436 1955//1955 1956//1956
f 2436//2436 1956//1956 1957//1957
f 2436//2436 1957//1957 2437//2437
f 2437//2437 1957//1957 2438//2438
f 2438//2438 1957//1957 1958//1958
f 2438//2438 1958//1958 1959//1959
f 2438//2438 1959//1959 2439//2439
f 2439//2439 1959//1959 2440//2440
f 2440//2440 1959//1959 2441//2441
f 2441//2441 1959//1959 1960//1960
f 2441//2441 1960//1960 1961//1961
f 2441//2441 1961//1961 2442//2442
f 2442//2442 1961//1961 1962//1962
f 2442//2442 1962//1962 1975//1975
f 2442//2442 1975//1975 2443//2443
f 2442//2442 2443//2443 2444//2444
f 2442//2442 2444//2444 2441//2441
f 2441//2441 2444//2444 2445//2445
f 2441//2441 2445//2445 2440//2440
f 2440//2440 2445//2445 2439//2439
f 2439//2439 2445//2445 2438//2438
f 2438//2438 2445//2445 2446//2446
f 2438//2438 2446//2446 2437//2437
f 2446//2446 2445//2445 2447//2447
f 2437//2437 2446//2446 2448//2448
f 2448//2448 2446//2446 2447//2447
f 2448//2448 2447//2447 2449//2449
f 2448//2448 2449//2449 2450//2450
f 2448//2448 2450//2450 2451//2451
f 2448//2448 2451//2451 2452//2452
f 2448//2448 2452//2452 2437//2437
f 2437//2437 2452//2452 2453//2453
f 2437//2437 2453//2453 2436//2436
f 2453//2453 2452//2452 2454//2454
f 2453//2453 2454//2454 2455//2455
f 2453//2453 2455//2455 2436//2436
f 2436//2436 2455//2455 2456//2456
f 2436//2436 2456//2456 2435//2435
f 2435//2435 2456//2456 2457//2457
f 2435//2435 2457//2457 2434//2434
f 2457//2457 2456//2456 2458//2458
f 2458//2458 2456//2456 2455//2455
f 2458//2458 2455//2455 2459//2459
f 2459//2459 2455//2455 2454//2454
f 2458//2458 2459//2459 2460//2460
f 2458//2458 2460//2460 2457//2457
f 2457//2457 2460//2460 2461//2461
f 2457//2457 2461//2461 2462//2462
f 2457//2457 2462//2462 2434//2434
f 2434//2434 2462//2462 2384//2384
f 2434//2434 2384//2384 2432//2432
f 2384//2384 2462//2462 2383//2383
f 2383//2383 2462//2462 2461//2461
f 2383//2383 2461//2461 2379//2379
f 2379//2379 2461//2461 2463//2463
f 2463//2463 2461//2461 2460//2460
f 2379//2379 2463//2463 58//58
f 58//58 2463//2463 57//57
f 57//57 2463//2463 2464//2464
f 2464//2464 2463//2463 2460//2460
f 2464//2464 2460//2460 2459//2459
f 2464//2464 2459//2459 2465//2465
f 2464//2464 2465//2465 156//156
f 2464//2464 156//156 57//57
f 156//156 2465//2465 163//163
f 163//163 2465//2465 2466//2466
f 163//163 2466//2466 164//164
f 2466//2466 2465//2465 2467//2467
f 2467//2467 2465//2465 2459//2459
f 2467//2467 2459//2459 2454//2454
f 2467//2467 2454//2454 2466//2466
f 2466//2466 2454//2454 2452//2452
f 2466//2466 2452//2452 2468//2468
f 2468//2468 2452//2452 2469//2469
f 2469//2469 2452//2452 2451//2451
f 2469//2469 2451//2451 2468//2468
f 2468//2468 2451//2451 2450//2450
f 2468//2468 2450//2450 2470//2470
f 2470//2470 2450//2450 2471//2471
f 2471//2471 2450//2450 2449//2449
f 2470//2470 2471//2471 2472//2472
f 2472//2472 2471//2471 2449//2449
f 2470//2470 2472//2472 2473//2473
f 2472//2472 2449//2449 2474//2474
f 2472//2472 2474//2474 2473//2473
f 2474//2474 2449//2449 2475//2475
f 2475//2475 2449//2449 2447//2447
f 2475//2475 2447//2447 2476//2476
f 2476//2476 2447//2447 2477//2477
f 2477//2477 2447//2447 2445//2445
f 2477//2477 2445//2445 2478//2478
f 2478//2478 2445//2445 2444//2444
f 2477//2477 2478//2478 2479//2479
f 2477//2477 2479//2479 2476//2476
f 2479//2479 2478//2478 2480//2480
f 2480//2480 2478//2478 2444//2444
f 2480//2480 2444//2444 2443//2443
f 2480//2480 2443//2443 2481//2481
f 2481//2481 2443//2443 2482//2482
f 2482//2482 2443//2443 1975//1975
f 2482//2482 1975//1975 2483//2483
f 2483//2483 1975//1975 1979//1979
f 2483//2483 1979//1979 2366//2366
f 2483//2483 2366//2366 2482//2482
f 2366//2366 1979//1979 1985//1985
f 2482//2482 2366//2366 2484//2484
f 2484//2484 2366//2366 2359//2359
f 2484//2484 2359//2359 2485//2485
f 2485//2485 2359//2359 2358//2358
f 2485//2485 2358//2358 2484//2484
f 2484//2484 2358//2358 2486//2486
f 2486//2486 2358//2358 2357//2357
f 2486//2486 2357//2357 2356//2356
f 2486//2486 2356//2356 2487//2487
f 2487//2487 2356//2356 2355//2355
f 2486//2486 2487//2487 2488//2488
f 2486//2486 2488//2488 2484//2484
f 2484//2484 2488//2488 2489//2489
f 2484//2484 2489//2489 2482//2482
f 2489//2489 2488//2488 2490//2490
f 2490//2490 2488//2488 2491//2491
f 2491//2491 2488//2488 2487//2487
f 2491//2491 2487//2487 2492//2492
f 2491//2491 2492//2492 2490//2490
f 2492//2492 2487//2487 2493//2493
f 2493//2493 2487//2487 2355//2355
f 2493//2493 2355//2355 2332//2332
f 2493//2493 2332//2332 2494//2494
f 2494//2494 2332//2332 2328//2328
f 2493//2493 2494//2494 2495//2495
f 2493//2493 2495//2495 2492//2492
f 2495//2495 2494//2494 2496//2496
f 2496//2496 2494//2494 2328//2328
f 2495//2495 2496//2496 2497//2497
f 2495//2495 2497//2497 2492//2492
f 2497//2497 2496//2496 2498//2498
f 2498//2498 2496//2496 2328//2328
f 2498//2498 2328//2328 2327//2327
f 2498//2498 2327//2327 2499//2499
f 2498//2498 2499//2499 2500//2500
f 2500//2500 2499//2499 2327//2327
f 2498//2498 2500//2500 2497//2497
f 2500//2500 2327//2327 2326//2326
f 2497//2497 2500//2500 2501//2501
f 2501//2501 2500//2500 2326//2326
f 2497//2497 2501//2501 2492//2492
f 2492//2492 2501//2501 2490//2490
f 2490//2490 2501//2501 2502//2502
f 2502//2502 2501//2501 2326//2326
f 2490//2490 2502//2502 2489//2489
f 2502//2502 2326//2326 2503//2503
f 2503//2503 2326//2326 2325//2325
f 2502//2502 2503//2503 2504//2504
f 2502//2502 2504//2504 2489//2489
f 2489//2489 2504//2504 2482//2482
f 2482//2482 2504//2504 2505//2505
f 2482//2482 2505//2505 2506//2506
f 2482//2482 2506//2506 2481//2481
f 2506//2506 2505//2505 2507//2507
f 2507//2507 2505//2505 2504//2504
f 2507//2507 2504//2504 2508//2508
f 2508//2508 2504//2504 2509//2509
f 2509//2509 2504//2504 2503//2503
f 2509//2509 2503//2503 2325//2325
f 2509//2509 2325//2325 2510//2510
f 2510//2510 2325//2325 2324//2324
f 2509//2509 2510//2510 2511//2511
f 2509//2509 2511//2511 2508//2508
f 2508//2508 2511//2511 2512//2512
f 2508//2508 2512//2512 2507//2507
f 2507//2507 2512//2512 2506//2506
f 2506//2506 2512//2512 2513//2513
f 2506//2506 2513//2513 2481//2481
f 2481//2481 2513//2513 2480//2480
f 2480//2480 2513//2513 2514//2514
f 2480//2480 2514//2514 2479//2479
f 2479//2479 2514//2514 2476//2476
f 2476//2476 2514//2514 2513//2513
f 2476//2476 2513//2513 2515//2515
f 2476//2476 2515//2515 2475//2475
f 2515//2515 2513//2513 2516//2516
f 2516//2516 2513//2513 2512//2512
f 2515//2515 2516//2516 2517//2517
f 2515//2515 2517//2517 2475//2475
f 2517//2517 2516//2516 2518//2518
f 2517//2517 2518//2518 2475//2475
f 2518//2518 2516//2516 2512//2512
f 2518//2518 2512//2512 2511//2511
f 2518//2518 2511//2511 2519//2519
f 2519//2519 2511//2511 2510//2510
f 2518//2518 2519//2519 2474//2474
f 2518//2518 2474//2474 2475//2475
f 2474//2474 2519//2519 2520//2520
f 2474//2474 2520//2520 2473//2473
f 2520//2520 2519//2519 2521//2521
f 2521//2521 2519//2519 2510//2510
f 2521//2521 2510//2510 2522//2522
f 2521//2521 2522//2522 2520//2520
f 2520//2520 2522//2522 2510//2510
f 2520//2520 2510//2510 2324//2324
f 2520//2520 2324//2324 2523//2523
f 2523//2523 2324//2324 2323//2323
f 2523//2523 2323//2323 2321//2321
f 2523//2523 2321//2321 2524//2524
f 2524//2524 2321//2321 2525//2525
f 2525//2525 2321//2321 2315//2315
f 2525//2525 2315//2315 206//206
f 206//206 2315//2315 2314//2314
f 2525//2525 206//206 205//205
f 2525//2525 205//205 2524//2524
f 2524//2524 205//205 204//204
f 2524//2524 204//204 2526//2526
f 2526//2526 204//204 203//203
f 2524//2524 2526//2526 2527//2527
f 2527//2527 2526//2526 203//203
f 2527//2527 203//203 2528//2528
f 2527//2527 2528//2528 2529//2529
f 2527//2527 2529//2529 2524//2524
f 2529//2529 2528//2528 2530//2530
f 2530//2530 2528//2528 2531//2531
f 2531//2531 2528//2528 203//203
f 2531//2531 203//203 188//188
f 2531//2531 188//188 171//171
f 2531//2531 171//171 169//169
f 2531//2531 169//169 2532//2532
f 2532//2532 169//169 2533//2533
f 2533//2533 169//169 168//168
f 2533//2533 168//168 2534//2534
f 2534//2534 168//168 167//167
f 2533//2533 2534//2534 2535//2535
f 2533//2533 2535//2535 2532//2532
f 2535//2535 2534//2534 2536//2536
f 2536//2536 2534//2534 167//167
f 2536//2536 167//167 164//164
f 2536//2536 164//164 2466//2466
f 2536//2536 2466//2466 2468//2468
f 2536//2536 2468//2468 2535//2535
f 2535//2535 2468//2468 2537//2537
f 2535//2535 2537//2537 2532//2532
f 2532//2532 2537//2537 2531//2531
f 2531//2531 2537//2537 2530//2530
f 2530//2530 2537//2537 2538//2538
f 2530//2530 2538//2538 2529//2529
f 2538//2538 2537//2537 2539//2539
f 2539//2539 2537//2537 2468//2468
f 2539//2539 2468//2468 2470//2470
f 2539//2539 2470//2470 2540//2540
f 2539//2539 2540//2540 2538//2538
f 2540//2540 2470//2470 2473//2473
f 2540//2540 2473//2473 2520//2520
f 2540//2540 2520//2520 2523//2523
f 2540//2540 2523//2523 2541//2541
f 2540//2540 2541//2541 2538//2538
f 2541//2541 2523//2523 2524//2524
f 2541//2541 2524//2524 2542//2542
f 2541//2541 2542//2542 2538//2538
f 2538//2538 2542//2542 2529//2529
f 2529//2529 2542//2542 2524//2524
f 2543//2543 2544//2544 2545//2545
f 2545//2545 2544//2544 1911//1911
f 2545//2545 1911//1911 1913//1913
f 1911//1911 2544//2544 1909//1909
f 1909//1909 2544//2544 2546//2546
f 1909//1909 2546//2546 2547//2547
f 1909//1909 2547//2547 1906//1906
f 1906//1906 2547//2547 2548//2548
f 1906//1906 2548//2548 1905//1905
f 1905//1905 2548//2548 1903//1903
f 1903//1903 2548//2548 2549//2549
f 1903//1903 2549//2549 1902//1902
f 1902//1902 2549//2549 2550//2550
f 1902//1902 2550//2550 1891//1891
f 1891//1891 2550//2550 2551//2551
f 1891//1891 2551//2551 1888//1888
f 2551//2551 2550//2550 2552//2552
f 1888//1888 2551//2551 2553//2553
f 1888//1888 2553//2553 2554//2554
f 1888//1888 2554//2554 1887//1887
f 1887//1887 2554//2554 1886//1886
f 1886//1886 2554//2554 2555//2555
f 1886//1886 2555//2555 1882//1882
f 1882//1882 2555//2555 2556//2556
f 1882//1882 2556//2556 1876//1876
f 1876//1876 2556//2556 2557//2557
f 2557//2557 2556//2556 2555//2555
f 1876//1876 2557//2557 1810//1810
f 1810//1810 2557//2557 2558//2558
f 1810//1810 2558//2558 1809//1809
f 1809//1809 2558//2558 2559//2559
f 1809//1809 2559//2559 1808//1808
f 1808//1808 2559//2559 2560//2560
f 1808//1808 2560//2560 1807//1807
f 2560//2560 2559//2559 2561//2561
f 2561//2561 2559//2559 2562//2562
f 2562//2562 2559//2559 2558//2558
f 2562//2562 2558//2558 2563//2563
f 2563//2563 2558//2558 2557//2557
f 2562//2562 2563//2563 2564//2564
f 2562//2562 2564//2564 2561//2561
f 2561//2561 2564//2564 2565//2565
f 2561//2561 2565//2565 2560//2560
f 2560//2560 2565//2565 2566//2566
f 2560//2560 2566//2566 1807//1807
f 1807//1807 2566//2566 2567//2567
f 1807//1807 2567//2567 1806//1806
f 1806//1806 2567//2567 2568//2568
f 1806//1806 2568//2568 1805//1805
f 1805//1805 2568//2568 2569//2569
f 2569//2569 2568//2568 2570//2570
f 2570//2570 2568//2568 2567//2567
f 2570//2570 2567//2567 2571//2571
f 2571//2571 2567//2567 2572//2572
f 2572//2572 2567//2567 2566//2566
f 2572//2572 2566//2566 2565//2565
f 2572//2572 2565//2565 2573//2573
f 2572//2572 2573//2573 2574//2574
f 2572//2572 2574//2574 2571//2571
f 2571//2571 2574//2574 2575//2575
f 2571//2571 2575//2575 2570//2570
f 2575//2575 2574//2574 2576//2576
f 2576//2576 2574//2574 2577//2577
f 2577//2577 2574//2574 2573//2573
f 2576//2576 2577//2577 2578//2578
f 2576//2576 2578//2578 2579//2579
f 2576//2576 2579//2579 2575//2575
f 2575//2575 2579//2579 2580//2580
f 2575//2575 2580//2580 2570//2570
f 2570//2570 2580//2580 2581//2581
f 2570//2570 2581//2581 2569//2569
f 2581//2581 2580//2580 2582//2582
f 2581//2581 2582//2582 2583//2583
f 2583//2583 2582//2582 2584//2584
f 2583//2583 2584//2584 2585//2585
f 2583//2583 2585//2585 2581//2581
f 2581//2581 2585//2585 2586//2586
f 2581//2581 2586//2586 2569//2569
f 2569//2569 2586//2586 2585//2585
f 2569//2569 2585//2585 2587//2587
f 2569//2569 2587//2587 1805//1805
f 1805//1805 2587//2587 1804//1804
f 1804//1804 2587//2587 1792//1792
f 1792//1792 2587//2587 1791//1791
f 1791//1791 2587//2587 2588//2588
f 2588//2588 2587//2587 2589//2589
f 2589//2589 2587//2587 2585//2585
f 2588//2588 2589//2589 2590//2590
f 2588//2588 2590//2590 1791//1791
f 1791//1791 2590//2590 2591//2591
f 2591//2591 2590//2590 2589//2589
f 1791//1791 2591//2591 1772//1772
f 1772//1772 2591//2591 2592//2592
f 1772//1772 2592//2592 1755//1755
f 1755//1755 2592//2592 1753//1753
f 1753//1753 2592//2592 2593//2593
f 1753//1753 2593//2593 2594//2594
f 1753//1753 2594//2594 1752//1752
f 1752//1752 2594//2594 2595//2595
f 1752//1752 2595//2595 1751//1751
f 2595//2595 2594//2594 2596//2596
f 2596//2596 2594//2594 2593//2593
f 2595//2595 2596//2596 2597//2597
f 2595//2595 2597//2597 1751//1751
f 1751//1751 2597//2597 1725//1725
f 1725//1725 2597//2597 1712//1712
f 1712//1712 2597//2597 2598//2598
f 2598//2598 2597//2597 2596//2596
f 1712//1712 2598//2598 1711//1711
f 1711//1711 2598//2598 1710//1710
f 1710//1710 2598//2598 2599//2599
f 1710//1710 2599//2599 1709//1709
f 1709//1709 2599//2599 2600//2600
f 1709//1709 2600//2600 1353//1353
f 1353//1353 2600//2600 2601//2601
f 1353//1353 2601//2601 1352//1352
f 2601//2601 2600//2600 2602//2602
f 2602//2602 2600//2600 2599//2599
f 2601//2601 2602//2602 2603//2603
f 2601//2601 2603//2603 2604//2604
f 2601//2601 2604//2604 1352//1352
f 1352//1352 2604//2604 1351//1351
f 1351//1351 2604//2604 2605//2605
f 1351//1351 2605//2605 2606//2606
f 1351//1351 2606//2606 1350//1350
f 1350//1350 2606//2606 2607//2607
f 2607//2607 2606//2606 2605//2605
f 1350//1350 2607//2607 1349//1349
f 1349//1349 2607//2607 1324//1324
f 1324//1324 2607//2607 2608//2608
f 2608//2608 2607//2607 2605//2605
f 1324//1324 2608//2608 2609//2609
f 2609//2609 2608//2608 2610//2610
f 2610//2610 2608//2608 2605//2605
f 2610//2610 2605//2605 2611//2611
f 2610//2610 2611//2611 2609//2609
f 2611//2611 2605//2605 2612//2612
f 2612//2612 2605//2605 2604//2604
f 2612//2612 2604//2604 2613//2613
f 2612//2612 2613//2613 2611//2611
f 2613//2613 2604//2604 2603//2603
f 2613//2613 2603//2603 2614//2614
f 2614//2614 2603//2603 2602//2602
f 2614//2614 2602//2602 2615//2615
f 2615//2615 2602//2602 2599//2599
f 2615//2615 2599//2599 2616//2616
f 2616//2616 2599//2599 2598//2598
f 2616//2616 2598//2598 2617//2617
f 2617//2617 2598//2598 2596//2596
f 2617//2617 2596//2596 2593//2593
f 2617//2617 2593//2593 2618//2618
f 2618//2618 2593//2593 2619//2619
f 2619//2619 2593//2593 2592//2592
f 2619//2619 2592//2592 2620//2620
f 2620//2620 2592//2592 2591//2591
f 2620//2620 2591//2591 2589//2589
f 2620//2620 2589//2589 2621//2621
f 2620//2620 2621//2621 2622//2622
f 2620//2620 2622//2622 2619//2619
f 2619//2619 2622//2622 2623//2623
f 2619//2619 2623//2623 2618//2618
f 2618//2618 2623//2623 2617//2617
f 2617//2617 2623//2623 2624//2624
f 2617//2617 2624//2624 2616//2616
f 2616//2616 2624//2624 2625//2625
f 2616//2616 2625//2625 2615//2615
f 2615//2615 2625//2625 2626//2626
f 2615//2615 2626//2626 2627//2627
f 2627//2627 2626//2626 2628//2628
f 2627//2627 2628//2628 2629//2629
f 2627//2627 2629//2629 2615//2615
f 2615//2615 2629//2629 2630//2630
f 2630//2630 2629//2629 2628//2628
f 2615//2615 2630//2630 2614//2614
f 2614//2614 2630//2630 2589//2589
f 2614//2614 2589//2589 2585//2585
f 2589//2589 2630//2630 2621//2621
f 2621//2621 2630//2630 2631//2631
f 2631//2631 2630//2630 2628//2628
f 2631//2631 2628//2628 2632//2632
f 2632//2632 2628//2628 2626//2626
f 2632//2632 2626//2626 2633//2633
f 2633//2633 2626//2626 2634//2634
f 2634//2634 2626//2626 2625//2625
f 2634//2634 2625//2625 2635//2635
f 2635//2635 2625//2625 2624//2624
f 2634//2634 2635//2635 2636//2636
f 2636//2636 2635//2635 2624//2624
f 2634//2634 2636//2636 2637//2637
f 2634//2634 2637//2637 2633//2633
f 2633//2633 2637//2637 2638//2638
f 2633//2633 2638//2638 2632//2632
f 2632//2632 2638//2638 2639//2639
f 2632//2632 2639//2639 2631//2631
f 2639//2639 2638//2638 2640//2640
f 2639//2639 2640//2640 2631//2631
f 2640//2640 2638//2638 2641//2641
f 2640//2640 2641//2641 2631//2631
f 2641//2641 2638//2638 2637//2637
f 2631//2631 2641//2641 2621//2621
f 2621//2621 2641//2641 2622//2622
f 2622//2622 2641//2641 2623//2623
f 2623//2623 2641//2641 2624//2624
f 2624//2624 2641//2641 2636//2636
f 2636//2636 2641//2641 2637//2637
f 2642//2642 2544//2544 2543//2543
f 2642//2642 2543//2543 2643//2643
f 2544//2544 2642//2642 2644//2644
f 2644//2644 2642//2642 2643//2643
f 2544//2544 2644//2644 2645//2645
f 2544//2544 2645//2645 2546//2546
f 2645//2645 2644//2644 2646//2646
f 2645//2645 2646//2646 2546//2546
f 2546//2546 2646//2646 2647//2647
f 2546//2546 2647//2647 2547//2547
f 2547//2547 2647//2647 2648//2648
f 2648//2648 2647//2647 2649//2649
f 2649//2649 2647//2647 2646//2646
f 2649//2649 2646//2646 2650//2650
f 2650//2650 2646//2646 2644//2644
f 2650//2650 2644//2644 2651//2651
f 2651//2651 2644//2644 2652//2652
f 2652//2652 2644//2644 2643//2643
f 2651//2651 2652//2652 2653//2653
f 2651//2651 2653//2653 2654//2654
f 2651//2651 2654//2654 2650//2650
f 2650//2650 2654//2654 2655//2655
f 2650//2650 2655//2655 2649//2649
f 2649//2649 2655//2655 2656//2656
f 2649//2649 2656//2656 2657//2657
f 2649//2649 2657//2657 2658//2658
f 2658//2658 2657//2657 2656//2656
f 2649//2649 2658//2658 2648//2648
f 2648//2648 2658//2658 2659//2659
f 2648//2648 2659//2659 2660//2660
f 2648//2648 2660//2660 2547//2547
f 2547//2547 2660//2660 2661//2661
f 2547//2547 2661//2661 2548//2548
f 2548//2548 2661//2661 2662//2662
f 2548//2548 2662//2662 2549//2549
f 2662//2662 2661//2661 2663//2663
f 2663//2663 2661//2661 2660//2660
f 2663//2663 2660//2660 2664//2664
f 2664//2664 2660//2660 2659//2659
f 2663//2663 2664//2664 2665//2665
f 2665//2665 2664//2664 2659//2659
f 2663//2663 2665//2665 2666//2666
f 2663//2663 2666//2666 2662//2662
f 2662//2662 2666//2666 2667//2667
f 2662//2662 2667//2667 2549//2549
f 2667//2667 2666//2666 2668//2668
f 2668//2668 2666//2666 2665//2665
f 2668//2668 2665//2665 2669//2669
f 2668//2668 2669//2669 2670//2670
f 2668//2668 2670//2670 2671//2671
f 2668//2668 2671//2671 2672//2672
f 2672//2672 2671//2671 2673//2673
f 2673//2673 2671//2671 2670//2670
f 2673//2673 2670//2670 2674//2674
f 2674//2674 2670//2670 2669//2669
f 2674//2674 2669//2669 2675//2675
f 2675//2675 2669//2669 2665//2665
f 2675//2675 2665//2665 2676//2676
f 2676//2676 2665//2665 2677//2677
f 2677//2677 2665//2665 2659//2659
f 2677//2677 2659//2659 2658//2658
f 2677//2677 2658//2658 2656//2656
f 2677//2677 2656//2656 2678//2678
f 2677//2677 2678//2678 2679//2679
f 2677//2677 2679//2679 2676//2676
f 2676//2676 2679//2679 2680//2680
f 2676//2676 2680//2680 2675//2675
f 2680//2680 2679//2679 2681//2681
f 2681//2681 2679//2679 2678//2678
f 2680//2680 2681//2681 2682//2682
f 2680//2680 2682//2682 2683//2683
f 2680//2680 2683//2683 2675//2675
f 2675//2675 2683//2683 2684//2684
f 2675//2675 2684//2684 2674//2674
f 2674//2674 2684//2684 2685//2685
f 2674//2674 2685//2685 1274//1274
f 2685//2685 2684//2684 2686//2686
f 2685//2685 2686//2686 1274//1274
f 2686//2686 2684//2684 921//921
f 2686//2686 921//921 922//922
f 2686//2686 922//922 926//926
f 2686//2686 926//926 2687//2687
f 2686//2686 2687//2687 1274//1274
f 2687//2687 926//926 927//927
f 1274//1274 2687//2687 1272//1272
f 2687//2687 927//927 928//928
f 1272//1272 2687//2687 1257//1257
f 2687//2687 928//928 2688//2688
f 2688//2688 928//928 930//930
f 2687//2687 2688//2688 2689//2689
f 2689//2689 2688//2688 930//930
f 2687//2687 2689//2689 1257//1257
f 1257//1257 2689//2689 1252//1252
f 1252//1252 2689//2689 933//933
f 933//933 2689//2689 931//931
f 931//931 2689//2689 930//930
f 1275//1275 2674//2674 1274//1274
f 2674//2674 1275//1275 2690//2690
f 2674//2674 2690//2690 2673//2673
f 2673//2673 2690//2690 2691//2691
f 2673//2673 2691//2691 2692//2692
f 2673//2673 2692//2692 2693//2693
f 2673//2673 2693//2693 2694//2694
f 2673//2673 2694//2694 2552//2552
f 2673//2673 2552//2552 2672//2672
f 2672//2672 2552//2552 2550//2550
f 2672//2672 2550//2550 2695//2695
f 2672//2672 2695//2695 2668//2668
f 2695//2695 2550//2550 2549//2549
f 2695//2695 2549//2549 2696//2696
f 2696//2696 2549//2549 2667//2667
f 2696//2696 2667//2667 2695//2695
f 2695//2695 2667//2667 2697//2697
f 2695//2695 2697//2697 2668//2668
f 2668//2668 2697//2697 2667//2667
f 2551//2551 2552//2552 2694//2694
f 2551//2551 2694//2694 2698//2698
f 2551//2551 2698//2698 2699//2699
f 2551//2551 2699//2699 2553//2553
f 2553//2553 2699//2699 2700//2700
f 2553//2553 2700//2700 2701//2701
f 2553//2553 2701//2701 2554//2554
f 2554//2554 2701//2701 2555//2555
f 2555//2555 2701//2701 2702//2702
f 2555//2555 2702//2702 2703//2703
f 2555//2555 2703//2703 2557//2557
f 2557//2557 2703//2703 2704//2704
f 2557//2557 2704//2704 2705//2705
f 2557//2557 2705//2705 2563//2563
f 2563//2563 2705//2705 2706//2706
f 2563//2563 2706//2706 2564//2564
f 2564//2564 2706//2706 2565//2565
f 2565//2565 2706//2706 2707//2707
f 2707//2707 2706//2706 2708//2708
f 2708//2708 2706//2706 2705//2705
f 2708//2708 2705//2705 2709//2709
f 2708//2708 2709//2709 2707//2707
f 2709//2709 2705//2705 2710//2710
f 2710//2710 2705//2705 2704//2704
f 2710//2710 2704//2704 2703//2703
f 2710//2710 2703//2703 2611//2611
f 2611//2611 2703//2703 2609//2609
f 2609//2609 2703//2703 2702//2702
f 2609//2609 2702//2702 1324//1324
f 1324//1324 2702//2702 1322//1322
f 1322//1322 2702//2702 1323//1323
f 1323//1323 2702//2702 2711//2711
f 2711//2711 2702//2702 2701//2701
f 2711//2711 2701//2701 2712//2712
f 2712//2712 2701//2701 2700//2700
f 2712//2712 2700//2700 2699//2699
f 2712//2712 2699//2699 2698//2698
f 2712//2712 2698//2698 2713//2713
f 2712//2712 2713//2713 2714//2714
f 2712//2712 2714//2714 2711//2711
f 2711//2711 2714//2714 1323//1323
f 1323//1323 2714//2714 1320//1320
f 1320//1320 2714//2714 2715//2715
f 1320//1320 2715//2715 1314//1314
f 1314//1314 2715//2715 2716//2716
f 2716//2716 2715//2715 2714//2714
f 2716//2716 2714//2714 2717//2717
f 2717//2717 2714//2714 2713//2713
f 2717//2717 2713//2713 2698//2698
f 2717//2717 2698//2698 2718//2718
f 2717//2717 2718//2718 2719//2719
f 2717//2717 2719//2719 2716//2716
f 2716//2716 2719//2719 2720//2720
f 2716//2716 2720//2720 1314//1314
f 2720//2720 2719//2719 2721//2721
f 2720//2720 2721//2721 1314//1314
f 2721//2721 2719//2719 2691//2691
f 2691//2691 2719//2719 2718//2718
f 2721//2721 2691//2691 2690//2690
f 2691//2691 2718//2718 2692//2692
f 2692//2692 2718//2718 2722//2722
f 2692//2692 2722//2722 2693//2693
f 2693//2693 2722//2722 2694//2694
f 2694//2694 2722//2722 2698//2698
f 2698//2698 2722//2722 2723//2723
f 2698//2698 2723//2723 2718//2718
f 2718//2718 2723//2723 2722//2722
f 2724//2724 2721//2721 2690//2690
f 2724//2724 2690//2690 1275//1275
f 2724//2724 1275//1275 2725//2725
f 2724//2724 2725//2725 2721//2721
f 2721//2721 2725//2725 1314//1314
f 1314//1314 2725//2725 1275//1275
f 2726//2726 2543//2543 2545//2545
f 2543//2543 2726//2726 2643//2643
f 2726//2726 2545//2545 2727//2727
f 2727//2727 2545//2545 1913//1913
f 2727//2727 1913//1913 1916//1916
f 2727//2727 1916//1916 2430//2430
f 2430//2430 1916//1916 1930//1930
f 2727//2727 2430//2430 2429//2429
f 2727//2727 2429//2429 2728//2728
f 2727//2727 2728//2728 2726//2726
f 2728//2728 2429//2429 2729//2729
f 2728//2728 2729//2729 2726//2726
f 2729//2729 2429//2429 2422//2422
f 2729//2729 2422//2422 2419//2419
f 2729//2729 2419//2419 2730//2730
f 2730//2730 2419//2419 2418//2418
f 2729//2729 2730//2730 2731//2731
f 2729//2729 2731//2731 2732//2732
f 2729//2729 2732//2732 2726//2726
f 2726//2726 2732//2732 2733//2733
f 2726//2726 2733//2733 2643//2643
f 2643//2643 2733//2733 2734//2734
f 2643//2643 2734//2734 2652//2652
f 2734//2734 2733//2733 2735//2735
f 2735//2735 2733//2733 2736//2736
f 2736//2736 2733//2733 2732//2732
f 2736//2736 2732//2732 2737//2737
f 2737//2737 2732//2732 2738//2738
f 2736//2736 2737//2737 2739//2739
f 2739//2739 2737//2737 2738//2738
f 2736//2736 2739//2739 2740//2740
f 2736//2736 2740//2740 2735//2735
f 2735//2735 2740//2740 2741//2741
f 2735//2735 2741//2741 2734//2734
f 2741//2741 2740//2740 2742//2742
f 2742//2742 2740//2740 2743//2743
f 2743//2743 2740//2740 2739//2739
f 2743//2743 2739//2739 2744//2744
f 2744//2744 2739//2739 2745//2745
f 2745//2745 2739//2739 2738//2738
f 2745//2745 2738//2738 2746//2746
f 2746//2746 2738//2738 2732//2732
f 2746//2746 2732//2732 2747//2747
f 2746//2746 2747//2747 2745//2745
f 2747//2747 2732//2732 2731//2731
f 2747//2747 2731//2731 2748//2748
f 2748//2748 2731//2731 2730//2730
f 2747//2747 2748//2748 2749//2749
f 2747//2747 2749//2749 2750//2750
f 2747//2747 2750//2750 2751//2751
f 2747//2747 2751//2751 2745//2745
f 2745//2745 2751//2751 2752//2752
f 2745//2745 2752//2752 2744//2744
f 2744//2744 2752//2752 2753//2753
f 2744//2744 2753//2753 2743//2743
f 2743//2743 2753//2753 2754//2754
f 2743//2743 2754//2754 2742//2742
f 2742//2742 2754//2754 2755//2755
f 2755//2755 2754//2754 2756//2756
f 2755//2755 2756//2756 2757//2757
f 2755//2755 2757//2757 2742//2742
f 2757//2757 2756//2756 2758//2758
f 2758//2758 2756//2756 2754//2754
f 2757//2757 2758//2758 2759//2759
f 2759//2759 2758//2758 2760//2760
f 2760//2760 2758//2758 2754//2754
f 2760//2760 2754//2754 2761//2761
f 2761//2761 2754//2754 2753//2753
f 2760//2760 2761//2761 2762//2762
f 2760//2760 2762//2762 2763//2763
f 2760//2760 2763//2763 2759//2759
f 2759//2759 2763//2763 2764//2764
f 2759//2759 2764//2764 2765//2765
f 2759//2759 2765//2765 2757//2757
f 2757//2757 2765//2765 2766//2766
f 2757//2757 2766//2766 2767//2767
f 2757//2757 2767//2767 2742//2742
f 2742//2742 2767//2767 2768//2768
f 2742//2742 2768//2768 2741//2741
f 2741//2741 2768//2768 2767//2767
f 2741//2741 2767//2767 2734//2734
f 2734//2734 2767//2767 2769//2769
f 2769//2769 2767//2767 2766//2766
f 2769//2769 2766//2766 2770//2770
f 2770//2770 2766//2766 2771//2771
f 2771//2771 2766//2766 2765//2765
f 2771//2771 2765//2765 2764//2764
f 2771//2771 2764//2764 2772//2772
f 2772//2772 2764//2764 2773//2773
f 2773//2773 2764//2764 2763//2763
f 2773//2773 2763//2763 2774//2774
f 2774//2774 2763//2763 2762//2762
f 2774//2774 2762//2762 2775//2775
f 2774//2774 2775//2775 2776//2776
f 2774//2774 2776//2776 2773//2773
f 2773//2773 2776//2776 2777//2777
f 2777//2777 2776//2776 2775//2775
f 2777//2777 2775//2775 2778//2778
f 2778//2778 2775//2775 2762//2762
f 2778//2778 2762//2762 2761//2761
f 2778//2778 2761//2761 2779//2779
f 2778//2778 2779//2779 2780//2780
f 2780//2780 2779//2779 2781//2781
f 2778//2778 2780//2780 2782//2782
f 2778//2778 2782//2782 2783//2783
f 2778//2778 2783//2783 2777//2777
f 2777//2777 2783//2783 2773//2773
f 2773//2773 2783//2783 2784//2784
f 2773//2773 2784//2784 2785//2785
f 2773//2773 2785//2785 2772//2772
f 2772//2772 2785//2785 2786//2786
f 2786//2786 2785//2785 2787//2787
f 2787//2787 2785//2785 2788//2788
f 2788//2788 2785//2785 2784//2784
f 2788//2788 2784//2784 2789//2789
f 2789//2789 2784//2784 2790//2790
f 2788//2788 2789//2789 2791//2791
f 2791//2791 2789//2789 2790//2790
f 2788//2788 2791//2791 2792//2792
f 2788//2788 2792//2792 2787//2787
f 2787//2787 2792//2792 2793//2793
f 2793//2793 2792//2792 2791//2791
f 2787//2787 2793//2793 2786//2786
f 2793//2793 2791//2791 2794//2794
f 2793//2793 2794//2794 2795//2795
f 2793//2793 2795//2795 2796//2796
f 2793//2793 2796//2796 2786//2786
f 2786//2786 2796//2796 2797//2797
f 2786//2786 2797//2797 2772//2772
f 2772//2772 2797//2797 2798//2798
f 2772//2772 2798//2798 2771//2771
f 2771//2771 2798//2798 2799//2799
f 2771//2771 2799//2799 2770//2770
f 2799//2799 2798//2798 2800//2800
f 2799//2799 2800//2800 2770//2770
f 2800//2800 2798//2798 2797//2797
f 2770//2770 2800//2800 2801//2801
f 2801//2801 2800//2800 2797//2797
f 2801//2801 2797//2797 2796//2796
f 2801//2801 2796//2796 2802//2802
f 2801//2801 2802//2802 2769//2769
f 2801//2801 2769//2769 2770//2770
f 2769//2769 2802//2802 2734//2734
f 2734//2734 2802//2802 2803//2803
f 2803//2803 2802//2802 2796//2796
f 2803//2803 2796//2796 2795//2795
f 2803//2803 2795//2795 2804//2804
f 2804//2804 2795//2795 2794//2794
f 2803//2803 2804//2804 2805//2805
f 2805//2805 2804//2804 2794//2794
f 2803//2803 2805//2805 2734//2734
f 2734//2734 2805//2805 2652//2652
f 2652//2652 2805//2805 2806//2806
f 2652//2652 2806//2806 2653//2653
f 2653//2653 2806//2806 2807//2807
f 2807//2807 2806//2806 2808//2808
f 2808//2808 2806//2806 2805//2805
f 2807//2807 2808//2808 2809//2809
f 2809//2809 2808//2808 2810//2810
f 2810//2810 2808//2808 2811//2811
f 2811//2811 2808//2808 2805//2805
f 2811//2811 2805//2805 2812//2812
f 2812//2812 2805//2805 2794//2794
f 2812//2812 2794//2794 2791//2791
f 2812//2812 2791//2791 2813//2813
f 2812//2812 2813//2813 2811//2811
f 2813//2813 2791//2791 2790//2790
f 2813//2813 2790//2790 2814//2814
f 2814//2814 2790//2790 2815//2815
f 2815//2815 2790//2790 2816//2816
f 2816//2816 2790//2790 2784//2784
f 2815//2815 2816//2816 2817//2817
f 2815//2815 2817//2817 2818//2818
f 2818//2818 2817//2817 2816//2816
f 2815//2815 2818//2818 2819//2819
f 2815//2815 2819//2819 2814//2814
f 2814//2814 2819//2819 2813//2813
f 2813//2813 2819//2819 2820//2820
f 2813//2813 2820//2820 2811//2811
f 2820//2820 2819//2819 2821//2821
f 2821//2821 2819//2819 2818//2818
f 2821//2821 2818//2818 2816//2816
f 2821//2821 2816//2816 2784//2784
f 2821//2821 2784//2784 2822//2822
f 2822//2822 2784//2784 2783//2783
f 2822//2822 2783//2783 2782//2782
f 2822//2822 2782//2782 2780//2780
f 2822//2822 2780//2780 2823//2823
f 2822//2822 2823//2823 2824//2824
f 2822//2822 2824//2824 2821//2821
f 2821//2821 2824//2824 2825//2825
f 2821//2821 2825//2825 2820//2820
f 2825//2825 2824//2824 2826//2826
f 2826//2826 2824//2824 2823//2823
f 2825//2825 2826//2826 2827//2827
f 2827//2827 2826//2826 2823//2823
f 2827//2827 2823//2823 2828//2828
f 2827//2827 2828//2828 2829//2829
f 2827//2827 2829//2829 2825//2825
f 2829//2829 2828//2828 2830//2830
f 2830//2830 2828//2828 2823//2823
f 2830//2830 2823//2823 2831//2831
f 2831//2831 2823//2823 2832//2832
f 2832//2832 2823//2823 2780//2780
f 2832//2832 2780//2780 2781//2781
f 2832//2832 2781//2781 2833//2833
f 2833//2833 2781//2781 2834//2834
f 2832//2832 2833//2833 2835//2835
f 2835//2835 2833//2833 2834//2834
f 2832//2832 2835//2835 2831//2831
f 2831//2831 2835//2835 2830//2830
f 2830//2830 2835//2835 2836//2836
f 2830//2830 2836//2836 2829//2829
f 2836//2836 2835//2835 2837//2837
f 2836//2836 2837//2837 2829//2829
f 2837//2837 2835//2835 2838//2838
f 2838//2838 2835//2835 2834//2834
f 2838//2838 2834//2834 2839//2839
f 2838//2838 2839//2839 2840//2840
f 2840//2840 2839//2839 2841//2841
f 2841//2841 2839//2839 2842//2842
f 2842//2842 2839//2839 2834//2834
f 2842//2842 2834//2834 2843//2843
f 2843//2843 2834//2834 2779//2779
f 2779//2779 2834//2834 2781//2781
f 2843//2843 2779//2779 2761//2761
f 2843//2843 2761//2761 2842//2842
f 2842//2842 2761//2761 2844//2844
f 2844//2844 2761//2761 2753//2753
f 2844//2844 2753//2753 2845//2845
f 2845//2845 2753//2753 2752//2752
f 2844//2844 2845//2845 2846//2846
f 2846//2846 2845//2845 2847//2847
f 2847//2847 2845//2845 2752//2752
f 2847//2847 2752//2752 2846//2846
f 2846//2846 2752//2752 2848//2848
f 2846//2846 2848//2848 2844//2844
f 2844//2844 2848//2848 2849//2849
f 2844//2844 2849//2849 2842//2842
f 2842//2842 2849//2849 2850//2850
f 2850//2850 2849//2849 2848//2848
f 2842//2842 2850//2850 2841//2841
f 2841//2841 2850//2850 2851//2851
f 2841//2841 2851//2851 2840//2840
f 2840//2840 2851//2851 832//832
f 832//832 2851//2851 2406//2406
f 2406//2406 2851//2851 2852//2852
f 2852//2852 2851//2851 2850//2850
f 2406//2406 2852//2852 2412//2412
f 2412//2412 2852//2852 2850//2850
f 2412//2412 2850//2850 2853//2853
f 2853//2853 2850//2850 2848//2848
f 2412//2412 2853//2853 2854//2854
f 2412//2412 2854//2854 2418//2418
f 2418//2418 2854//2854 2855//2855
f 2418//2418 2855//2855 2856//2856
f 2418//2418 2856//2856 2730//2730
f 2730//2730 2856//2856 2855//2855
f 2730//2730 2855//2855 2748//2748
f 2748//2748 2855//2855 2857//2857
f 2748//2748 2857//2857 2749//2749
f 2857//2857 2855//2855 2858//2858
f 2858//2858 2855//2855 2854//2854
f 2857//2857 2858//2858 2859//2859
f 2859//2859 2858//2858 2854//2854
f 2857//2857 2859//2859 2860//2860
f 2857//2857 2860//2860 2749//2749
f 2749//2749 2860//2860 2859//2859
f 2749//2749 2859//2859 2750//2750
f 2750//2750 2859//2859 2861//2861
f 2861//2861 2859//2859 2854//2854
f 2861//2861 2854//2854 2853//2853
f 2861//2861 2853//2853 2862//2862
f 2862//2862 2853//2853 2848//2848
f 2862//2862 2848//2848 2863//2863
f 2863//2863 2848//2848 2864//2864
f 2862//2862 2863//2863 2865//2865
f 2865//2865 2863//2863 2864//2864
f 2862//2862 2865//2865 2861//2861
f 2865//2865 2864//2864 2752//2752
f 2752//2752 2864//2864 2848//2848
f 2865//2865 2752//2752 2751//2751
f 2865//2865 2751//2751 2861//2861
f 2861//2861 2751//2751 2750//2750
f 2866//2866 2655//2655 2654//2654
f 2866//2866 2654//2654 2867//2867
f 2867//2867 2654//2654 2653//2653
f 2866//2866 2867//2867 2868//2868
f 2868//2868 2867//2867 2869//2869
f 2869//2869 2867//2867 2653//2653
f 2869//2869 2653//2653 2870//2870
f 2870//2870 2653//2653 2807//2807
f 2870//2870 2807//2807 2871//2871
f 2870//2870 2871//2871 2869//2869
f 2871//2871 2807//2807 2872//2872
f 2872//2872 2807//2807 2809//2809
f 2872//2872 2809//2809 2873//2873
f 2873//2873 2809//2809 2810//2810
f 2872//2872 2873//2873 2874//2874
f 2873//2873 2810//2810 2875//2875
f 2873//2873 2875//2875 2874//2874
f 2875//2875 2810//2810 2876//2876
f 2876//2876 2810//2810 2811//2811
f 2876//2876 2811//2811 2877//2877
f 2876//2876 2877//2877 2875//2875
f 2877//2877 2811//2811 2820//2820
f 2877//2877 2820//2820 2878//2878
f 2878//2878 2820//2820 2825//2825
f 2878//2878 2825//2825 2829//2829
f 2878//2878 2829//2829 2837//2837
f 2878//2878 2837//2837 2879//2879
f 2878//2878 2879//2879 2880//2880
f 2878//2878 2880//2880 2877//2877
f 2877//2877 2880//2880 2881//2881
f 2877//2877 2881//2881 2875//2875
f 2881//2881 2880//2880 2882//2882
f 2882//2882 2880//2880 2879//2879
f 2882//2882 2879//2879 2883//2883
f 2883//2883 2879//2879 891//891
f 891//891 2879//2879 2837//2837
f 891//891 2837//2837 2884//2884
f 2884//2884 2837//2837 2838//2838
f 2884//2884 2838//2838 2885//2885
f 2885//2885 2838//2838 2840//2840
f 2885//2885 2840//2840 833//833
f 2885//2885 833//833 2884//2884
f 833//833 2840//2840 832//832
f 2884//2884 833//833 2886//2886
f 2886//2886 833//833 2887//2887
f 2887//2887 833//833 838//838
f 2887//2887 838//838 2886//2886
f 2886//2886 838//838 889//889
f 2886//2886 889//889 2884//2884
f 2884//2884 889//889 891//891
f 2888//2888 2883//2883 891//891
f 2883//2883 2888//2888 2889//2889
f 2883//2883 2889//2889 2882//2882
f 2882//2882 2889//2889 2890//2890
f 2882//2882 2890//2890 2881//2881
f 2881//2881 2890//2890 2891//2891
f 2881//2881 2891//2891 2892//2892
f 2881//2881 2892//2892 2875//2875
f 2875//2875 2892//2892 2893//2893
f 2893//2893 2892//2892 2891//2891
f 2875//2875 2893//2893 2874//2874
f 2874//2874 2893//2893 2894//2894
f 2894//2894 2893//2893 2891//2891
f 2894//2894 2891//2891 2895//2895
f 2895//2895 2891//2891 2890//2890
f 2895//2895 2890//2890 2896//2896
f 2896//2896 2890//2890 2897//2897
f 2897//2897 2890//2890 2889//2889
f 2896//2896 2897//2897 2898//2898
f 2896//2896 2898//2898 2899//2899
f 2896//2896 2899//2899 2895//2895
f 2895//2895 2899//2899 2900//2900
f 2895//2895 2900//2900 2894//2894
f 2900//2900 2899//2899 2901//2901
f 2901//2901 2899//2899 2898//2898
f 2900//2900 2901//2901 2902//2902
f 2900//2900 2902//2902 2894//2894
f 2894//2894 2902//2902 2903//2903
f 2894//2894 2903//2903 2904//2904
f 2894//2894 2904//2904 2874//2874
f 2904//2904 2903//2903 2905//2905
f 2874//2874 2904//2904 2906//2906
f 2906//2906 2904//2904 2905//2905
f 2874//2874 2906//2906 2907//2907
f 2874//2874 2907//2907 2872//2872
f 2872//2872 2907//2907 2871//2871
f 2871//2871 2907//2907 2869//2869
f 2869//2869 2907//2907 2908//2908
f 2908//2908 2907//2907 2906//2906
f 2869//2869 2908//2908 2868//2868
f 2868//2868 2908//2908 2909//2909
f 2909//2909 2908//2908 2906//2906
f 2868//2868 2909//2909 2910//2910
f 2868//2868 2910//2910 2866//2866
f 2866//2866 2910//2910 2911//2911
f 2866//2866 2911//2911 2912//2912
f 2866//2866 2912//2912 2655//2655
f 2655//2655 2912//2912 2656//2656
f 2656//2656 2912//2912 2913//2913
f 2656//2656 2913//2913 2678//2678
f 2678//2678 2913//2913 2914//2914
f 2678//2678 2914//2914 2681//2681
f 2914//2914 2913//2913 2915//2915
f 2915//2915 2913//2913 2912//2912
f 2914//2914 2915//2915 2916//2916
f 2914//2914 2916//2916 2681//2681
f 2916//2916 2915//2915 2917//2917
f 2917//2917 2915//2915 2912//2912
f 2917//2917 2912//2912 2918//2918
f 2918//2918 2912//2912 2911//2911
f 2918//2918 2911//2911 2910//2910
f 2918//2918 2910//2910 2909//2909
f 2918//2918 2909//2909 2919//2919
f 2919//2919 2909//2909 2920//2920
f 2920//2920 2909//2909 2906//2906
f 2920//2920 2906//2906 2905//2905
f 2920//2920 2905//2905 2921//2921
f 2921//2921 2905//2905 2903//2903
f 2921//2921 2903//2903 2902//2902
f 2921//2921 2902//2902 2922//2922
f 2922//2922 2902//2902 2901//2901
f 2922//2922 2901//2901 2923//2923
f 2922//2922 2923//2923 2921//2921
f 2923//2923 2901//2901 2924//2924
f 2924//2924 2901//2901 2898//2898
f 2924//2924 2898//2898 2925//2925
f 2925//2925 2898//2898 2897//2897
f 2925//2925 2897//2897 2926//2926
f 2925//2925 2926//2926 2927//2927
f 2925//2925 2927//2927 2924//2924
f 2927//2927 2926//2926 2928//2928
f 2928//2928 2926//2926 2929//2929
f 2929//2929 2926//2926 2897//2897
f 2929//2929 2897//2897 2889//2889
f 2929//2929 2889//2889 2930//2930
f 2929//2929 2930//2930 2931//2931
f 2929//2929 2931//2931 2928//2928
f 2928//2928 2931//2931 2932//2932
f 2928//2928 2932//2932 2927//2927
f 2927//2927 2932//2932 2933//2933
f 2927//2927 2933//2933 2924//2924
f 2924//2924 2933//2933 2934//2934
f 2924//2924 2934//2934 2935//2935
f 2935//2935 2934//2934 2933//2933
f 2924//2924 2935//2935 2936//2936
f 2924//2924 2936//2936 2923//2923
f 2923//2923 2936//2936 2937//2937
f 2937//2937 2936//2936 2935//2935
f 2923//2923 2937//2937 2938//2938
f 2923//2923 2938//2938 2921//2921
f 2921//2921 2938//2938 2939//2939
f 2921//2921 2939//2939 2920//2920
f 2920//2920 2939//2939 2919//2919
f 2919//2919 2939//2939 2940//2940
f 2940//2940 2939//2939 2941//2941
f 2941//2941 2939//2939 2938//2938
f 2941//2941 2938//2938 2942//2942
f 2942//2942 2938//2938 2943//2943
f 2943//2943 2938//2938 2944//2944
f 2944//2944 2938//2938 2937//2937
f 2944//2944 2937//2937 2943//2943
f 2943//2943 2937//2937 2935//2935
f 2943//2943 2935//2935 2945//2945
f 2943//2943 2945//2945 2942//2942
f 2942//2942 2945//2945 2946//2946
f 2942//2942 2946//2946 2941//2941
f 2946//2946 2945//2945 2947//2947
f 2946//2946 2947//2947 2948//2948
f 2948//2948 2947//2947 2949//2949
f 2949//2949 2947//2947 2945//2945
f 2949//2949 2945//2945 2950//2950
f 2950//2950 2945//2945 2951//2951
f 2951//2951 2945//2945 2935//2935
f 2951//2951 2935//2935 2952//2952
f 2951//2951 2952//2952 2950//2950
f 2952//2952 2935//2935 2933//2933
f 2952//2952 2933//2933 2953//2953
f 2953//2953 2933//2933 2932//2932
f 2952//2952 2953//2953 2954//2954
f 2952//2952 2954//2954 2950//2950
f 2950//2950 2954//2954 2955//2955
f 2950//2950 2955//2955 2956//2956
f 2950//2950 2956//2956 2949//2949
f 2949//2949 2956//2956 2957//2957
f 2949//2949 2957//2957 2958//2958
f 2949//2949 2958//2958 2948//2948
f 2958//2958 2957//2957 2959//2959
f 2959//2959 2957//2957 2960//2960
f 2960//2960 2957//2957 2956//2956
f 2960//2960 2956//2956 2955//2955
f 2960//2960 2955//2955 2961//2961
f 2961//2961 2955//2955 2954//2954
f 2961//2961 2954//2954 2962//2962
f 2961//2961 2962//2962 2963//2963
f 2963//2963 2962//2962 2964//2964
f 2964//2964 2962//2962 2965//2965
f 2965//2965 2962//2962 2954//2954
f 2965//2965 2954//2954 2966//2966
f 2966//2966 2954//2954 2953//2953
f 2966//2966 2953//2953 2967//2967
f 2967//2967 2953//2953 2932//2932
f 2967//2967 2932//2932 2968//2968
f 2968//2968 2932//2932 2931//2931
f 2967//2967 2968//2968 2969//2969
f 2967//2967 2969//2969 2966//2966
f 2966//2966 2969//2969 2970//2970
f 2966//2966 2970//2970 2965//2965
f 2970//2970 2969//2969 2971//2971
f 2971//2971 2969//2969 2968//2968
f 2970//2970 2971//2971 2972//2972
f 2970//2970 2972//2972 2965//2965
f 2965//2965 2972//2972 2973//2973
f 2965//2965 2973//2973 2974//2974
f 2965//2965 2974//2974 2964//2964
f 2964//2964 2974//2974 2975//2975
f 2964//2964 2975//2975 2976//2976
f 2964//2964 2976//2976 2963//2963
f 2963//2963 2976//2976 2977//2977
f 2963//2963 2977//2977 2978//2978
f 2963//2963 2978//2978 2961//2961
f 2961//2961 2978//2978 2979//2979
f 2961//2961 2979//2979 2960//2960
f 2960//2960 2979//2979 2980//2980
f 2980//2980 2979//2979 2981//2981
f 2980//2980 2981//2981 2982//2982
f 2982//2982 2981//2981 2983//2983
f 2983//2983 2981//2981 2979//2979
f 2982//2982 2983//2983 2984//2984
f 2983//2983 2979//2979 2985//2985
f 2985//2985 2979//2979 2986//2986
f 2986//2986 2979//2979 2978//2978
f 2986//2986 2978//2978 2987//2987
f 2987//2987 2978//2978 2988//2988
f 2988//2988 2978//2978 2989//2989
f 2989//2989 2978//2978 2977//2977
f 2988//2988 2989//2989 2990//2990
f 2990//2990 2989//2989 2991//2991
f 2991//2991 2989//2989 2977//2977
f 2991//2991 2977//2977 2992//2992
f 2992//2992 2977//2977 2976//2976
f 2992//2992 2976//2976 2993//2993
f 2993//2993 2976//2976 2994//2994
f 2994//2994 2976//2976 2975//2975
f 2994//2994 2975//2975 2995//2995
f 2995//2995 2975//2975 2996//2996
f 2995//2995 2996//2996 2997//2997
f 2997//2997 2996//2996 2998//2998
f 2998//2998 2996//2996 2975//2975
f 2998//2998 2975//2975 2999//2999
f 2999//2999 2975//2975 3000//3000
f 3000//3000 2975//2975 2974//2974
f 3000//3000 2974//2974 2973//2973
f 3000//3000 2973//2973 3001//3001
f 3001//3001 2973//2973 3002//3002
f 3002//3002 2973//2973 2972//2972
f 3002//3002 2972//2972 3003//3003
f 3003//3003 2972//2972 2971//2971
f 3002//3002 3003//3003 3004//3004
f 3003//3003 2971//2971 3005//3005
f 3004//3004 3003//3003 3006//3006
f 3006//3006 3003//3003 3005//3005
f 3004//3004 3006//3006 3007//3007
f 3004//3004 3007//3007 3008//3008
f 3004//3004 3008//3008 3002//3002
f 3002//3002 3008//3008 3009//3009
f 3002//3002 3009//3009 3010//3010
f 3002//3002 3010//3010 3011//3011
f 3002//3002 3011//3011 3001//3001
f 3001//3001 3011//3011 3012//3012
f 3001//3001 3012//3012 3000//3000
f 3000//3000 3012//3012 3013//3013
f 3013//3013 3012//3012 3011//3011
f 3000//3000 3013//3013 3014//3014
f 3000//3000 3014//3014 2999//2999
f 3014//3014 3013//3013 3015//3015
f 3015//3015 3013//3013 3011//3011
f 3014//3014 3015//3015 3016//3016
f 3014//3014 3016//3016 2999//2999
f 2999//2999 3016//3016 3017//3017
f 2999//2999 3017//3017 2998//2998
f 3017//3017 3016//3016 3018//3018
f 3018//3018 3016//3016 3019//3019
f 3018//3018 3019//3019 3020//3020
f 3019//3019 3016//3016 3021//3021
f 3019//3019 3021//3021 3022//3022
f 3019//3019 3022//3022 3020//3020
f 3022//3022 3021//3021 3023//3023
f 3020//3020 3022//3022 3024//3024
f 3024//3024 3022//3022 3023//3023
f 3020//3020 3024//3024 3025//3025
f 3020//3020 3025//3025 3018//3018
f 3018//3018 3025//3025 3026//3026
f 3018//3018 3026//3026 3017//3017
f 3026//3026 3025//3025 3027//3027
f 3027//3027 3025//3025 3024//3024
f 3026//3026 3027//3027 3028//3028
f 3026//3026 3028//3028 3029//3029
f 3026//3026 3029//3029 3017//3017
f 3017//3017 3029//3029 3030//3030
f 3017//3017 3030//3030 2998//2998
f 3030//3030 3029//3029 3031//3031
f 3031//3031 3029//3029 3028//3028
f 3031//3031 3028//3028 3032//3032
f 3032//3032 3028//3028 3027//3027
f 3032//3032 3027//3027 3033//3033
f 3033//3033 3027//3027 3024//3024
f 3033//3033 3024//3024 3034//3034
f 3033//3033 3034//3034 3032//3032
f 3034//3034 3024//3024 3023//3023
f 3034//3034 3023//3023 3035//3035
f 3035//3035 3023//3023 3021//3021
f 3035//3035 3021//3021 3016//3016
f 3035//3035 3016//3016 3015//3015
f 3035//3035 3015//3015 3011//3011
f 3035//3035 3011//3011 3010//3010
f 3035//3035 3010//3010 3036//3036
f 3035//3035 3036//3036 3034//3034
f 3034//3034 3036//3036 3032//3032
f 3032//3032 3036//3036 3037//3037
f 3032//3032 3037//3037 3031//3031
f 3037//3037 3036//3036 3038//3038
f 3038//3038 3036//3036 3010//3010
f 3037//3037 3038//3038 3039//3039
f 3037//3037 3039//3039 3031//3031
f 3031//3031 3039//3039 3030//3030
f 3030//3030 3039//3039 3040//3040
f 3030//3030 3040//3040 2998//2998
f 2998//2998 3040//3040 3041//3041
f 3041//3041 3040//3040 3039//3039
f 2998//2998 3041//3041 2997//2997
f 3041//3041 3039//3039 3042//3042
f 3042//3042 3039//3039 3038//3038
f 3042//3042 3038//3038 3043//3043
f 3043//3043 3038//3038 3010//3010
f 3043//3043 3010//3010 3044//3044
f 3044//3044 3010//3010 3009//3009
f 3044//3044 3009//3009 3045//3045
f 3045//3045 3009//3009 3008//3008
f 3044//3044 3045//3045 3046//3046
f 3044//3044 3046//3046 3043//3043
f 3043//3043 3046//3046 3047//3047
f 3043//3043 3047//3047 3042//3042
f 3042//3042 3047//3047 3041//3041
f 3041//3041 3047//3047 3048//3048
f 3041//3041 3048//3048 2997//2997
f 3048//3048 3047//3047 3046//3046
f 2997//2997 3048//3048 2995//2995
f 2995//2995 3048//3048 3046//3046
f 2995//2995 3046//3046 2994//2994
f 2994//2994 3046//3046 3045//3045
f 2994//2994 3045//3045 2993//2993
f 2993//2993 3045//3045 3049//3049
f 3049//3049 3045//3045 3008//3008
f 3049//3049 3008//3008 3050//3050
f 3050//3050 3008//3008 3007//3007
f 3050//3050 3007//3007 3051//3051
f 3050//3050 3051//3051 3049//3049
f 3051//3051 3007//3007 3052//3052
f 3052//3052 3007//3007 3006//3006
f 3051//3051 3052//3052 3053//3053
f 3053//3053 3052//3052 3054//3054
f 3054//3054 3052//3052 3055//3055
f 3055//3055 3052//3052 3056//3056
f 3056//3056 3052//3052 3006//3006
f 3056//3056 3006//3006 3057//3057
f 3056//3056 3057//3057 3055//3055
f 3057//3057 3006//3006 3005//3005
f 3055//3055 3057//3057 3058//3058
f 3055//3055 3058//3058 3059//3059
f 3055//3055 3059//3059 3054//3054
f 3054//3054 3059//3059 3060//3060
f 3054//3054 3060//3060 3061//3061
f 3054//3054 3061//3061 3053//3053
f 3053//3053 3061//3061 3062//3062
f 3053//3053 3062//3062 3051//3051
f 3062//3062 3061//3061 3063//3063
f 3062//3062 3063//3063 3064//3064
f 3062//3062 3064//3064 3065//3065
f 3062//3062 3065//3065 3051//3051
f 3051//3051 3065//3065 3066//3066
f 3051//3051 3066//3066 3049//3049
f 3049//3049 3066//3066 3067//3067
f 3067//3067 3066//3066 3065//3065
f 3049//3049 3067//3067 2993//2993
f 2993//2993 3067//3067 2992//2992
f 2992//2992 3067//3067 3068//3068
f 2992//2992 3068//3068 2991//2991
f 2991//2991 3068//3068 3069//3069
f 2991//2991 3069//3069 2990//2990
f 2990//2990 3069//3069 3070//3070
f 2990//2990 3070//3070 3071//3071
f 2990//2990 3071//3071 2988//2988
f 2988//2988 3071//3071 2987//2987
f 2987//2987 3071//3071 3072//3072
f 2987//2987 3072//3072 2986//2986
f 3072//3072 3071//3071 3073//3073
f 3073//3073 3071//3071 3070//3070
f 3073//3073 3070//3070 3074//3074
f 3073//3073 3074//3074 3075//3075
f 3074//3074 3070//3070 3076//3076
f 3074//3074 3076//3076 3075//3075
f 3075//3075 3076//3076 3077//3077
f 3075//3075 3077//3077 3078//3078
f 3075//3075 3078//3078 3073//3073
f 3073//3073 3078//3078 3072//3072
f 3072//3072 3078//3078 3079//3079
f 3079//3079 3078//3078 3080//3080
f 3080//3080 3078//3078 3077//3077
f 3080//3080 3077//3077 3081//3081
f 3081//3081 3077//3077 3082//3082
f 3082//3082 3077//3077 3076//3076
f 3082//3082 3076//3076 3083//3083
f 3083//3083 3076//3076 3070//3070
f 3082//3082 3083//3083 3084//3084
f 3082//3082 3084//3084 3081//3081
f 3081//3081 3084//3084 3085//3085
f 3081//3081 3085//3085 3080//3080
f 3080//3080 3085//3085 3079//3079
f 3079//3079 3085//3085 3086//3086
f 3079//3079 3086//3086 3072//3072
f 3072//3072 3086//3086 3087//3087
f 3072//3072 3087//3087 2986//2986
f 2986//2986 3087//3087 3088//3088
f 2986//2986 3088//3088 3089//3089
f 2986//2986 3089//3089 2985//2985
f 3089//3089 3088//3088 3090//3090
f 3090//3090 3088//3088 3087//3087
f 3090//3090 3087//3087 3091//3091
f 3091//3091 3087//3087 3086//3086
f 3091//3091 3086//3086 3092//3092
f 3092//3092 3086//3086 3085//3085
f 3092//3092 3085//3085 3084//3084
f 3092//3092 3084//3084 3083//3083
f 3092//3092 3083//3083 3093//3093
f 3092//3092 3093//3093 3091//3091
f 3091//3091 3093//3093 3090//3090
f 3090//3090 3093//3093 3094//3094
f 3094//3094 3093//3093 3083//3083
f 3094//3094 3083//3083 3070//3070
f 3094//3094 3070//3070 3069//3069
f 3094//3094 3069//3069 3068//3068
f 3094//3094 3068//3068 3095//3095
f 3094//3094 3095//3095 3096//3096
f 3094//3094 3096//3096 3090//3090
f 3090//3090 3096//3096 3089//3089
f 3089//3089 3096//3096 3097//3097
f 3089//3089 3097//3097 2985//2985
f 3097//3097 3096//3096 3098//3098
f 3097//3097 3098//3098 2985//2985
f 3098//3098 3096//3096 3095//3095
f 3098//3098 3095//3095 3099//3099
f 3099//3099 3095//3095 3068//3068
f 3098//3098 3099//3099 2985//2985
f 3099//3099 3068//3068 3067//3067
f 3099//3099 3067//3067 3065//3065
f 3099//3099 3065//3065 3100//3100
f 3099//3099 3100//3100 2985//2985
f 3100//3100 3065//3065 3064//3064
f 2985//2985 3100//3100 2983//2983
f 2983//2983 3100//3100 3101//3101
f 3101//3101 3100//3100 3102//3102
f 3102//3102 3100//3100 3064//3064
f 3102//3102 3064//3064 3103//3103
f 3103//3103 3064//3064 3063//3063
f 3103//3103 3063//3063 3104//3104
f 3103//3103 3104//3104 3102//3102
f 3104//3104 3063//3063 3061//3061
f 3104//3104 3061//3061 3105//3105
f 3105//3105 3061//3061 3106//3106
f 3106//3106 3061//3061 3060//3060
f 3106//3106 3060//3060 3107//3107
f 3107//3107 3060//3060 3059//3059
f 3106//3106 3107//3107 3108//3108
f 3106//3106 3108//3108 3105//3105
f 3105//3105 3108//3108 3109//3109
f 3109//3109 3108//3108 3107//3107
f 3105//3105 3109//3109 3110//3110
f 3105//3105 3110//3110 3104//3104
f 3104//3104 3110//3110 3111//3111
f 3104//3104 3111//3111 3102//3102
f 3111//3111 3110//3110 3112//3112
f 3112//3112 3110//3110 3109//3109
f 3112//3112 3109//3109 3113//3113
f 3113//3113 3109//3109 3114//3114
f 3114//3114 3109//3109 3107//3107
f 3114//3114 3107//3107 3115//3115
f 3115//3115 3107//3107 3059//3059
f 3114//3114 3115//3115 2916//2916
f 3114//3114 2916//2916 3116//3116
f 3114//3114 3116//3116 3113//3113
f 3116//3116 2916//2916 2917//2917
f 3116//3116 2917//2917 3113//3113
f 3113//3113 2917//2917 3117//3117
f 3113//3113 3117//3117 3112//3112
f 3117//3117 2917//2917 2918//2918
f 3112//3112 3117//3117 3118//3118
f 3112//3112 3118//3118 3111//3111
f 3118//3118 3117//3117 3119//3119
f 3118//3118 3119//3119 3111//3111
f 3119//3119 3117//3117 2918//2918
f 3119//3119 2918//2918 2919//2919
f 3119//3119 2919//2919 3120//3120
f 3119//3119 3120//3120 3121//3121
f 3119//3119 3121//3121 3111//3111
f 3111//3111 3121//3121 3122//3122
f 3111//3111 3122//3122 3123//3123
f 3111//3111 3123//3123 3102//3102
f 3123//3123 3122//3122 3124//3124
f 3124//3124 3122//3122 3125//3125
f 3125//3125 3122//3122 3121//3121
f 3125//3125 3121//3121 3120//3120
f 3125//3125 3120//3120 3126//3126
f 3126//3126 3120//3120 2919//2919
f 3126//3126 2919//2919 2940//2940
f 3126//3126 2940//2940 3127//3127
f 3127//3127 2940//2940 2941//2941
f 3126//3126 3127//3127 3128//3128
f 3126//3126 3128//3128 3125//3125
f 3125//3125 3128//3128 3127//3127
f 3125//3125 3127//3127 3129//3129
f 3129//3129 3127//3127 2941//2941
f 3129//3129 2941//2941 3130//3130
f 3130//3130 2941//2941 2946//2946
f 3130//3130 2946//2946 3131//3131
f 3130//3130 3131//3131 3129//3129
f 3131//3131 2946//2946 2948//2948
f 3131//3131 2948//2948 3132//3132
f 3132//3132 2948//2948 2958//2958
f 3131//3131 3132//3132 3133//3133
f 3131//3131 3133//3133 3129//3129
f 3129//3129 3133//3133 3125//3125
f 3125//3125 3133//3133 3124//3124
f 3124//3124 3133//3133 3134//3134
f 3124//3124 3134//3134 3123//3123
f 3123//3123 3134//3134 3135//3135
f 3123//3123 3135//3135 3102//3102
f 3135//3135 3134//3134 3136//3136
f 3136//3136 3134//3134 3133//3133
f 3136//3136 3133//3133 3137//3137
f 3137//3137 3133//3133 3138//3138
f 3138//3138 3133//3133 3132//3132
f 3138//3138 3132//3132 2958//2958
f 3138//3138 2958//2958 3139//3139
f 3139//3139 2958//2958 2959//2959
f 3139//3139 2959//2959 3140//3140
f 3139//3139 3140//3140 3138//3138
f 3140//3140 2959//2959 2960//2960
f 3140//3140 2960//2960 3141//3141
f 3140//3140 3141//3141 3138//3138
f 3138//3138 3141//3141 3137//3137
f 3137//3137 3141//3141 3142//3142
f 3141//3141 2960//2960 2980//2980
f 3141//3141 2980//2980 3143//3143
f 3141//3141 3143//3143 3142//3142
f 3143//3143 2980//2980 2982//2982
f 3143//3143 2982//2982 3144//3144
f 3144//3144 2982//2982 2984//2984
f 3143//3143 3144//3144 3145//3145
f 3143//3143 3145//3145 3146//3146
f 3143//3143 3146//3146 3142//3142
f 3142//3142 3146//3146 3147//3147
f 3142//3142 3147//3147 3137//3137
f 3137//3137 3147//3147 3148//3148
f 3137//3137 3148//3148 3136//3136
f 3148//3148 3147//3147 3149//3149
f 3136//3136 3148//3148 3150//3150
f 3150//3150 3148//3148 3149//3149
f 3136//3136 3150//3150 3151//3151
f 3136//3136 3151//3151 3135//3135
f 3135//3135 3151//3151 3152//3152
f 3135//3135 3152//3152 3153//3153
f 3135//3135 3153//3153 3102//3102
f 3102//3102 3153//3153 3152//3152
f 3102//3102 3152//3152 3101//3101
f 3101//3101 3152//3152 3151//3151
f 3101//3101 3151//3151 2983//2983
f 2983//2983 3151//3151 2984//2984
f 2984//2984 3151//3151 3154//3154
f 3154//3154 3151//3151 3150//3150
f 2984//2984 3154//3154 3144//3144
f 3154//3154 3150//3150 3155//3155
f 3154//3154 3155//3155 3144//3144
f 3155//3155 3150//3150 3149//3149
f 3155//3155 3149//3149 3156//3156
f 3156//3156 3149//3149 3147//3147
f 3156//3156 3147//3147 3155//3155
f 3155//3155 3147//3147 3157//3157
f 3157//3157 3147//3147 3146//3146
f 3157//3157 3146//3146 3158//3158
f 3158//3158 3146//3146 3145//3145
f 3158//3158 3145//3145 3159//3159
f 3158//3158 3159//3159 3157//3157
f 3159//3159 3145//3145 3144//3144
f 3157//3157 3159//3159 3160//3160
f 3160//3160 3159//3159 3144//3144
f 3160//3160 3144//3144 3155//3155
f 3160//3160 3155//3155 3157//3157
f 3161//3161 305//305 304//304
f 305//305 3161//3161 3162//3162
f 305//305 3162//3162 307//307
f 307//307 3162//3162 3163//3163
f 307//307 3163//3163 612//612
f 307//307 612//612 613//613
f 612//612 3163//3163 611//611
f 611//611 3163//3163 3164//3164
f 3164//3164 3163//3163 3162//3162
f 611//611 3164//3164 3165//3165
f 611//611 3165//3165 610//610
f 610//610 3165//3165 3166//3166
f 610//610 3166//3166 609//609
f 609//609 3166//3166 3167//3167
f 3167//3167 3166//3166 3168//3168
f 3168//3168 3166//3166 3169//3169
f 3169//3169 3166//3166 3165//3165
f 3169//3169 3165//3165 3170//3170
f 3170//3170 3165//3165 3164//3164
f 3170//3170 3164//3164 3162//3162
f 3170//3170 3162//3162 3161//3161
f 3170//3170 3161//3161 3171//3171
f 3170//3170 3171//3171 3172//3172
f 3170//3170 3172//3172 3169//3169
f 3169//3169 3172//3172 3173//3173
f 3169//3169 3173//3173 3168//3168
f 3168//3168 3173//3173 3174//3174
f 3168//3168 3174//3174 3167//3167
f 3167//3167 3174//3174 3175//3175
f 3167//3167 3175//3175 609//609
f 609//609 3175//3175 3176//3176
f 609//609 3176//3176 604//604
f 3176//3176 3175//3175 3177//3177
f 3177//3177 3175//3175 3174//3174
f 3176//3176 3177//3177 3178//3178
f 3176//3176 3178//3178 604//604
f 604//604 3178//3178 3179//3179
f 604//604 3179//3179 600//600
f 600//600 3179//3179 3180//3180
f 600//600 3180//3180 599//599
f 599//599 3180//3180 3181//3181
f 599//599 3181//3181 596//596
f 596//596 3181//3181 3182//3182
f 596//596 3182//3182 581//581
f 581//581 3182//3182 3183//3183
f 581//581 3183//3183 580//580
f 3183//3183 3182//3182 3184//3184
f 3183//3183 3184//3184 580//580
f 3184//3184 3182//3182 3181//3181
f 580//580 3184//3184 3185//3185
f 580//580 3185//3185 579//579
f 579//579 3185//3185 3186//3186
f 3186//3186 3185//3185 3184//3184
f 579//579 3186//3186 578//578
f 578//578 3186//3186 3187//3187
f 578//578 3187//3187 3188//3188
f 578//578 3188//3188 577//577
f 577//577 3188//3188 3189//3189
f 577//577 3189//3189 576//576
f 3189//3189 3188//3188 3190//3190
f 3190//3190 3188//3188 3187//3187
f 3189//3189 3190//3190 3191//3191
f 3189//3189 3191//3191 3192//3192
f 3189//3189 3192//3192 576//576
f 3192//3192 3191//3191 3193//3193
f 3193//3193 3191//3191 3194//3194
f 3194//3194 3191//3191 3190//3190
f 3194//3194 3190//3190 3195//3195
f 3195//3195 3190//3190 3187//3187
f 3195//3195 3187//3187 3196//3196
f 3196//3196 3187//3187 3186//3186
f 3196//3196 3186//3186 3197//3197
f 3197//3197 3186//3186 3198//3198
f 3198//3198 3186//3186 3184//3184
f 3197//3197 3198//3198 3199//3199
f 3197//3197 3199//3199 3200//3200
f 3197//3197 3200//3200 3196//3196
f 3196//3196 3200//3200 3195//3195
f 3195//3195 3200//3200 3201//3201
f 3195//3195 3201//3201 3202//3202
f 3195//3195 3202//3202 3203//3203
f 3195//3195 3203//3203 3204//3204
f 3195//3195 3204//3204 3194//3194
f 3194//3194 3204//3204 3193//3193
f 3193//3193 3204//3204 3205//3205
f 3193//3193 3205//3205 3192//3192
f 3192//3192 3205//3205 3206//3206
f 3192//3192 3206//3206 576//576
f 3206//3206 3205//3205 3207//3207
f 3207//3207 3205//3205 3208//3208
f 3208//3208 3205//3205 3204//3204
f 3207//3207 3208//3208 3209//3209
f 3207//3207 3209//3209 3210//3210
f 3207//3207 3210//3210 3206//3206
f 3210//3210 3209//3209 3211//3211
f 3206//3206 3210//3210 3212//3212
f 3212//3212 3210//3210 3211//3211
f 3206//3206 3212//3212 3213//3213
f 3206//3206 3213//3213 576//576
f 576//576 3213//3213 3214//3214
f 576//576 3214//3214 3215//3215
f 576//576 3215//3215 573//573
f 573//573 3215//3215 3216//3216
f 573//573 3216//3216 572//572
f 572//572 3216//3216 571//571
f 571//571 3216//3216 3217//3217
f 571//571 3217//3217 570//570
f 3217//3217 3216//3216 3218//3218
f 3218//3218 3216//3216 3215//3215
f 3218//3218 3215//3215 3219//3219
f 3219//3219 3215//3215 3214//3214
f 3219//3219 3214//3214 3220//3220
f 3220//3220 3214//3214 3213//3213
f 3220//3220 3213//3213 3212//3212
f 3220//3220 3212//3212 3221//3221
f 3220//3220 3221//3221 3222//3222
f 3220//3220 3222//3222 3219//3219
f 3222//3222 3221//3221 3223//3223
f 3222//3222 3223//3223 3219//3219
f 3219//3219 3223//3223 3224//3224
f 3219//3219 3224//3224 3225//3225
f 3219//3219 3225//3225 3218//3218
f 3225//3225 3224//3224 3226//3226
f 3226//3226 3224//3224 3227//3227
f 3227//3227 3224//3224 3223//3223
f 3226//3226 3227//3227 3228//3228
f 3226//3226 3228//3228 3225//3225
f 3225//3225 3228//3228 3229//3229
f 3225//3225 3229//3229 3218//3218
f 3218//3218 3229//3229 3230//3230
f 3218//3218 3230//3230 3217//3217
f 3217//3217 3230//3230 3231//3231
f 3217//3217 3231//3231 570//570
f 3231//3231 3230//3230 3232//3232
f 3232//3232 3230//3230 3229//3229
f 3232//3232 3229//3229 3233//3233
f 3233//3233 3229//3229 3228//3228
f 3233//3233 3228//3228 3227//3227
f 3233//3233 3227//3227 3234//3234
f 3234//3234 3227//3227 3223//3223
f 3233//3233 3234//3234 3235//3235
f 3233//3233 3235//3235 3232//3232
f 3232//3232 3235//3235 3236//3236
f 3232//3232 3236//3236 3231//3231
f 3231//3231 3236//3236 570//570
f 570//570 3236//3236 3237//3237
f 570//570 3237//3237 569//569
f 3237//3237 3236//3236 3238//3238
f 3238//3238 3236//3236 3235//3235
f 3237//3237 3238//3238 3239//3239
f 3237//3237 3239//3239 569//569
f 569//569 3239//3239 3240//3240
f 569//569 3240//3240 568//568
f 568//568 3240//3240 3241//3241
f 3241//3241 3240//3240 3239//3239
f 568//568 3241//3241 850//850
f 850//850 3241//3241 3242//3242
f 850//850 3242//3242 851//851
f 3242//3242 3241//3241 3243//3243
f 3243//3243 3241//3241 3239//3239
f 3243//3243 3239//3239 3238//3238
f 3243//3243 3238//3238 3244//3244
f 3244//3244 3238//3238 3235//3235
f 3244//3244 3235//3235 3245//3245
f 3244//3244 3245//3245 3243//3243
f 3243//3243 3245//3245 3246//3246
f 3243//3243 3246//3246 3242//3242
f 3246//3246 3245//3245 3247//3247
f 3247//3247 3245//3245 3248//3248
f 3248//3248 3245//3245 3249//3249
f 3249//3249 3245//3245 3235//3235
f 3249//3249 3235//3235 3234//3234
f 3249//3249 3234//3234 3250//3250
f 3249//3249 3250//3250 3251//3251
f 3251//3251 3250//3250 3252//3252
f 3252//3252 3250//3250 3234//3234
f 3252//3252 3234//3234 3253//3253
f 3253//3253 3234//3234 3254//3254
f 3254//3254 3234//3234 3223//3223
f 3254//3254 3223//3223 3255//3255
f 3255//3255 3223//3223 3221//3221
f 3254//3254 3255//3255 3256//3256
f 3254//3254 3256//3256 3253//3253
f 3253//3253 3256//3256 3252//3252
f 3252//3252 3256//3256 3257//3257
f 3257//3257 3256//3256 3258//3258
f 3258//3258 3256//3256 3259//3259
f 3259//3259 3256//3256 3255//3255
f 3259//3259 3255//3255 3221//3221
f 3259//3259 3221//3221 3260//3260
f 3259//3259 3260//3260 3258//3258
f 3260//3260 3221//3221 3212//3212
f 3260//3260 3212//3212 3261//3261
f 3261//3261 3212//3212 3211//3211
f 3260//3260 3261//3261 3262//3262
f 3260//3260 3262//3262 3258//3258
f 3258//3258 3262//3262 3263//3263
f 3258//3258 3263//3263 3257//3257
f 3257//3257 3263//3263 3264//3264
f 3264//3264 3263//3263 3265//3265
f 3265//3265 3263//3263 3262//3262
f 3265//3265 3262//3262 3266//3266
f 3266//3266 3262//3262 3267//3267
f 3267//3267 3262//3262 3261//3261
f 3267//3267 3261//3261 3268//3268
f 3268//3268 3261//3261 3211//3211
f 3267//3267 3268//3268 3266//3266
f 3268//3268 3211//3211 3209//3209
f 3268//3268 3209//3209 3208//3208
f 3268//3268 3208//3208 3269//3269
f 3268//3268 3269//3269 3270//3270
f 3268//3268 3270//3270 3266//3266
f 3270//3270 3269//3269 3271//3271
f 3270//3270 3271//3271 3266//3266
f 3266//3266 3271//3271 3272//3272
f 3266//3266 3272//3272 3273//3273
f 3273//3273 3272//3272 3271//3271
f 3273//3273 3271//3271 3274//3274
f 3274//3274 3271//3271 3269//3269
f 3274//3274 3269//3269 3275//3275
f 3275//3275 3269//3269 3276//3276
f 3276//3276 3269//3269 3277//3277
f 3277//3277 3269//3269 3208//3208
f 3277//3277 3208//3208 3204//3204
f 3277//3277 3204//3204 3278//3278
f 3278//3278 3204//3204 3203//3203
f 3278//3278 3203//3203 3279//3279
f 3279//3279 3203//3203 3202//3202
f 3279//3279 3202//3202 3280//3280
f 3280//3280 3202//3202 3281//3281
f 3281//3281 3202//3202 3201//3201
f 3281//3281 3201//3201 3282//3282
f 3281//3281 3282//3282 3283//3283
f 3281//3281 3283//3283 3284//3284
f 3281//3281 3284//3284 3280//3280
f 3284//3284 3283//3283 3285//3285
f 3285//3285 3283//3283 3282//3282
f 3285//3285 3282//3282 3286//3286
f 3285//3285 3286//3286 3287//3287
f 3285//3285 3287//3287 3288//3288
f 3285//3285 3288//3288 3284//3284
f 3288//3288 3287//3287 3289//3289
f 3289//3289 3287//3287 3290//3290
f 3290//3290 3287//3287 3286//3286
f 3290//3290 3286//3286 3291//3291
f 3291//3291 3286//3286 3292//3292
f 3292//3292 3286//3286 3282//3282
f 3292//3292 3282//3282 3293//3293
f 3293//3293 3282//3282 3294//3294
f 3294//3294 3282//3282 3201//3201
f 3294//3294 3201//3201 3295//3295
f 3294//3294 3295//3295 3293//3293
f 3295//3295 3201//3201 3200//3200
f 3295//3295 3200//3200 3296//3296
f 3296//3296 3200//3200 3297//3297
f 3297//3297 3200//3200 3199//3199
f 3297//3297 3199//3199 3198//3198
f 3297//3297 3198//3198 3298//3298
f 3298//3298 3198//3198 3299//3299
f 3299//3299 3198//3198 3184//3184
f 3299//3299 3184//3184 3300//3300
f 3300//3300 3184//3184 3301//3301
f 3301//3301 3184//3184 3181//3181
f 3300//3300 3301//3301 3302//3302
f 3302//3302 3301//3301 3181//3181
f 3300//3300 3302//3302 3299//3299
f 3302//3302 3181//3181 3303//3303
f 3303//3303 3181//3181 3180//3180
f 3303//3303 3180//3180 3179//3179
f 3303//3303 3179//3179 3304//3304
f 3304//3304 3179//3179 3305//3305
f 3305//3305 3179//3179 3178//3178
f 3305//3305 3178//3178 3177//3177
f 3305//3305 3177//3177 3306//3306
f 3305//3305 3306//3306 3307//3307
f 3305//3305 3307//3307 3304//3304
f 3304//3304 3307//3307 3308//3308
f 3304//3304 3308//3308 3303//3303
f 3303//3303 3308//3308 3302//3302
f 3302//3302 3308//3308 3299//3299
f 3299//3299 3308//3308 3309//3309
f 3299//3299 3309//3309 3298//3298
f 3298//3298 3309//3309 3310//3310
f 3310//3310 3309//3309 3308//3308
f 3298//3298 3310//3310 3311//3311
f 3298//3298 3311//3311 3297//3297
f 3297//3297 3311//3311 3312//3312
f 3297//3297 3312//3312 3296//3296
f 3296//3296 3312//3312 3313//3313
f 3296//3296 3313//3313 3295//3295
f 3295//3295 3313//3313 3314//3314
f 3295//3295 3314//3314 3293//3293
f 3293//3293 3314//3314 3315//3315
f 3293//3293 3315//3315 3292//3292
f 3315//3315 3314//3314 3316//3316
f 3316//3316 3314//3314 3317//3317
f 3317//3317 3314//3314 3313//3313
f 3316//3316 3317//3317 3318//3318
f 3317//3317 3313//3313 3319//3319
f 3317//3317 3319//3319 3320//3320
f 3317//3317 3320//3320 3318//3318
f 3320//3320 3319//3319 3321//3321
f 3320//3320 3321//3321 3322//3322
f 3322//3322 3321//3321 3323//3323
f 3323//3323 3321//3321 3319//3319
f 3323//3323 3319//3319 3324//3324
f 3324//3324 3319//3319 3313//3313
f 3324//3324 3313//3313 3312//3312
f 3324//3324 3312//3312 3311//3311
f 3324//3324 3311//3311 3325//3325
f 3325//3325 3311//3311 3326//3326
f 3326//3326 3311//3311 3310//3310
f 3326//3326 3310//3310 3327//3327
f 3327//3327 3310//3310 3308//3308
f 3327//3327 3308//3308 3328//3328
f 3328//3328 3308//3308 3307//3307
f 3328//3328 3307//3307 3306//3306
f 3328//3328 3306//3306 3329//3329
f 3329//3329 3306//3306 3177//3177
f 3328//3328 3329//3329 3330//3330
f 3328//3328 3330//3330 3327//3327
f 3330//3330 3329//3329 3331//3331
f 3330//3330 3331//3331 3327//3327
f 3331//3331 3329//3329 3332//3332
f 3332//3332 3329//3329 3177//3177
f 3331//3331 3332//3332 3333//3333
f 3331//3331 3333//3333 3327//3327
f 3327//3327 3333//3333 3334//3334
f 3327//3327 3334//3334 3326//3326
f 3334//3334 3333//3333 3335//3335
f 3335//3335 3333//3333 3332//3332
f 3334//3334 3335//3335 3336//3336
f 3334//3334 3336//3336 3337//3337
f 3334//3334 3337//3337 3326//3326
f 3326//3326 3337//3337 3338//3338
f 3326//3326 3338//3338 3325//3325
f 3338//3338 3337//3337 3339//3339
f 3338//3338 3339//3339 3325//3325
f 3339//3339 3337//3337 3340//3340
f 3340//3340 3337//3337 3336//3336
f 3340//3340 3336//3336 3341//3341
f 3341//3341 3336//3336 3342//3342
f 3342//3342 3336//3336 3335//3335
f 3342//3342 3335//3335 3343//3343
f 3343//3343 3335//3335 3344//3344
f 3344//3344 3335//3335 3332//3332
f 3344//3344 3332//3332 3345//3345
f 3345//3345 3332//3332 3177//3177
f 3345//3345 3177//3177 3174//3174
f 3345//3345 3174//3174 3344//3344
f 3344//3344 3174//3174 3346//3346
f 3346//3346 3174//3174 3173//3173
f 3344//3344 3346//3346 3347//3347
f 3347//3347 3346//3346 3173//3173
f 3344//3344 3347//3347 3343//3343
f 3343//3343 3347//3347 3348//3348
f 3348//3348 3347//3347 3349//3349
f 3349//3349 3347//3347 3173//3173
f 3349//3349 3173//3173 3350//3350
f 3350//3350 3173//3173 3351//3351
f 3351//3351 3173//3173 3172//3172
f 3351//3351 3172//3172 3352//3352
f 3352//3352 3172//3172 3171//3171
f 3352//3352 3171//3171 3353//3353
f 3353//3353 3171//3171 3161//3161
f 3353//3353 3161//3161 304//304
f 3353//3353 304//304 303//303
f 3353//3353 303//303 3354//3354
f 3354//3354 303//303 3355//3355
f 3355//3355 303//303 302//302
f 3355//3355 302//302 3356//3356
f 3356//3356 302//302 301//301
f 3355//3355 3356//3356 3357//3357
f 3355//3355 3357//3357 3354//3354
f 3354//3354 3357//3357 3358//3358
f 3354//3354 3358//3358 3353//3353
f 3353//3353 3358//3358 3352//3352
f 3352//3352 3358//3358 3359//3359
f 3359//3359 3358//3358 3360//3360
f 3360//3360 3358//3358 3361//3361
f 3361//3361 3358//3358 3357//3357
f 3361//3361 3357//3357 3356//3356
f 3361//3361 3356//3356 3362//3362
f 3361//3361 3362//3362 3360//3360
f 3360//3360 3362//3362 3363//3363
f 3360//3360 3363//3363 3359//3359
f 3359//3359 3363//3363 3364//3364
f 3359//3359 3364//3364 3352//3352
f 3352//3352 3364//3364 3365//3365
f 3352//3352 3365//3365 3351//3351
f 3365//3365 3364//3364 3366//3366
f 3351//3351 3365//3365 3367//3367
f 3365//3365 3366//3366 3368//3368
f 3365//3365 3368//3368 3367//3367
f 3367//3367 3368//3368 3369//3369
f 3367//3367 3369//3369 3370//3370
f 3367//3367 3370//3370 3351//3351
f 3351//3351 3370//3370 3350//3350
f 3350//3350 3370//3370 3371//3371
f 3350//3350 3371//3371 3372//3372
f 3350//3350 3372//3372 3349//3349
f 3372//3372 3371//3371 3373//3373
f 3373//3373 3371//3371 3370//3370
f 3373//3373 3370//3370 3374//3374
f 3374//3374 3370//3370 3375//3375
f 3375//3375 3370//3370 3376//3376
f 3375//3375 3376//3376 3374//3374
f 3376//3376 3370//3370 3369//3369
f 3376//3376 3369//3369 3377//3377
f 3377//3377 3369//3369 3368//3368
f 3377//3377 3368//3368 3376//3376
f 3376//3376 3368//3368 3366//3366
f 3376//3376 3366//3366 3378//3378
f 3378//3378 3366//3366 3364//3364
f 3376//3376 3378//3378 3379//3379
f 3376//3376 3379//3379 3374//3374
f 3374//3374 3379//3379 3380//3380
f 3374//3374 3380//3380 3373//3373
f 3373//3373 3380//3380 3381//3381
f 3381//3381 3380//3380 3379//3379
f 3373//3373 3381//3381 3382//3382
f 3373//3373 3382//3382 3372//3372
f 3372//3372 3382//3382 3383//3383
f 3372//3372 3383//3383 3349//3349
f 3383//3383 3382//3382 3384//3384
f 3383//3383 3384//3384 3385//3385
f 3385//3385 3384//3384 3386//3386
f 3386//3386 3384//3384 3382//3382
f 3386//3386 3382//3382 3387//3387
f 3387//3387 3382//3382 3388//3388
f 3388//3388 3382//3382 3381//3381
f 3387//3387 3388//3388 3389//3389
f 3387//3387 3389//3389 3386//3386
f 3386//3386 3389//3389 3390//3390
f 3386//3386 3390//3390 3385//3385
f 3385//3385 3390//3390 3391//3391
f 3391//3391 3390//3390 3392//3392
f 3392//3392 3390//3390 3389//3389
f 3392//3392 3389//3389 3393//3393
f 3393//3393 3389//3389 3388//3388
f 3392//3392 3393//3393 3394//3394
f 3393//3393 3388//3388 3395//3395
f 3395//3395 3388//3388 3396//3396
f 3396//3396 3388//3388 3381//3381
f 3396//3396 3381//3381 3397//3397
f 3397//3397 3381//3381 3379//3379
f 3397//3397 3379//3379 3398//3398
f 3398//3398 3379//3379 3378//3378
f 3397//3397 3398//3398 3399//3399
f 3397//3397 3399//3399 3396//3396
f 3396//3396 3399//3399 3395//3395
f 3395//3395 3399//3399 3400//3400
f 3395//3395 3400//3400 3401//3401
f 3395//3395 3401//3401 3393//3393
f 3393//3393 3401//3401 3394//3394
f 3394//3394 3401//3401 3402//3402
f 3394//3394 3402//3402 3403//3403
f 3394//3394 3403//3403 3392//3392
f 3403//3403 3402//3402 3404//3404
f 3403//3403 3404//3404 3405//3405
f 3403//3403 3405//3405 3406//3406
f 3403//3403 3406//3406 3407//3407
f 3403//3403 3407//3407 3408//3408
f 3403//3403 3408//3408 3392//3392
f 3392//3392 3408//3408 3409//3409
f 3392//3392 3409//3409 3391//3391
f 3391//3391 3409//3409 3410//3410
f 3391//3391 3410//3410 3385//3385
f 3385//3385 3410//3410 3383//3383
f 3383//3383 3410//3410 3411//3411
f 3383//3383 3411//3411 3349//3349
f 3349//3349 3411//3411 3412//3412
f 3349//3349 3412//3412 3348//3348
f 3348//3348 3412//3412 3413//3413
f 3348//3348 3413//3413 3343//3343
f 3343//3343 3413//3413 3414//3414
f 3343//3343 3414//3414 3415//3415
f 3343//3343 3415//3415 3342//3342
f 3415//3415 3414//3414 3416//3416
f 3416//3416 3414//3414 3413//3413
f 3415//3415 3416//3416 3417//3417
f 3416//3416 3413//3413 3418//3418
f 3416//3416 3418//3418 3417//3417
f 3418//3418 3413//3413 3419//3419
f 3419//3419 3413//3413 3412//3412
f 3419//3419 3412//3412 3420//3420
f 3420//3420 3412//3412 3421//3421
f 3421//3421 3412//3412 3411//3411
f 3421//3421 3411//3411 3422//3422
f 3422//3422 3411//3411 3410//3410
f 3421//3421 3422//3422 3423//3423
f 3421//3421 3423//3423 3420//3420
f 3423//3423 3422//3422 3424//3424
f 3424//3424 3422//3422 3410//3410
f 3424//3424 3410//3410 3425//3425
f 3424//3424 3425//3425 3423//3423
f 3425//3425 3410//3410 3409//3409
f 3425//3425 3409//3409 3408//3408
f 3425//3425 3408//3408 3426//3426
f 3425//3425 3426//3426 3423//3423
f 3423//3423 3426//3426 3427//3427
f 3423//3423 3427//3427 3420//3420
f 3420//3420 3427//3427 3419//3419
f 3419//3419 3427//3427 3428//3428
f 3419//3419 3428//3428 3429//3429
f 3419//3419 3429//3429 3418//3418
f 3418//3418 3429//3429 3430//3430
f 3430//3430 3429//3429 3428//3428
f 3418//3418 3430//3430 3431//3431
f 3431//3431 3430//3430 3428//3428
f 3418//3418 3431//3431 3417//3417
f 3431//3431 3428//3428 3432//3432
f 3431//3431 3432//3432 3433//3433
f 3431//3431 3433//3433 3434//3434
f 3433//3433 3432//3432 3435//3435
f 3433//3433 3435//3435 3436//3436
f 3433//3433 3436//3436 3434//3434
f 3434//3434 3436//3436 3437//3437
f 3434//3434 3437//3437 3438//3438
f 3434//3434 3438//3438 3431//3431
f 3431//3431 3438//3438 3439//3439
f 3439//3439 3438//3438 3437//3437
f 3431//3431 3439//3439 3417//3417
f 3417//3417 3439//3439 3440//3440
f 3417//3417 3440//3440 3441//3441
f 3417//3417 3441//3441 3415//3415
f 3415//3415 3441//3441 3342//3342
f 3342//3342 3441//3441 3341//3341
f 3341//3341 3441//3441 3442//3442
f 3341//3341 3442//3442 3340//3340
f 3340//3340 3442//3442 3339//3339
f 3339//3339 3442//3442 3443//3443
f 3339//3339 3443//3443 3444//3444
f 3339//3339 3444//3444 3325//3325
f 3325//3325 3444//3444 3324//3324
f 3324//3324 3444//3444 3445//3445
f 3324//3324 3445//3445 3446//3446
f 3324//3324 3446//3446 3323//3323
f 3446//3446 3445//3445 3447//3447
f 3447//3447 3445//3445 3444//3444
f 3447//3447 3444//3444 3448//3448
f 3448//3448 3444//3444 3443//3443
f 3448//3448 3443//3443 3449//3449
f 3448//3448 3449//3449 3450//3450
f 3448//3448 3450//3450 3451//3451
f 3448//3448 3451//3451 3447//3447
f 3447//3447 3451//3451 3452//3452
f 3447//3447 3452//3452 3446//3446
f 3446//3446 3452//3452 3323//3323
f 3323//3323 3452//3452 3453//3453
f 3323//3323 3453//3453 3322//3322
f 3322//3322 3453//3453 3454//3454
f 3322//3322 3454//3454 3455//3455
f 3322//3322 3455//3455 3320//3320
f 3320//3320 3455//3455 3318//3318
f 3318//3318 3455//3455 3456//3456
f 3318//3318 3456//3456 3316//3316
f 3316//3316 3456//3456 3457//3457
f 3316//3316 3457//3457 3315//3315
f 3315//3315 3457//3457 3292//3292
f 3292//3292 3457//3457 3458//3458
f 3292//3292 3458//3458 3291//3291
f 3458//3458 3457//3457 3459//3459
f 3459//3459 3457//3457 3460//3460
f 3460//3460 3457//3457 3456//3456
f 3460//3460 3456//3456 3461//3461
f 3461//3461 3456//3456 3455//3455
f 3461//3461 3455//3455 3462//3462
f 3462//3462 3455//3455 3454//3454
f 3461//3461 3462//3462 3463//3463
f 3462//3462 3454//3454 3464//3464
f 3462//3462 3464//3464 3463//3463
f 3464//3464 3454//3454 3465//3465
f 3465//3465 3454//3454 3453//3453
f 3465//3465 3453//3453 3466//3466
f 3466//3466 3453//3453 3452//3452
f 3465//3465 3466//3466 3467//3467
f 3465//3465 3467//3467 3464//3464
f 3464//3464 3467//3467 3468//3468
f 3464//3464 3468//3468 3469//3469
f 3464//3464 3469//3469 3463//3463
f 3463//3463 3469//3469 3470//3470
f 3463//3463 3470//3470 3461//3461
f 3461//3461 3470//3470 3471//3471
f 3461//3461 3471//3471 3460//3460
f 3460//3460 3471//3471 3472//3472
f 3472//3472 3471//3471 3470//3470
f 3460//3460 3472//3472 3473//3473
f 3460//3460 3473//3473 3459//3459
f 3459//3459 3473//3473 3474//3474
f 3459//3459 3474//3474 3458//3458
f 3458//3458 3474//3474 3475//3475
f 3475//3475 3474//3474 3473//3473
f 3458//3458 3475//3475 3291//3291
f 3291//3291 3475//3475 3476//3476
f 3291//3291 3476//3476 3290//3290
f 3290//3290 3476//3476 3477//3477
f 3477//3477 3476//3476 3478//3478
f 3478//3478 3476//3476 3479//3479
f 3479//3479 3476//3476 3475//3475
f 3479//3479 3475//3475 3480//3480
f 3480//3480 3475//3475 3473//3473
f 3480//3480 3473//3473 3481//3481
f 3480//3480 3481//3481 3479//3479
f 3481//3481 3473//3473 3472//3472
f 3481//3481 3472//3472 3482//3482
f 3482//3482 3472//3472 3470//3470
f 3482//3482 3470//3470 3483//3483
f 3483//3483 3470//3470 3469//3469
f 3483//3483 3469//3469 3484//3484
f 3484//3484 3469//3469 3468//3468
f 3483//3483 3484//3484 3485//3485
f 3483//3483 3485//3485 3482//3482
f 3482//3482 3485//3485 3486//3486
f 3482//3482 3486//3486 3481//3481
f 3481//3481 3486//3486 3487//3487
f 3487//3487 3486//3486 3488//3488
f 3488//3488 3486//3486 3489//3489
f 3489//3489 3486//3486 3490//3490
f 3490//3490 3486//3486 3491//3491
f 3491//3491 3486//3486 3485//3485
f 3491//3491 3485//3485 3492//3492
f 3492//3492 3485//3485 3484//3484
f 3492//3492 3484//3484 3493//3493
f 3493//3493 3484//3484 3468//3468
f 3493//3493 3468//3468 3467//3467
f 3493//3493 3467//3467 3494//3494
f 3494//3494 3467//3467 3495//3495
f 3495//3495 3467//3467 3466//3466
f 3495//3495 3466//3466 3496//3496
f 3496//3496 3466//3466 3497//3497
f 3497//3497 3466//3466 3452//3452
f 3497//3497 3452//3452 3498//3498
f 3498//3498 3452//3452 3451//3451
f 3498//3498 3451//3451 3499//3499
f 3499//3499 3451//3451 3450//3450
f 3499//3499 3450//3450 3500//3500
f 3500//3500 3450//3450 3449//3449
f 3499//3499 3500//3500 3501//3501
f 3500//3500 3449//3449 3502//3502
f 3501//3501 3500//3500 3503//3503
f 3501//3501 3503//3503 3504//3504
f 3501//3501 3504//3504 3499//3499
f 3499//3499 3504//3504 3505//3505
f 3499//3499 3505//3505 3498//3498
f 3498//3498 3505//3505 3506//3506
f 3498//3498 3506//3506 3497//3497
f 3497//3497 3506//3506 3496//3496
f 3496//3496 3506//3506 3507//3507
f 3496//3496 3507//3507 3495//3495
f 3495//3495 3507//3507 3508//3508
f 3495//3495 3508//3508 3494//3494
f 3494//3494 3508//3508 3509//3509
f 3494//3494 3509//3509 3510//3510
f 3510//3510 3509//3509 3508//3508
f 3510//3510 3508//3508 3507//3507
f 3510//3510 3507//3507 3511//3511
f 3494//3494 3510//3510 3493//3493
f 3493//3493 3510//3510 3512//3512
f 3493//3493 3512//3512 3513//3513
f 3493//3493 3513//3513 3492//3492
f 3492//3492 3513//3513 3491//3491
f 3491//3491 3513//3513 3514//3514
f 3514//3514 3513//3513 3512//3512
f 3491//3491 3514//3514 3515//3515
f 3491//3491 3515//3515 3490//3490
f 3490//3490 3515//3515 3516//3516
f 3490//3490 3516//3516 3489//3489
f 3489//3489 3516//3516 3488//3488
f 3488//3488 3516//3516 3517//3517
f 3517//3517 3516//3516 3518//3518
f 3488//3488 3517//3517 3519//3519
f 3517//3517 3518//3518 3520//3520
f 3517//3517 3520//3520 3519//3519
f 3520//3520 3518//3518 3521//3521
f 3521//3521 3518//3518 3522//3522
f 3522//3522 3518//3518 3516//3516
f 3522//3522 3516//3516 3523//3523
f 3523//3523 3516//3516 3515//3515
f 3523//3523 3515//3515 3514//3514
f 3523//3523 3514//3514 3524//3524
f 3524//3524 3514//3514 3512//3512
f 3524//3524 3512//3512 3525//3525
f 3525//3525 3512//3512 3510//3510
f 3525//3525 3510//3510 3526//3526
f 3526//3526 3510//3510 3511//3511
f 3525//3525 3526//3526 3527//3527
f 3527//3527 3526//3526 3511//3511
f 3527//3527 3511//3511 3528//3528
f 3528//3528 3511//3511 3529//3529
f 3527//3527 3528//3528 3530//3530
f 3530//3530 3528//3528 3529//3529
f 3527//3527 3530//3530 3531//3531
f 3527//3527 3531//3531 3525//3525
f 3525//3525 3531//3531 3532//3532
f 3525//3525 3532//3532 3524//3524
f 3532//3532 3531//3531 3533//3533
f 3532//3532 3533//3533 3524//3524
f 3524//3524 3533//3533 3534//3534
f 3524//3524 3534//3534 3535//3535
f 3524//3524 3535//3535 3523//3523
f 3523//3523 3535//3535 3536//3536
f 3523//3523 3536//3536 3522//3522
f 3522//3522 3536//3536 3537//3537
f 3522//3522 3537//3537 3521//3521
f 3521//3521 3537//3537 3538//3538
f 3521//3521 3538//3538 3539//3539
f 3521//3521 3539//3539 3520//3520
f 3520//3520 3539//3539 3540//3540
f 3520//3520 3540//3540 3519//3519
f 3540//3540 3539//3539 3541//3541
f 3541//3541 3539//3539 3538//3538
f 3541//3541 3538//3538 3542//3542
f 3542//3542 3538//3538 3537//3537
f 3541//3541 3542//3542 3543//3543
f 3541//3541 3543//3543 3540//3540
f 3540//3540 3543//3543 3544//3544
f 3540//3540 3544//3544 3519//3519
f 3519//3519 3544//3544 3488//3488
f 3488//3488 3544//3544 3545//3545
f 3488//3488 3545//3545 3487//3487
f 3487//3487 3545//3545 3546//3546
f 3487//3487 3546//3546 3481//3481
f 3546//3546 3545//3545 3547//3547
f 3547//3547 3545//3545 3548//3548
f 3548//3548 3545//3545 3544//3544
f 3548//3548 3544//3544 3549//3549
f 3549//3549 3544//3544 3550//3550
f 3550//3550 3544//3544 3543//3543
f 3550//3550 3543//3543 3542//3542
f 3550//3550 3542//3542 3551//3551
f 3551//3551 3542//3542 3537//3537
f 3551//3551 3537//3537 3536//3536
f 3551//3551 3536//3536 3552//3552
f 3552//3552 3536//3536 3535//3535
f 3552//3552 3535//3535 3553//3553
f 3552//3552 3553//3553 3554//3554
f 3552//3552 3554//3554 3551//3551
f 3551//3551 3554//3554 3555//3555
f 3551//3551 3555//3555 3556//3556
f 3551//3551 3556//3556 3550//3550
f 3550//3550 3556//3556 3557//3557
f 3550//3550 3557//3557 3549//3549
f 3549//3549 3557//3557 3558//3558
f 3549//3549 3558//3558 3548//3548
f 3548//3548 3558//3558 3559//3559
f 3548//3548 3559//3559 3547//3547
f 3547//3547 3559//3559 3560//3560
f 3547//3547 3560//3560 3546//3546
f 3560//3560 3559//3559 3561//3561
f 3560//3560 3561//3561 3546//3546
f 3546//3546 3561//3561 3562//3562
f 3546//3546 3562//3562 3563//3563
f 3563//3563 3562//3562 3564//3564
f 3564//3564 3562//3562 3565//3565
f 3565//3565 3562//3562 3566//3566
f 3566//3566 3562//3562 3561//3561
f 3565//3565 3566//3566 3567//3567
f 3565//3565 3567//3567 3568//3568
f 3565//3565 3568//3568 3564//3564
f 3568//3568 3567//3567 3569//3569
f 3569//3569 3567//3567 3566//3566
f 3568//3568 3569//3569 3570//3570
f 3568//3568 3570//3570 3571//3571
f 3568//3568 3571//3571 3564//3564
f 3564//3564 3571//3571 3563//3563
f 3563//3563 3571//3571 3572//3572
f 3563//3563 3572//3572 3546//3546
f 3546//3546 3572//3572 3573//3573
f 3573//3573 3572//3572 3571//3571
f 3546//3546 3573//3573 3481//3481
f 3481//3481 3573//3573 3574//3574
f 3574//3574 3573//3573 3571//3571
f 3481//3481 3574//3574 3479//3479
f 3479//3479 3574//3574 3575//3575
f 3479//3479 3575//3575 3478//3478
f 3478//3478 3575//3575 3576//3576
f 3478//3478 3576//3576 3477//3477
f 3576//3576 3575//3575 3577//3577
f 3577//3577 3575//3575 3574//3574
f 3577//3577 3574//3574 3578//3578
f 3578//3578 3574//3574 3571//3571
f 3578//3578 3571//3571 3579//3579
f 3579//3579 3571//3571 3570//3570
f 3579//3579 3570//3570 3580//3580
f 3580//3580 3570//3570 3569//3569
f 3580//3580 3569//3569 3581//3581
f 3581//3581 3569//3569 3566//3566
f 3581//3581 3566//3566 3582//3582
f 3582//3582 3566//3566 3561//3561
f 3582//3582 3561//3561 3583//3583
f 3583//3583 3561//3561 3559//3559
f 3583//3583 3559//3559 3584//3584
f 3584//3584 3559//3559 3558//3558
f 3584//3584 3558//3558 3557//3557
f 3584//3584 3557//3557 3556//3556
f 3584//3584 3556//3556 3585//3585
f 3585//3585 3556//3556 3555//3555
f 3584//3584 3585//3585 3586//3586
f 3584//3584 3586//3586 3583//3583
f 3586//3586 3585//3585 3587//3587
f 3586//3586 3587//3587 3583//3583
f 3587//3587 3585//3585 3555//3555
f 3583//3583 3587//3587 3582//3582
f 3587//3587 3555//3555 3554//3554
f 3582//3582 3587//3587 3588//3588
f 3582//3582 3588//3588 3581//3581
f 3581//3581 3588//3588 3580//3580
f 3580//3580 3588//3588 3589//3589
f 3589//3589 3588//3588 3590//3590
f 3590//3590 3588//3588 3591//3591
f 3591//3591 3588//3588 3587//3587
f 3591//3591 3587//3587 3554//3554
f 3591//3591 3554//3554 3592//3592
f 3592//3592 3554//3554 3553//3553
f 3592//3592 3553//3553 3593//3593
f 3592//3592 3593//3593 3591//3591
f 3593//3593 3553//3553 3535//3535
f 3593//3593 3535//3535 3534//3534
f 3591//3591 3593//3593 3590//3590
f 3593//3593 3534//3534 3533//3533
f 3590//3590 3593//3593 3594//3594
f 3590//3590 3594//3594 3589//3589
f 3589//3589 3594//3594 3595//3595
f 3589//3589 3595//3595 3580//3580
f 3595//3595 3594//3594 3596//3596
f 3595//3595 3596//3596 3580//3580
f 3580//3580 3596//3596 3597//3597
f 3580//3580 3597//3597 3579//3579
f 3597//3597 3596//3596 3598//3598
f 3597//3597 3598//3598 3579//3579
f 3598//3598 3596//3596 3290//3290
f 3290//3290 3596//3596 3289//3289
f 3289//3289 3596//3596 3594//3594
f 3289//3289 3594//3594 3288//3288
f 3288//3288 3594//3594 3599//3599
f 3599//3599 3594//3594 3593//3593
f 3599//3599 3593//3593 3600//3600
f 3600//3600 3593//3593 3601//3601
f 3601//3601 3593//3593 3533//3533
f 3600//3600 3601//3601 3602//3602
f 3600//3600 3602//3602 3603//3603
f 3600//3600 3603//3603 3599//3599
f 3599//3599 3603//3603 3604//3604
f 3599//3599 3604//3604 3605//3605
f 3599//3599 3605//3605 3288//3288
f 3288//3288 3605//3605 3604//3604
f 3288//3288 3604//3604 3284//3284
f 3284//3284 3604//3604 3603//3603
f 3284//3284 3603//3603 3280//3280
f 3280//3280 3603//3603 3606//3606
f 3606//3606 3603//3603 3602//3602
f 3280//3280 3606//3606 3279//3279
f 3279//3279 3606//3606 3278//3278
f 3278//3278 3606//3606 3607//3607
f 3278//3278 3607//3607 3608//3608
f 3278//3278 3608//3608 3277//3277
f 3277//3277 3608//3608 3276//3276
f 3276//3276 3608//3608 3609//3609
f 3276//3276 3609//3609 3275//3275
f 3609//3609 3608//3608 3610//3610
f 3610//3610 3608//3608 3611//3611
f 3611//3611 3608//3608 3607//3607
f 3611//3611 3607//3607 3612//3612
f 3612//3612 3607//3607 3606//3606
f 3612//3612 3606//3606 3602//3602
f 3612//3612 3602//3602 3613//3613
f 3613//3613 3602//3602 3601//3601
f 3613//3613 3601//3601 3533//3533
f 3613//3613 3533//3533 3614//3614
f 3614//3614 3533//3533 3531//3531
f 3614//3614 3531//3531 3615//3615
f 3615//3615 3531//3531 3530//3530
f 3614//3614 3615//3615 3616//3616
f 3616//3616 3615//3615 3530//3530
f 3616//3616 3530//3530 3617//3617
f 3617//3617 3530//3530 3529//3529
f 3616//3616 3617//3617 3618//3618
f 3617//3617 3529//3529 3619//3619
f 3617//3617 3619//3619 3618//3618
f 3618//3618 3619//3619 3620//3620
f 3618//3618 3620//3620 3621//3621
f 3620//3620 3619//3619 3622//3622
f 3620//3620 3622//3622 3623//3623
f 3620//3620 3623//3623 3624//3624
f 3620//3620 3624//3624 3621//3621
f 3624//3624 3623//3623 3625//3625
f 3625//3625 3623//3623 3626//3626
f 3626//3626 3623//3623 3622//3622
f 3625//3625 3626//3626 3609//3609
f 3625//3625 3609//3609 3624//3624
f 3624//3624 3609//3609 3610//3610
f 3624//3624 3610//3610 3627//3627
f 3624//3624 3627//3627 3621//3621
f 3627//3627 3610//3610 3611//3611
f 3627//3627 3611//3611 3628//3628
f 3628//3628 3611//3611 3612//3612
f 3627//3627 3628//3628 3629//3629
f 3627//3627 3629//3629 3621//3621
f 3621//3621 3629//3629 3618//3618
f 3618//3618 3629//3629 3630//3630
f 3618//3618 3630//3630 3616//3616
f 3630//3630 3629//3629 3631//3631
f 3631//3631 3629//3629 3628//3628
f 3631//3631 3628//3628 3612//3612
f 3631//3631 3612//3612 3632//3632
f 3632//3632 3612//3612 3613//3613
f 3632//3632 3613//3613 3633//3633
f 3632//3632 3633//3633 3631//3631
f 3631//3631 3633//3633 3630//3630
f 3630//3630 3633//3633 3616//3616
f 3616//3616 3633//3633 3614//3614
f 3614//3614 3633//3633 3613//3613
f 3634//3634 2930//2930 2889//2889
f 3634//3634 2889//2889 2888//2888
f 3634//3634 2888//2888 3635//3635
f 3635//3635 2888//2888 3636//3636
f 3636//3636 2888//2888 891//891
f 3636//3636 891//891 3637//3637
f 3637//3637 891//891 892//892
f 3636//3636 3637//3637 3638//3638
f 3636//3636 3638//3638 3635//3635
f 3635//3635 3638//3638 3639//3639
f 3639//3639 3638//3638 3637//3637
f 3635//3635 3639//3639 3634//3634
f 3639//3639 3637//3637 3640//3640
f 3639//3639 3640//3640 3641//3641
f 3639//3639 3641//3641 3642//3642
f 3642//3642 3641//3641 3643//3643
f 3639//3639 3642//3642 915//915
f 915//915 3642//3642 3643//3643
f 915//915 3643//3643 893//893
f 893//893 3643//3643 3644//3644
f 3644//3644 3643//3643 3641//3641
f 3644//3644 3641//3641 3640//3640
f 3644//3644 3640//3640 3645//3645
f 3644//3644 3645//3645 892//892
f 3644//3644 892//892 893//893
f 892//892 3645//3645 3646//3646
f 892//892 3646//3646 3637//3637
f 3637//3637 3646//3646 3647//3647
f 3647//3647 3646//3646 3645//3645
f 3637//3637 3647//3647 3640//3640
f 3640//3640 3647//3647 3645//3645
f 3648//3648 3639//3639 915//915
f 3648//3648 915//915 918//918
f 3648//3648 918//918 3649//3649
f 3649//3649 918//918 919//919
f 3649//3649 919//919 921//921
f 3649//3649 921//921 2684//2684
f 3649//3649 2684//2684 2683//2683
f 3649//3649 2683//2683 3650//3650
f 3649//3649 3650//3650 3648//3648
f 3648//3648 3650//3650 3651//3651
f 3648//3648 3651//3651 3639//3639
f 3639//3639 3651//3651 3634//3634
f 3634//3634 3651//3651 3652//3652
f 3634//3634 3652//3652 3653//3653
f 3634//3634 3653//3653 2930//2930
f 3653//3653 3652//3652 3654//3654
f 3654//3654 3652//3652 3655//3655
f 3655//3655 3652//3652 3651//3651
f 3655//3655 3651//3651 3656//3656
f 3656//3656 3651//3651 3657//3657
f 3657//3657 3651//3651 3650//3650
f 3657//3657 3650//3650 2683//2683
f 3657//3657 2683//2683 3658//3658
f 3657//3657 3658//3658 3656//3656
f 3658//3658 2683//2683 2682//2682
f 3658//3658 2682//2682 3659//3659
f 3658//3658 3659//3659 3656//3656
f 3659//3659 2682//2682 2681//2681
f 3659//3659 2681//2681 3660//3660
f 3660//3660 2681//2681 2916//2916
f 3660//3660 2916//2916 3115//3115
f 3660//3660 3115//3115 3659//3659
f 3659//3659 3115//3115 3656//3656
f 3656//3656 3115//3115 3059//3059
f 3656//3656 3059//3059 3655//3655
f 3655//3655 3059//3059 3058//3058
f 3655//3655 3058//3058 3654//3654
f 3654//3654 3058//3058 3661//3661
f 3661//3661 3058//3058 3057//3057
f 3654//3654 3661//3661 3662//3662
f 3662//3662 3661//3661 3057//3057
f 3654//3654 3662//3662 3653//3653
f 3653//3653 3662//3662 2930//2930
f 2930//2930 3662//3662 3663//3663
f 2930//2930 3663//3663 2931//2931
f 3663//3663 3662//3662 3664//3664
f 3663//3663 3664//3664 2931//2931
f 3664//3664 3662//3662 3057//3057
f 3664//3664 3057//3057 3665//3665
f 3665//3665 3057//3057 3005//3005
f 3665//3665 3005//3005 3666//3666
f 3665//3665 3666//3666 3664//3664
f 3664//3664 3666//3666 3667//3667
f 3664//3664 3667//3667 2931//2931
f 3667//3667 3666//3666 3668//3668
f 3668//3668 3666//3666 3005//3005
f 3667//3667 3668//3668 3669//3669
f 3669//3669 3668//3668 3670//3670
f 3670//3670 3668//3668 3005//3005
f 3670//3670 3005//3005 3671//3671
f 3671//3671 3005//3005 2971//2971
f 3671//3671 2971//2971 3672//3672
f 3671//3671 3672//3672 3670//3670
f 3672//3672 2971//2971 3673//3673
f 3673//3673 2971//2971 2968//2968
f 3673//3673 2968//2968 2931//2931
f 3673//3673 2931//2931 3674//3674
f 3674//3674 2931//2931 3675//3675
f 3675//3675 2931//2931 3667//3667
f 3674//3674 3675//3675 3676//3676
f 3674//3674 3676//3676 3673//3673
f 3673//3673 3676//3676 3677//3677
f 3673//3673 3677//3677 3672//3672
f 3672//3672 3677//3677 3678//3678
f 3672//3672 3678//3678 3670//3670
f 3670//3670 3678//3678 3679//3679
f 3670//3670 3679//3679 3669//3669
f 3679//3679 3678//3678 3680//3680
f 3680//3680 3678//3678 3677//3677
f 3680//3680 3677//3677 3681//3681
f 3681//3681 3677//3677 3682//3682
f 3682//3682 3677//3677 3676//3676
f 3681//3681 3682//3682 3683//3683
f 3681//3681 3683//3683 3680//3680
f 3680//3680 3683//3683 3684//3684
f 3680//3680 3684//3684 3679//3679
f 3684//3684 3683//3683 3685//3685
f 3684//3684 3685//3685 3679//3679
f 3685//3685 3683//3683 3686//3686
f 3686//3686 3683//3683 3682//3682
f 3686//3686 3682//3682 3687//3687
f 3687//3687 3682//3682 3676//3676
f 3686//3686 3687//3687 3688//3688
f 3686//3686 3688//3688 3685//3685
f 3688//3688 3687//3687 3689//3689
f 3688//3688 3689//3689 3685//3685
f 3689//3689 3687//3687 3676//3676
f 3689//3689 3676//3676 3675//3675
f 3689//3689 3675//3675 3667//3667
f 3689//3689 3667//3667 3669//3669
f 3689//3689 3669//3669 3690//3690
f 3690//3690 3669//3669 3679//3679
f 3690//3690 3679//3679 3685//3685
f 3690//3690 3685//3685 3689//3689
f 3691//3691 2385//2385 2431//2431
f 3691//3691 2431//2431 2432//2432
f 3691//3691 2432//2432 2385//2385
f 2385//2385 2432//2432 2384//2384
f 3692//3692 214//214 213//213
f 214//214 3692//3692 215//215
f 215//215 3692//3692 3693//3693
f 215//215 3693//3693 3694//3694
f 215//215 3694//3694 216//216
f 216//216 3694//3694 3695//3695
f 216//216 3695//3695 261//261
f 3695//3695 3694//3694 3696//3696
f 3696//3696 3694//3694 3693//3693
f 3696//3696 3693//3693 3697//3697
f 3696//3696 3697//3697 3695//3695
f 3697//3697 3693//3693 3692//3692
f 3695//3695 3697//3697 3698//3698
f 3695//3695 3698//3698 3699//3699
f 3699//3699 3698//3698 3697//3697
f 3695//3695 3699//3699 3700//3700
f 3695//3695 3700//3700 261//261
f 261//261 3700//3700 262//262
f 262//262 3700//3700 3699//3699
f 262//262 3699//3699 3701//3701
f 262//262 3701//3701 263//263
f 263//263 3701//3701 3702//3702
f 263//263 3702//3702 264//264
f 264//264 3702//3702 266//266
f 266//266 3702//3702 3703//3703
f 266//266 3703//3703 3704//3704
f 266//266 3704//3704 3705//3705
f 266//266 3705//3705 267//267
f 267//267 3705//3705 3706//3706
f 3706//3706 3705//3705 3704//3704
f 267//267 3706//3706 3707//3707
f 267//267 3707//3707 268//268
f 268//268 3707//3707 3708//3708
f 268//268 3708//3708 3709//3709
f 268//268 3709//3709 3710//3710
f 268//268 3710//3710 269//269
f 269//269 3710//3710 3711//3711
f 269//269 3711//3711 287//287
f 287//287 3711//3711 3712//3712
f 287//287 3712//3712 3713//3713
f 287//287 3713//3713 290//290
f 290//290 3713//3713 3714//3714
f 290//290 3714//3714 291//291
f 291//291 3714//3714 3715//3715
f 291//291 3715//3715 3716//3716
f 291//291 3716//3716 292//292
f 292//292 3716//3716 3717//3717
f 292//292 3717//3717 293//293
f 293//293 3717//3717 3718//3718
f 3718//3718 3717//3717 3719//3719
f 3719//3719 3717//3717 3716//3716
f 3719//3719 3716//3716 3720//3720
f 3720//3720 3716//3716 3715//3715
f 3719//3719 3720//3720 3721//3721
f 3721//3721 3720//3720 3715//3715
f 3721//3721 3715//3715 3722//3722
f 3722//3722 3715//3715 3723//3723
f 3723//3723 3715//3715 3714//3714
f 3723//3723 3714//3714 3724//3724
f 3723//3723 3724//3724 3722//3722
f 3724//3724 3714//3714 3713//3713
f 3724//3724 3713//3713 3725//3725
f 3725//3725 3713//3713 3726//3726
f 3724//3724 3725//3725 3727//3727
f 3727//3727 3725//3725 3726//3726
f 3724//3724 3727//3727 3728//3728
f 3724//3724 3728//3728 3722//3722
f 3722//3722 3728//3728 3729//3729
f 3722//3722 3729//3729 3721//3721
f 3721//3721 3729//3729 3730//3730
f 3730//3730 3729//3729 3728//3728
f 3730//3730 3728//3728 3731//3731
f 3731//3731 3728//3728 3727//3727
f 3730//3730 3731//3731 3732//3732
f 3730//3730 3732//3732 3721//3721
f 3721//3721 3732//3732 3733//3733
f 3721//3721 3733//3733 3734//3734
f 3721//3721 3734//3734 3719//3719
f 3719//3719 3734//3734 3735//3735
f 3719//3719 3735//3735 3718//3718
f 3718//3718 3735//3735 293//293
f 293//293 3735//3735 294//294
f 294//294 3735//3735 3736//3736
f 294//294 3736//3736 295//295
f 295//295 3736//3736 3737//3737
f 295//295 3737//3737 296//296
f 296//296 3737//3737 3738//3738
f 3738//3738 3737//3737 3739//3739
f 3739//3739 3737//3737 3736//3736
f 3739//3739 3736//3736 3740//3740
f 3739//3739 3740//3740 3741//3741
f 3740//3740 3736//3736 3742//3742
f 3740//3740 3742//3742 3743//3743
f 3740//3740 3743//3743 3741//3741
f 3743//3743 3742//3742 3744//3744
f 3744//3744 3742//3742 3745//3745
f 3745//3745 3742//3742 3746//3746
f 3746//3746 3742//3742 3736//3736
f 3746//3746 3736//3736 3747//3747
f 3747//3747 3736//3736 3735//3735
f 3747//3747 3735//3735 3748//3748
f 3748//3748 3735//3735 3734//3734
f 3748//3748 3734//3734 3749//3749
f 3749//3749 3734//3734 3750//3750
f 3750//3750 3734//3734 3733//3733
f 3750//3750 3733//3733 3751//3751
f 3750//3750 3751//3751 3752//3752
f 3750//3750 3752//3752 3753//3753
f 3750//3750 3753//3753 3749//3749
f 3749//3749 3753//3753 3754//3754
f 3749//3749 3754//3754 3748//3748
f 3748//3748 3754//3754 3755//3755
f 3748//3748 3755//3755 3747//3747
f 3747//3747 3755//3755 3756//3756
f 3747//3747 3756//3756 3746//3746
f 3746//3746 3756//3756 3745//3745
f 3745//3745 3756//3756 3744//3744
f 3744//3744 3756//3756 3757//3757
f 3744//3744 3757//3757 3743//3743
f 3757//3757 3756//3756 3758//3758
f 3758//3758 3756//3756 3755//3755
f 3758//3758 3755//3755 3759//3759
f 3759//3759 3755//3755 3754//3754
f 3759//3759 3754//3754 3753//3753
f 3759//3759 3753//3753 3760//3760
f 3759//3759 3760//3760 3761//3761
f 3759//3759 3761//3761 3758//3758
f 3758//3758 3761//3761 3762//3762
f 3758//3758 3762//3762 3763//3763
f 3758//3758 3763//3763 3757//3757
f 3757//3757 3763//3763 3764//3764
f 3757//3757 3764//3764 3765//3765
f 3757//3757 3765//3765 3743//3743
f 3743//3743 3765//3765 3766//3766
f 3766//3766 3765//3765 3764//3764
f 3743//3743 3766//3766 3741//3741
f 3741//3741 3766//3766 3767//3767
f 3741//3741 3767//3767 3739//3739
f 3739//3739 3767//3767 3768//3768
f 3739//3739 3768//3768 3769//3769
f 3739//3739 3769//3769 3738//3738
f 3738//3738 3769//3769 3770//3770
f 3770//3770 3769//3769 3771//3771
f 3738//3738 3770//3770 3772//3772
f 3772//3772 3770//3770 3771//3771
f 3738//3738 3772//3772 3773//3773
f 3738//3738 3773//3773 296//296
f 3773//3773 3772//3772 3774//3774
f 3773//3773 3774//3774 3775//3775
f 3773//3773 3775//3775 3776//3776
f 3773//3773 3776//3776 296//296
f 296//296 3776//3776 3777//3777
f 3777//3777 3776//3776 3775//3775
f 296//296 3777//3777 297//297
f 3777//3777 3775//3775 3778//3778
f 3778//3778 3775//3775 3774//3774
f 3778//3778 3774//3774 3779//3779
f 3779//3779 3774//3774 3780//3780
f 3780//3780 3774//3774 3772//3772
f 3780//3780 3772//3772 3781//3781
f 3781//3781 3772//3772 3782//3782
f 3782//3782 3772//3772 3771//3771
f 3781//3781 3782//3782 3783//3783
f 3781//3781 3783//3783 3780//3780
f 3780//3780 3783//3783 3784//3784
f 3780//3780 3784//3784 3779//3779
f 3779//3779 3784//3784 3785//3785
f 3779//3779 3785//3785 3778//3778
f 3785//3785 3784//3784 3786//3786
f 3785//3785 3786//3786 3787//3787
f 3787//3787 3786//3786 3788//3788
f 3788//3788 3786//3786 3784//3784
f 3788//3788 3784//3784 3789//3789
f 3789//3789 3784//3784 3790//3790
f 3789//3789 3790//3790 3788//3788
f 3790//3790 3784//3784 3783//3783
f 3790//3790 3783//3783 3791//3791
f 3791//3791 3783//3783 3782//3782
f 3791//3791 3782//3782 3792//3792
f 3792//3792 3782//3782 3771//3771
f 3791//3791 3792//3792 3793//3793
f 3791//3791 3793//3793 3794//3794
f 3791//3791 3794//3794 3790//3790
f 3790//3790 3794//3794 3788//3788
f 3788//3788 3794//3794 3793//3793
f 3788//3788 3793//3793 3795//3795
f 3795//3795 3793//3793 3796//3796
f 3796//3796 3793//3793 3797//3797
f 3797//3797 3793//3793 3792//3792
f 3797//3797 3792//3792 3771//3771
f 3797//3797 3771//3771 3798//3798
f 3798//3798 3771//3771 3769//3769
f 3798//3798 3769//3769 3768//3768
f 3798//3798 3768//3768 3799//3799
f 3799//3799 3768//3768 3800//3800
f 3800//3800 3768//3768 3767//3767
f 3800//3800 3767//3767 3801//3801
f 3800//3800 3801//3801 3799//3799
f 3801//3801 3767//3767 3802//3802
f 3802//3802 3767//3767 3766//3766
f 3802//3802 3766//3766 3803//3803
f 3803//3803 3766//3766 3804//3804
f 3804//3804 3766//3766 3764//3764
f 3803//3803 3804//3804 3805//3805
f 3805//3805 3804//3804 3764//3764
f 3803//3803 3805//3805 3802//3802
f 3805//3805 3764//3764 3806//3806
f 3806//3806 3764//3764 3807//3807
f 3807//3807 3764//3764 3763//3763
f 3807//3807 3763//3763 3808//3808
f 3808//3808 3763//3763 3762//3762
f 3808//3808 3762//3762 3809//3809
f 3809//3809 3762//3762 3761//3761
f 3809//3809 3761//3761 3760//3760
f 3809//3809 3760//3760 3810//3810
f 3810//3810 3760//3760 3753//3753
f 3810//3810 3753//3753 3752//3752
f 3810//3810 3752//3752 3811//3811
f 3811//3811 3752//3752 3751//3751
f 3811//3811 3751//3751 3812//3812
f 3812//3812 3751//3751 3813//3813
f 3813//3813 3751//3751 3733//3733
f 3813//3813 3733//3733 3814//3814
f 3814//3814 3733//3733 3732//3732
f 3814//3814 3732//3732 3815//3815
f 3814//3814 3815//3815 3813//3813
f 3815//3815 3732//3732 3731//3731
f 3813//3813 3815//3815 3816//3816
f 3816//3816 3815//3815 3817//3817
f 3816//3816 3817//3817 3813//3813
f 3817//3817 3815//3815 3731//3731
f 3813//3813 3817//3817 3812//3812
f 3812//3812 3817//3817 3818//3818
f 3818//3818 3817//3817 3819//3819
f 3819//3819 3817//3817 3731//3731
f 3818//3818 3819//3819 3820//3820
f 3818//3818 3820//3820 3812//3812
f 3812//3812 3820//3820 3821//3821
f 3812//3812 3821//3821 3811//3811
f 3811//3811 3821//3821 3822//3822
f 3811//3811 3822//3822 3810//3810
f 3810//3810 3822//3822 3823//3823
f 3810//3810 3823//3823 3824//3824
f 3810//3810 3824//3824 3809//3809
f 3824//3824 3823//3823 3825//3825
f 3824//3824 3825//3825 3809//3809
f 3825//3825 3823//3823 3822//3822
f 3825//3825 3822//3822 3826//3826
f 3826//3826 3822//3822 3827//3827
f 3827//3827 3822//3822 3821//3821
f 3827//3827 3821//3821 3828//3828
f 3828//3828 3821//3821 3820//3820
f 3828//3828 3820//3820 3829//3829
f 3829//3829 3820//3820 3830//3830
f 3830//3830 3820//3820 3831//3831
f 3831//3831 3820//3820 3819//3819
f 3831//3831 3819//3819 3832//3832
f 3832//3832 3819//3819 3731//3731
f 3832//3832 3731//3731 3833//3833
f 3833//3833 3731//3731 3727//3727
f 3833//3833 3727//3727 3834//3834
f 3834//3834 3727//3727 3835//3835
f 3835//3835 3727//3727 3726//3726
f 3835//3835 3726//3726 3836//3836
f 3835//3835 3836//3836 3834//3834
f 3836//3836 3726//3726 3713//3713
f 3836//3836 3713//3713 3837//3837
f 3837//3837 3713//3713 3712//3712
f 3837//3837 3712//3712 3838//3838
f 3838//3838 3712//3712 3711//3711
f 3837//3837 3838//3838 3839//3839
f 3837//3837 3839//3839 3836//3836
f 3839//3839 3838//3838 3840//3840
f 3840//3840 3838//3838 3711//3711
f 3840//3840 3711//3711 3841//3841
f 3841//3841 3711//3711 3842//3842
f 3842//3842 3711//3711 3710//3710
f 3842//3842 3710//3710 3843//3843
f 3842//3842 3843//3843 3841//3841
f 3843//3843 3710//3710 3709//3709
f 3841//3841 3843//3843 3844//3844
f 3841//3841 3844//3844 3840//3840
f 3840//3840 3844//3844 3839//3839
f 3839//3839 3844//3844 3845//3845
f 3839//3839 3845//3845 3846//3846
f 3839//3839 3846//3846 3836//3836
f 3846//3846 3845//3845 3847//3847
f 3847//3847 3845//3845 3844//3844
f 3847//3847 3844//3844 3848//3848
f 3848//3848 3844//3844 3849//3849
f 3849//3849 3844//3844 3843//3843
f 3849//3849 3843//3843 3850//3850
f 3850//3850 3843//3843 3851//3851
f 3851//3851 3843//3843 3709//3709
f 3851//3851 3709//3709 3852//3852
f 3852//3852 3709//3709 3708//3708
f 3851//3851 3852//3852 3853//3853
f 3853//3853 3852//3852 3708//3708
f 3853//3853 3708//3708 3854//3854
f 3854//3854 3708//3708 3707//3707
f 3853//3853 3854//3854 3855//3855
f 3853//3853 3855//3855 3856//3856
f 3853//3853 3856//3856 3851//3851
f 3851//3851 3856//3856 3850//3850
f 3850//3850 3856//3856 3849//3849
f 3849//3849 3856//3856 3848//3848
f 3848//3848 3856//3856 3857//3857
f 3857//3857 3856//3856 3855//3855
f 3857//3857 3855//3855 3858//3858
f 3858//3858 3855//3855 3854//3854
f 3857//3857 3858//3858 3859//3859
f 3859//3859 3858//3858 3860//3860
f 3860//3860 3858//3858 3861//3861
f 3861//3861 3858//3858 3854//3854
f 3861//3861 3854//3854 3862//3862
f 3862//3862 3854//3854 3863//3863
f 3863//3863 3854//3854 3707//3707
f 3863//3863 3707//3707 3864//3864
f 3863//3863 3864//3864 3865//3865
f 3863//3863 3865//3865 3862//3862
f 3862//3862 3865//3865 3866//3866
f 3862//3862 3866//3866 3861//3861
f 3861//3861 3866//3866 3867//3867
f 3861//3861 3867//3867 3868//3868
f 3861//3861 3868//3868 3860//3860
f 3868//3868 3867//3867 3869//3869
f 3869//3869 3867//3867 3870//3870
f 3870//3870 3867//3867 3866//3866
f 3870//3870 3866//3866 3871//3871
f 3871//3871 3866//3866 3872//3872
f 3872//3872 3866//3866 3865//3865
f 3872//3872 3865//3865 3873//3873
f 3873//3873 3865//3865 3874//3874
f 3874//3874 3865//3865 3864//3864
f 3874//3874 3864//3864 3875//3875
f 3875//3875 3864//3864 3707//3707
f 3875//3875 3707//3707 3706//3706
f 3875//3875 3706//3706 3876//3876
f 3876//3876 3706//3706 3877//3877
f 3877//3877 3706//3706 3704//3704
f 3877//3877 3704//3704 3878//3878
f 3878//3878 3704//3704 3703//3703
f 3878//3878 3703//3703 3879//3879
f 3878//3878 3879//3879 3877//3877
f 3877//3877 3879//3879 3876//3876
f 3876//3876 3879//3879 3880//3880
f 3876//3876 3880//3880 3881//3881
f 3876//3876 3881//3881 3882//3882
f 3876//3876 3882//3882 3875//3875
f 3882//3882 3881//3881 3883//3883
f 3883//3883 3881//3881 3884//3884
f 3884//3884 3881//3881 3880//3880
f 3884//3884 3880//3880 3885//3885
f 3885//3885 3880//3880 3879//3879
f 3884//3884 3885//3885 3886//3886
f 3884//3884 3886//3886 3883//3883
f 3883//3883 3886//3886 3887//3887
f 3883//3883 3887//3887 3882//3882
f 3882//3882 3887//3887 3888//3888
f 3882//3882 3888//3888 3889//3889
f 3882//3882 3889//3889 3875//3875
f 3875//3875 3889//3889 3890//3890
f 3875//3875 3890//3890 3874//3874
f 3874//3874 3890//3890 3891//3891
f 3874//3874 3891//3891 3892//3892
f 3874//3874 3892//3892 3873//3873
f 3873//3873 3892//3892 3893//3893
f 3873//3873 3893//3893 3872//3872
f 3872//3872 3893//3893 3894//3894
f 3872//3872 3894//3894 3871//3871
f 3871//3871 3894//3894 3895//3895
f 3895//3895 3894//3894 3893//3893
f 3871//3871 3895//3895 3896//3896
f 3871//3871 3896//3896 3870//3870
f 3896//3896 3895//3895 3897//3897
f 3870//3870 3896//3896 3898//3898
f 3870//3870 3898//3898 3899//3899
f 3870//3870 3899//3899 3869//3869
f 3869//3869 3899//3899 3900//3900
f 3869//3869 3900//3900 3868//3868
f 3868//3868 3900//3900 3901//3901
f 3868//3868 3901//3901 3860//3860
f 3860//3860 3901//3901 3902//3902
f 3860//3860 3902//3902 3903//3903
f 3860//3860 3903//3903 3859//3859
f 3859//3859 3903//3903 3904//3904
f 3904//3904 3903//3903 3902//3902
f 3859//3859 3904//3904 3857//3857
f 3904//3904 3902//3902 3905//3905
f 3905//3905 3902//3902 3901//3901
f 3905//3905 3901//3901 3906//3906
f 3905//3905 3906//3906 3907//3907
f 3905//3905 3907//3907 3904//3904
f 3904//3904 3907//3907 3908//3908
f 3904//3904 3908//3908 3857//3857
f 3857//3857 3908//3908 3848//3848
f 3848//3848 3908//3908 3847//3847
f 3847//3847 3908//3908 3846//3846
f 3846//3846 3908//3908 3909//3909
f 3909//3909 3908//3908 3907//3907
f 3846//3846 3909//3909 3910//3910
f 3846//3846 3910//3910 3836//3836
f 3836//3836 3910//3910 3834//3834
f 3834//3834 3910//3910 3911//3911
f 3911//3911 3910//3910 3909//3909
f 3834//3834 3911//3911 3912//3912
f 3834//3834 3912//3912 3833//3833
f 3912//3912 3911//3911 3913//3913
f 3913//3913 3911//3911 3909//3909
f 3913//3913 3909//3909 3914//3914
f 3914//3914 3909//3909 3907//3907
f 3913//3913 3914//3914 3915//3915
f 3913//3913 3915//3915 3912//3912
f 3912//3912 3915//3915 3916//3916
f 3912//3912 3916//3916 3833//3833
f 3833//3833 3916//3916 3832//3832
f 3832//3832 3916//3916 3915//3915
f 3832//3832 3915//3915 3917//3917
f 3917//3917 3915//3915 3918//3918
f 3918//3918 3915//3915 3914//3914
f 3918//3918 3914//3914 3907//3907
f 3918//3918 3907//3907 3906//3906
f 3918//3918 3906//3906 3919//3919
f 3919//3919 3906//3906 3920//3920
f 3920//3920 3906//3906 3901//3901
f 3920//3920 3901//3901 3921//3921
f 3920//3920 3921//3921 3922//3922
f 3922//3922 3921//3921 3901//3901
f 3920//3920 3922//3922 3919//3919
f 3922//3922 3901//3901 3900//3900
f 3922//3922 3900//3900 3923//3923
f 3923//3923 3900//3900 3899//3899
f 3922//3922 3923//3923 3924//3924
f 3924//3924 3923//3923 3899//3899
f 3922//3922 3924//3924 3925//3925
f 3922//3922 3925//3925 3919//3919
f 3919//3919 3925//3925 3926//3926
f 3919//3919 3926//3926 3927//3927
f 3919//3919 3927//3927 3918//3918
f 3918//3918 3927//3927 3928//3928
f 3918//3918 3928//3928 3917//3917
f 3928//3928 3927//3927 3929//3929
f 3917//3917 3928//3928 3930//3930
f 3930//3930 3928//3928 3929//3929
f 3917//3917 3930//3930 3931//3931
f 3917//3917 3931//3931 3832//3832
f 3832//3832 3931//3931 3932//3932
f 3832//3832 3932//3932 3831//3831
f 3831//3831 3932//3932 3830//3830
f 3830//3830 3932//3932 3933//3933
f 3830//3830 3933//3933 3829//3829
f 3829//3829 3933//3933 3934//3934
f 3829//3829 3934//3934 3935//3935
f 3829//3829 3935//3935 3828//3828
f 3828//3828 3935//3935 3936//3936
f 3828//3828 3936//3936 3827//3827
f 3827//3827 3936//3936 3937//3937
f 3827//3827 3937//3937 3826//3826
f 3826//3826 3937//3937 3938//3938
f 3938//3938 3937//3937 3939//3939
f 3939//3939 3937//3937 3936//3936
f 3939//3939 3936//3936 3940//3940
f 3939//3939 3940//3940 3941//3941
f 3939//3939 3941//3941 3938//3938
f 3938//3938 3941//3941 3942//3942
f 3938//3938 3942//3942 3826//3826
f 3826//3826 3942//3942 3825//3825
f 3825//3825 3942//3942 3943//3943
f 3825//3825 3943//3943 3809//3809
f 3809//3809 3943//3943 3944//3944
f 3944//3944 3943//3943 3942//3942
f 3809//3809 3944//3944 3808//3808
f 3944//3944 3942//3942 3945//3945
f 3945//3945 3942//3942 3941//3941
f 3944//3944 3945//3945 3946//3946
f 3944//3944 3946//3946 3947//3947
f 3944//3944 3947//3947 3808//3808
f 3808//3808 3947//3947 3948//3948
f 3808//3808 3948//3948 3807//3807
f 3948//3948 3947//3947 3949//3949
f 3949//3949 3947//3947 3946//3946
f 3949//3949 3946//3946 3950//3950
f 3950//3950 3946//3946 3945//3945
f 3949//3949 3950//3950 3951//3951
f 3949//3949 3951//3951 3948//3948
f 3948//3948 3951//3951 3807//3807
f 3807//3807 3951//3951 3806//3806
f 3806//3806 3951//3951 3952//3952
f 3952//3952 3951//3951 3953//3953
f 3953//3953 3951//3951 3950//3950
f 3953//3953 3950//3950 3945//3945
f 3953//3953 3945//3945 3954//3954
f 3953//3953 3954//3954 3955//3955
f 3953//3953 3955//3955 3956//3956
f 3953//3953 3956//3956 3952//3952
f 3956//3956 3955//3955 3957//3957
f 3957//3957 3955//3955 3954//3954
f 3957//3957 3954//3954 3958//3958
f 3958//3958 3954//3954 3959//3959
f 3959//3959 3954//3954 3945//3945
f 3959//3959 3945//3945 3960//3960
f 3960//3960 3945//3945 3961//3961
f 3961//3961 3945//3945 3941//3941
f 3961//3961 3941//3941 3962//3962
f 3961//3961 3962//3962 3960//3960
f 3962//3962 3941//3941 3940//3940
f 3962//3962 3940//3940 3963//3963
f 3962//3962 3963//3963 3964//3964
f 3962//3962 3964//3964 3960//3960
f 3960//3960 3964//3964 3965//3965
f 3960//3960 3965//3965 3959//3959
f 3959//3959 3965//3965 3966//3966
f 3959//3959 3966//3966 3958//3958
f 3966//3966 3965//3965 3967//3967
f 3967//3967 3965//3965 3964//3964
f 3966//3966 3967//3967 3968//3968
f 3968//3968 3967//3967 3969//3969
f 3969//3969 3967//3967 3964//3964
f 3968//3968 3969//3969 3970//3970
f 3968//3968 3970//3970 3971//3971
f 3968//3968 3971//3971 3966//3966
f 3966//3966 3971//3971 3972//3972
f 3966//3966 3972//3972 3958//3958
f 3958//3958 3972//3972 3973//3973
f 3958//3958 3973//3973 3957//3957
f 3957//3957 3973//3973 3974//3974
f 3974//3974 3973//3973 3975//3975
f 3975//3975 3973//3973 3972//3972
f 3974//3974 3975//3975 3976//3976
f 3975//3975 3972//3972 3977//3977
f 3976//3976 3975//3975 3978//3978
f 3978//3978 3975//3975 3977//3977
f 3976//3976 3978//3978 3979//3979
f 3976//3976 3979//3979 3980//3980
f 3976//3976 3980//3980 3974//3974
f 3974//3974 3980//3980 3981//3981
f 3974//3974 3981//3981 3957//3957
f 3957//3957 3981//3981 3956//3956
f 3956//3956 3981//3981 3982//3982
f 3956//3956 3982//3982 3983//3983
f 3956//3956 3983//3983 3952//3952
f 3983//3983 3982//3982 3984//3984
f 3984//3984 3982//3982 3985//3985
f 3985//3985 3982//3982 3981//3981
f 3985//3985 3981//3981 3986//3986
f 3985//3985 3986//3986 3984//3984
f 3986//3986 3981//3981 3980//3980
f 3984//3984 3986//3986 3987//3987
f 3987//3987 3986//3986 3980//3980
f 3987//3987 3980//3980 3988//3988
f 3988//3988 3980//3980 3979//3979
f 3987//3987 3988//3988 3989//3989
f 3987//3987 3989//3989 3984//3984
f 3984//3984 3989//3989 3983//3983
f 3983//3983 3989//3989 3990//3990
f 3983//3983 3990//3990 3991//3991
f 3991//3991 3990//3990 3992//3992
f 3991//3991 3992//3992 3993//3993
f 3993//3993 3992//3992 3990//3990
f 3991//3991 3993//3993 3994//3994
f 3991//3991 3994//3994 3995//3995
f 3991//3991 3995//3995 3983//3983
f 3995//3995 3994//3994 3996//3996
f 3983//3983 3995//3995 3997//3997
f 3997//3997 3995//3995 3996//3996
f 3983//3983 3997//3997 3998//3998
f 3983//3983 3998//3998 3952//3952
f 3952//3952 3998//3998 3999//3999
f 3952//3952 3999//3999 3806//3806
f 3806//3806 3999//3999 3805//3805
f 3805//3805 3999//3999 3802//3802
f 3802//3802 3999//3999 4000//4000
f 3802//3802 4000//4000 4001//4001
f 3802//3802 4001//4001 3801//3801
f 3801//3801 4001//4001 4002//4002
f 3801//3801 4002//4002 4003//4003
f 3801//3801 4003//4003 3799//3799
f 4003//4003 4002//4002 4004//4004
f 4003//4003 4004//4004 4005//4005
f 4003//4003 4005//4005 4006//4006
f 4003//4003 4006//4006 3799//3799
f 3799//3799 4006//4006 4007//4007
f 3799//3799 4007//4007 4008//4008
f 4008//4008 4007//4007 4006//4006
f 3799//3799 4008//4008 3798//3798
f 3798//3798 4008//4008 4009//4009
f 3798//3798 4009//4009 3797//3797
f 3797//3797 4009//4009 4010//4010
f 3797//3797 4010//4010 3796//3796
f 4010//4010 4009//4009 4011//4011
f 4011//4011 4009//4009 4012//4012
f 4012//4012 4009//4009 4008//4008
f 4012//4012 4008//4008 4013//4013
f 4013//4013 4008//4008 4014//4014
f 4014//4014 4008//4008 4006//4006
f 4014//4014 4006//4006 4005//4005
f 4014//4014 4005//4005 4015//4015
f 4015//4015 4005//4005 4004//4004
f 4015//4015 4004//4004 4016//4016
f 4016//4016 4004//4004 4002//4002
f 4016//4016 4002//4002 4017//4017
f 4017//4017 4002//4002 4001//4001
f 4017//4017 4001//4001 4018//4018
f 4018//4018 4001//4001 4000//4000
f 4018//4018 4000//4000 4019//4019
f 4019//4019 4000//4000 3999//3999
f 4019//4019 3999//3999 4020//4020
f 4019//4019 4020//4020 4018//4018
f 4020//4020 3999//3999 3998//3998
f 4020//4020 3998//3998 4021//4021
f 4020//4020 4021//4021 4018//4018
f 4021//4021 3998//3998 4022//4022
f 4021//4021 4022//4022 4018//4018
f 4022//4022 3998//3998 3997//3997
f 4018//4018 4022//4022 4023//4023
f 4018//4018 4023//4023 4017//4017
f 4017//4017 4023//4023 4024//4024
f 4017//4017 4024//4024 4016//4016
f 4024//4024 4023//4023 4025//4025
f 4025//4025 4023//4023 4022//4022
f 4025//4025 4022//4022 4026//4026
f 4026//4026 4022//4022 3997//3997
f 4026//4026 3997//3997 3996//3996
f 4026//4026 3996//3996 4027//4027
f 4027//4027 3996//3996 3994//3994
f 4026//4026 4027//4027 4028//4028
f 4026//4026 4028//4028 4025//4025
f 4025//4025 4028//4028 4029//4029
f 4025//4025 4029//4029 4024//4024
f 4024//4024 4029//4029 4030//4030
f 4024//4024 4030//4030 4031//4031
f 4024//4024 4031//4031 4016//4016
f 4016//4016 4031//4031 4032//4032
f 4016//4016 4032//4032 4015//4015
f 4015//4015 4032//4032 4033//4033
f 4015//4015 4033//4033 4014//4014
f 4014//4014 4033//4033 4034//4034
f 4014//4014 4034//4034 4013//4013
f 4034//4034 4033//4033 4035//4035
f 4035//4035 4033//4033 4032//4032
f 4035//4035 4032//4032 4036//4036
f 4035//4035 4036//4036 4037//4037
f 4035//4035 4037//4037 4034//4034
f 4034//4034 4037//4037 4038//4038
f 4034//4034 4038//4038 4013//4013
f 4013//4013 4038//4038 4039//4039
f 4039//4039 4038//4038 4040//4040
f 4040//4040 4038//4038 4037//4037
f 4040//4040 4037//4037 4041//4041
f 4041//4041 4037//4037 4036//4036
f 4041//4041 4036//4036 4042//4042
f 4042//4042 4036//4036 4032//4032
f 4042//4042 4032//4032 4043//4043
f 4043//4043 4032//4032 4031//4031
f 4043//4043 4031//4031 4030//4030
f 4043//4043 4030//4030 4042//4042
f 4042//4042 4030//4030 4044//4044
f 4044//4044 4030//4030 4029//4029
f 4044//4044 4029//4029 4028//4028
f 4044//4044 4028//4028 4045//4045
f 4045//4045 4028//4028 4027//4027
f 4045//4045 4027//4027 4046//4046
f 4046//4046 4027//4027 3994//3994
f 4046//4046 3994//3994 3993//3993
f 4046//4046 3993//3993 4047//4047
f 4046//4046 4047//4047 4048//4048
f 4047//4047 3993//3993 4049//4049
f 4047//4047 4049//4049 4050//4050
f 4047//4047 4050//4050 4048//4048
f 4048//4048 4050//4050 4051//4051
f 4048//4048 4051//4051 4052//4052
f 4048//4048 4052//4052 4046//4046
f 4046//4046 4052//4052 4053//4053
f 4046//4046 4053//4053 4045//4045
f 4045//4045 4053//4053 4054//4054
f 4045//4045 4054//4054 4044//4044
f 4044//4044 4054//4054 4055//4055
f 4044//4044 4055//4055 4042//4042
f 4055//4055 4054//4054 4056//4056
f 4055//4055 4056//4056 4042//4042
f 4042//4042 4056//4056 4057//4057
f 4042//4042 4057//4057 4058//4058
f 4042//4042 4058//4058 4041//4041
f 4058//4058 4057//4057 4059//4059
f 4058//4058 4059//4059 4041//4041
f 4059//4059 4057//4057 4056//4056
f 4041//4041 4059//4059 4060//4060
f 4041//4041 4060//4060 4040//4040
f 4040//4040 4060//4060 4061//4061
f 4040//4040 4061//4061 4039//4039
f 4039//4039 4061//4061 4062//4062
f 4039//4039 4062//4062 4063//4063
f 4039//4039 4063//4063 4013//4013
f 4013//4013 4063//4063 4012//4012
f 4012//4012 4063//4063 4064//4064
f 4012//4012 4064//4064 4011//4011
f 4064//4064 4063//4063 4065//4065
f 4065//4065 4063//4063 4062//4062
f 4065//4065 4062//4062 4066//4066
f 4066//4066 4062//4062 4061//4061
f 4066//4066 4061//4061 4067//4067
f 4067//4067 4061//4061 4060//4060
f 4067//4067 4060//4060 4068//4068
f 4067//4067 4068//4068 4069//4069
f 4068//4068 4060//4060 4070//4070
f 4068//4068 4070//4070 4071//4071
f 4068//4068 4071//4071 4069//4069
f 4069//4069 4071//4071 4072//4072
f 4069//4069 4072//4072 4067//4067
f 4067//4067 4072//4072 4073//4073
f 4067//4067 4073//4073 4066//4066
f 4066//4066 4073//4073 4074//4074
f 4074//4074 4073//4073 4072//4072
f 4066//4066 4074//4074 4065//4065
f 4074//4074 4072//4072 4075//4075
f 4074//4074 4075//4075 4065//4065
f 4065//4065 4075//4075 4076//4076
f 4065//4065 4076//4076 4064//4064
f 4064//4064 4076//4076 4077//4077
f 4064//4064 4077//4077 4011//4011
f 4011//4011 4077//4077 4010//4010
f 4010//4010 4077//4077 3796//3796
f 3796//3796 4077//4077 4078//4078
f 3796//3796 4078//4078 3795//3795
f 4078//4078 4077//4077 4079//4079
f 4079//4079 4077//4077 4076//4076
f 4078//4078 4079//4079 4080//4080
f 4078//4078 4080//4080 3795//3795
f 3795//3795 4080//4080 4081//4081
f 3795//3795 4081//4081 3788//3788
f 3788//3788 4081//4081 4082//4082
f 3788//3788 4082//4082 3787//3787
f 3787//3787 4082//4082 4083//4083
f 3787//3787 4083//4083 4084//4084
f 3787//3787 4084//4084 3785//3785
f 3785//3785 4084//4084 4085//4085
f 3785//3785 4085//4085 3778//3778
f 4085//4085 4084//4084 4086//4086
f 4086//4086 4084//4084 4083//4083
f 4086//4086 4083//4083 4087//4087
f 4087//4087 4083//4083 4082//4082
f 4087//4087 4082//4082 4088//4088
f 4088//4088 4082//4082 4089//4089
f 4089//4089 4082//4082 4081//4081
f 4089//4089 4081//4081 4090//4090
f 4090//4090 4081//4081 4091//4091
f 4091//4091 4081//4081 4080//4080
f 4091//4091 4080//4080 4092//4092
f 4092//4092 4080//4080 4093//4093
f 4093//4093 4080//4080 4079//4079
f 4093//4093 4079//4079 4094//4094
f 4093//4093 4094//4094 4095//4095
f 4093//4093 4095//4095 4092//4092
f 4092//4092 4095//4095 4096//4096
f 4096//4096 4095//4095 4097//4097
f 4097//4097 4095//4095 4094//4094
f 4097//4097 4094//4094 4098//4098
f 4098//4098 4094//4094 4079//4079
f 4098//4098 4079//4079 4076//4076
f 4098//4098 4076//4076 4099//4099
f 4099//4099 4076//4076 4075//4075
f 4099//4099 4075//4075 4072//4072
f 4099//4099 4072//4072 4100//4100
f 4100//4100 4072//4072 4101//4101
f 4101//4101 4072//4072 4071//4071
f 4101//4101 4071//4071 4102//4102
f 4102//4102 4071//4071 4103//4103
f 4103//4103 4071//4071 4070//4070
f 4102//4102 4103//4103 4104//4104
f 4102//4102 4104//4104 4101//4101
f 4101//4101 4104//4104 4100//4100
f 4100//4100 4104//4104 4105//4105
f 4100//4100 4105//4105 4106//4106
f 4100//4100 4106//4106 4107//4107
f 4100//4100 4107//4107 4099//4099
f 4099//4099 4107//4107 4108//4108
f 4099//4099 4108//4108 4098//4098
f 4098//4098 4108//4108 4097//4097
f 4097//4097 4108//4108 4107//4107
f 4097//4097 4107//4107 4109//4109
f 4109//4109 4107//4107 4110//4110
f 4110//4110 4107//4107 4106//4106
f 4110//4110 4106//4106 4111//4111
f 4111//4111 4106//4106 4105//4105
f 4110//4110 4111//4111 4112//4112
f 4110//4110 4112//4112 4109//4109
f 4109//4109 4112//4112 4113//4113
f 4109//4109 4113//4113 4097//4097
f 4097//4097 4113//4113 4096//4096
f 4096//4096 4113//4113 4114//4114
f 4096//4096 4114//4114 4092//4092
f 4092//4092 4114//4114 4091//4091
f 4091//4091 4114//4114 4115//4115
f 4091//4091 4115//4115 4090//4090
f 4090//4090 4115//4115 4116//4116
f 4090//4090 4116//4116 4089//4089
f 4089//4089 4116//4116 4088//4088
f 4088//4088 4116//4116 4117//4117
f 4088//4088 4117//4117 4087//4087
f 4087//4087 4117//4117 4086//4086
f 4086//4086 4117//4117 4118//4118
f 4086//4086 4118//4118 4119//4119
f 4086//4086 4119//4119 4085//4085
f 4085//4085 4119//4119 4120//4120
f 4085//4085 4120//4120 3778//3778
f 3778//3778 4120//4120 3777//3777
f 3777//3777 4120//4120 4121//4121
f 3777//3777 4121//4121 4122//4122
f 3777//3777 4122//4122 4123//4123
f 3777//3777 4123//4123 297//297
f 4123//4123 4122//4122 4124//4124
f 4123//4123 4124//4124 297//297
f 4124//4124 4122//4122 4121//4121
f 297//297 4124//4124 298//298
f 4124//4124 4121//4121 4125//4125
f 4124//4124 4125//4125 298//298
f 298//298 4125//4125 4126//4126
f 298//298 4126//4126 299//299
f 4126//4126 4125//4125 4127//4127
f 4126//4126 4127//4127 299//299
f 4127//4127 4125//4125 4121//4121
f 299//299 4127//4127 4128//4128
f 299//299 4128//4128 301//301
f 301//301 4128//4128 3356//3356
f 3356//3356 4128//4128 4129//4129
f 3356//3356 4129//4129 4130//4130
f 4130//4130 4129//4129 4131//4131
f 4130//4130 4131//4131 3356//3356
f 4131//4131 4129//4129 4132//4132
f 4132//4132 4129//4129 4128//4128
f 4132//4132 4128//4128 4133//4133
f 4133//4133 4128//4128 4127//4127
f 4133//4133 4127//4127 4134//4134
f 4133//4133 4134//4134 4132//4132
f 4134//4134 4127//4127 4121//4121
f 4132//4132 4134//4134 4135//4135
f 4132//4132 4135//4135 4131//4131
f 4131//4131 4135//4135 4136//4136
f 4131//4131 4136//4136 4137//4137
f 4131//4131 4137//4137 4138//4138
f 4131//4131 4138//4138 3356//3356
f 3356//3356 4138//4138 4139//4139
f 3356//3356 4139//4139 3362//3362
f 3362//3362 4139//4139 4140//4140
f 3362//3362 4140//4140 4141//4141
f 3362//3362 4141//4141 3363//3363
f 3363//3363 4141//4141 4142//4142
f 3363//3363 4142//4142 4143//4143
f 4143//4143 4142//4142 4144//4144
f 4144//4144 4142//4142 4141//4141
f 4144//4144 4141//4141 4145//4145
f 4145//4145 4141//4141 4140//4140
f 4144//4144 4145//4145 4146//4146
f 4144//4144 4146//4146 4147//4147
f 4144//4144 4147//4147 4143//4143
f 4147//4147 4146//4146 4148//4148
f 4148//4148 4146//4146 4149//4149
f 4149//4149 4146//4146 4145//4145
f 4149//4149 4145//4145 4150//4150
f 4150//4150 4145//4145 4140//4140
f 4150//4150 4140//4140 4151//4151
f 4151//4151 4140//4140 4139//4139
f 4151//4151 4139//4139 4152//4152
f 4152//4152 4139//4139 4138//4138
f 4151//4151 4152//4152 4153//4153
f 4153//4153 4152//4152 4138//4138
f 4153//4153 4138//4138 4154//4154
f 4154//4154 4138//4138 4137//4137
f 4154//4154 4137//4137 4136//4136
f 4154//4154 4136//4136 4155//4155
f 4155//4155 4136//4136 4135//4135
f 4155//4155 4135//4135 4156//4156
f 4156//4156 4135//4135 4134//4134
f 4155//4155 4156//4156 4157//4157
f 4155//4155 4157//4157 4158//4158
f 4155//4155 4158//4158 4154//4154
f 4154//4154 4158//4158 4159//4159
f 4154//4154 4159//4159 4153//4153
f 4153//4153 4159//4159 4160//4160
f 4153//4153 4160//4160 4151//4151
f 4151//4151 4160//4160 4150//4150
f 4150//4150 4160//4160 4149//4149
f 4149//4149 4160//4160 4161//4161
f 4161//4161 4160//4160 4162//4162
f 4161//4161 4162//4162 4163//4163
f 4161//4161 4163//4163 4149//4149
f 4163//4163 4162//4162 4164//4164
f 4164//4164 4162//4162 4165//4165
f 4165//4165 4162//4162 4160//4160
f 4165//4165 4160//4160 4166//4166
f 4166//4166 4160//4160 4159//4159
f 4166//4166 4159//4159 4167//4167
f 4166//4166 4167//4167 4165//4165
f 4167//4167 4159//4159 4158//4158
f 4167//4167 4158//4158 4157//4157
f 4167//4167 4157//4157 4168//4168
f 4167//4167 4168//4168 4165//4165
f 4168//4168 4157//4157 4169//4169
f 4168//4168 4169//4169 4165//4165
f 4169//4169 4157//4157 4170//4170
f 4170//4170 4157//4157 4156//4156
f 4170//4170 4156//4156 4134//4134
f 4170//4170 4134//4134 4171//4171
f 4171//4171 4134//4134 4121//4121
f 4171//4171 4121//4121 4120//4120
f 4171//4171 4120//4120 4172//4172
f 4172//4172 4120//4120 4119//4119
f 4171//4171 4172//4172 4173//4173
f 4173//4173 4172//4172 4119//4119
f 4171//4171 4173//4173 4174//4174
f 4174//4174 4173//4173 4119//4119
f 4171//4171 4174//4174 4170//4170
f 4174//4174 4119//4119 4175//4175
f 4175//4175 4119//4119 4118//4118
f 4175//4175 4118//4118 4176//4176
f 4175//4175 4176//4176 4177//4177
f 4175//4175 4177//4177 4174//4174
f 4174//4174 4177//4177 4178//4178
f 4174//4174 4178//4178 4170//4170
f 4170//4170 4178//4178 4179//4179
f 4179//4179 4178//4178 4177//4177
f 4170//4170 4179//4179 4169//4169
f 4179//4179 4177//4177 4180//4180
f 4179//4179 4180//4180 4169//4169
f 4169//4169 4180//4180 4181//4181
f 4181//4181 4180//4180 4177//4177
f 4181//4181 4177//4177 4176//4176
f 4181//4181 4176//4176 4182//4182
f 4182//4182 4176//4176 4183//4183
f 4183//4183 4176//4176 4118//4118
f 4183//4183 4118//4118 4184//4184
f 4184//4184 4118//4118 4117//4117
f 4184//4184 4117//4117 4185//4185
f 4185//4185 4117//4117 4186//4186
f 4186//4186 4117//4117 4116//4116
f 4186//4186 4116//4116 4187//4187
f 4187//4187 4116//4116 4115//4115
f 4187//4187 4115//4115 4188//4188
f 4188//4188 4115//4115 4114//4114
f 4188//4188 4114//4114 4189//4189
f 4189//4189 4114//4114 4190//4190
f 4190//4190 4114//4114 4113//4113
f 4189//4189 4190//4190 4191//4191
f 4189//4189 4191//4191 4188//4188
f 4191//4191 4190//4190 4192//4192
f 4191//4191 4192//4192 4193//4193
f 4191//4191 4193//4193 4194//4194
f 4191//4191 4194//4194 4188//4188
f 4188//4188 4194//4194 4195//4195
f 4188//4188 4195//4195 4196//4196
f 4188//4188 4196//4196 4187//4187
f 4187//4187 4196//4196 4197//4197
f 4197//4197 4196//4196 4195//4195
f 4187//4187 4197//4197 4186//4186
f 4186//4186 4197//4197 4185//4185
f 4185//4185 4197//4197 4198//4198
f 4185//4185 4198//4198 4184//4184
f 4198//4198 4197//4197 4199//4199
f 4199//4199 4197//4197 4195//4195
f 4199//4199 4195//4195 4200//4200
f 4200//4200 4195//4195 4194//4194
f 4200//4200 4194//4194 4201//4201
f 4201//4201 4194//4194 4193//4193
f 4200//4200 4201//4201 4202//4202
f 4200//4200 4202//4202 4199//4199
f 4199//4199 4202//4202 4203//4203
f 4199//4199 4203//4203 4198//4198
f 4198//4198 4203//4203 4204//4204
f 4198//4198 4204//4204 4184//4184
f 4184//4184 4204//4204 4205//4205
f 4184//4184 4205//4205 4206//4206
f 4184//4184 4206//4206 4183//4183
f 4183//4183 4206//4206 4205//4205
f 4183//4183 4205//4205 4207//4207
f 4207//4207 4205//4205 4204//4204
f 4183//4183 4207//4207 4208//4208
f 4183//4183 4208//4208 4182//4182
f 4182//4182 4208//4208 4209//4209
f 4182//4182 4209//4209 4210//4210
f 4182//4182 4210//4210 4181//4181
f 4181//4181 4210//4210 4211//4211
f 4181//4181 4211//4211 4165//4165
f 4181//4181 4165//4165 4169//4169
f 4165//4165 4211//4211 4212//4212
f 4212//4212 4211//4211 4210//4210
f 4212//4212 4210//4210 4165//4165
f 4212//4212 4165//4165 4213//4213
f 4212//4212 4213//4213 4165//4165
f 4165//4165 4210//4210 4164//4164
f 4164//4164 4210//4210 4209//4209
f 4164//4164 4209//4209 4214//4214
f 4214//4214 4209//4209 4208//4208
f 4164//4164 4214//4214 4163//4163
f 4163//4163 4214//4214 4215//4215
f 4163//4163 4215//4215 4216//4216
f 4215//4215 4214//4214 4217//4217
f 4217//4217 4214//4214 4218//4218
f 4218//4218 4214//4214 4208//4208
f 4218//4218 4208//4208 4219//4219
f 4219//4219 4208//4208 4207//4207
f 4218//4218 4219//4219 4220//4220
f 4220//4220 4219//4219 4207//4207
f 4218//4218 4220//4220 4221//4221
f 4221//4221 4220//4220 4207//4207
f 4218//4218 4221//4221 4217//4217
f 4221//4221 4207//4207 4222//4222
f 4222//4222 4207//4207 4204//4204
f 4222//4222 4204//4204 4223//4223
f 4223//4223 4204//4204 4203//4203
f 4222//4222 4223//4223 4224//4224
f 4224//4224 4223//4223 4203//4203
f 4222//4222 4224//4224 4225//4225
f 4222//4222 4225//4225 4221//4221
f 4221//4221 4225//4225 4226//4226
f 4226//4226 4225//4225 4224//4224
f 4221//4221 4226//4226 4227//4227
f 4221//4221 4227//4227 4217//4217
f 4217//4217 4227//4227 4228//4228
f 4217//4217 4228//4228 4215//4215
f 4215//4215 4228//4228 4216//4216
f 4216//4216 4228//4228 4229//4229
f 4216//4216 4229//4229 4230//4230
f 4216//4216 4230//4230 4163//4163
f 4163//4163 4230//4230 4231//4231
f 4163//4163 4231//4231 4149//4149
f 4149//4149 4231//4231 4232//4232
f 4149//4149 4232//4232 4148//4148
f 4148//4148 4232//4232 4147//4147
f 4147//4147 4232//4232 4233//4233
f 4233//4233 4232//4232 4234//4234
f 4234//4234 4232//4232 4231//4231
f 4234//4234 4231//4231 4235//4235
f 4234//4234 4235//4235 4233//4233
f 4235//4235 4231//4231 4230//4230
f 4235//4235 4230//4230 4236//4236
f 4236//4236 4230//4230 4229//4229
f 4235//4235 4236//4236 4237//4237
f 4235//4235 4237//4237 4238//4238
f 4235//4235 4238//4238 4233//4233
f 4238//4238 4237//4237 4239//4239
f 4239//4239 4237//4237 4240//4240
f 4240//4240 4237//4237 4236//4236
f 4240//4240 4236//4236 4241//4241
f 4241//4241 4236//4236 4229//4229
f 4241//4241 4229//4229 4242//4242
f 4242//4242 4229//4229 4228//4228
f 4242//4242 4228//4228 4243//4243
f 4243//4243 4228//4228 4244//4244
f 4244//4244 4228//4228 4227//4227
f 4244//4244 4227//4227 4226//4226
f 4244//4244 4226//4226 4245//4245
f 4245//4245 4226//4226 4224//4224
f 4245//4245 4224//4224 4246//4246
f 4245//4245 4246//4246 4244//4244
f 4244//4244 4246//4246 4247//4247
f 4244//4244 4247//4247 4248//4248
f 4244//4244 4248//4248 4243//4243
f 4243//4243 4248//4248 4249//4249
f 4243//4243 4249//4249 4242//4242
f 4242//4242 4249//4249 4241//4241
f 4241//4241 4249//4249 4250//4250
f 4241//4241 4250//4250 4251//4251
f 4241//4241 4251//4251 4240//4240
f 4240//4240 4251//4251 4252//4252
f 4240//4240 4252//4252 4253//4253
f 4240//4240 4253//4253 4239//4239
f 4239//4239 4253//4253 4254//4254
f 4239//4239 4254//4254 3400//3400
f 4239//4239 3400//3400 4238//4238
f 4238//4238 3400//3400 4255//4255
f 4238//4238 4255//4255 4233//4233
f 4233//4233 4255//4255 4256//4256
f 4233//4233 4256//4256 4147//4147
f 4147//4147 4256//4256 4143//4143
f 4143//4143 4256//4256 4257//4257
f 4143//4143 4257//4257 3363//3363
f 3363//3363 4257//4257 4258//4258
f 3363//3363 4258//4258 3364//3364
f 4258//4258 4257//4257 4259//4259
f 4258//4258 4259//4259 3364//3364
f 4259//4259 4257//4257 4256//4256
f 4259//4259 4256//4256 4255//4255
f 4259//4259 4255//4255 4260//4260
f 4260//4260 4255//4255 3400//3400
f 4260//4260 3400//3400 3399//3399
f 4260//4260 3399//3399 4261//4261
f 4261//4261 3399//3399 3398//3398
f 4260//4260 4261//4261 4262//4262
f 4262//4262 4261//4261 3398//3398
f 4260//4260 4262//4262 4259//4259
f 4262//4262 3398//3398 3378//3378
f 4262//4262 3378//3378 4259//4259
f 4259//4259 3378//3378 3364//3364
f 3400//3400 4254//4254 3401//3401
f 3401//3401 4254//4254 4263//4263
f 4263//4263 4254//4254 4253//4253
f 4263//4263 4253//4253 4252//4252
f 4263//4263 4252//4252 4264//4264
f 4264//4264 4252//4252 4251//4251
f 4264//4264 4251//4251 4250//4250
f 4264//4264 4250//4250 4265//4265
f 4265//4265 4250//4250 4249//4249
f 4264//4264 4265//4265 4266//4266
f 4266//4266 4265//4265 4249//4249
f 4264//4264 4266//4266 4263//4263
f 4266//4266 4249//4249 4267//4267
f 4267//4267 4249//4249 4248//4248
f 4267//4267 4248//4248 4247//4247
f 4267//4267 4247//4247 4268//4268
f 4267//4267 4268//4268 4266//4266
f 4268//4268 4247//4247 4269//4269
f 4268//4268 4269//4269 4270//4270
f 4269//4269 4247//4247 4271//4271
f 4269//4269 4271//4271 4270//4270
f 4271//4271 4247//4247 4272//4272
f 4272//4272 4247//4247 4273//4273
f 4273//4273 4247//4247 4246//4246
f 4273//4273 4246//4246 4274//4274
f 4274//4274 4246//4246 4224//4224
f 4273//4273 4274//4274 4275//4275
f 4273//4273 4275//4275 4272//4272
f 4272//4272 4275//4275 4276//4276
f 4272//4272 4276//4276 4271//4271
f 4271//4271 4276//4276 4277//4277
f 4271//4271 4277//4277 4270//4270
f 4277//4277 4276//4276 4278//4278
f 4278//4278 4276//4276 4275//4275
f 4277//4277 4278//4278 4279//4279
f 4279//4279 4278//4278 4275//4275
f 4277//4277 4279//4279 4280//4280
f 4280//4280 4279//4279 4281//4281
f 4281//4281 4279//4279 4282//4282
f 4282//4282 4279//4279 4283//4283
f 4283//4283 4279//4279 4275//4275
f 4283//4283 4275//4275 4284//4284
f 4283//4283 4284//4284 4285//4285
f 4283//4283 4285//4285 4286//4286
f 4283//4283 4286//4286 4282//4282
f 4282//4282 4286//4286 4287//4287
f 4282//4282 4287//4287 4281//4281
f 4281//4281 4287//4287 4280//4280
f 4280//4280 4287//4287 4288//4288
f 4280//4280 4288//4288 4277//4277
f 4277//4277 4288//4288 4289//4289
f 4277//4277 4289//4289 4290//4290
f 4277//4277 4290//4290 4270//4270
f 4270//4270 4290//4290 4268//4268
f 4268//4268 4290//4290 4291//4291
f 4268//4268 4291//4291 4266//4266
f 4266//4266 4291//4291 4292//4292
f 4266//4266 4292//4292 4263//4263
f 4263//4263 4292//4292 3402//3402
f 4263//4263 3402//3402 3401//3401
f 3402//3402 4292//4292 4293//4293
f 4293//4293 4292//4292 4291//4291
f 3402//3402 4293//4293 3404//3404
f 3404//3404 4293//4293 4294//4294
f 3404//3404 4294//4294 3405//3405
f 4294//4294 4293//4293 4295//4295
f 4295//4295 4293//4293 4291//4291
f 4295//4295 4291//4291 4296//4296
f 4296//4296 4291//4291 4290//4290
f 4296//4296 4290//4290 4289//4289
f 4296//4296 4289//4289 4288//4288
f 4296//4296 4288//4288 4297//4297
f 4297//4297 4288//4288 4287//4287
f 4297//4297 4287//4287 4298//4298
f 4298//4298 4287//4287 4286//4286
f 4297//4297 4298//4298 4299//4299
f 4297//4297 4299//4299 4300//4300
f 4297//4297 4300//4300 4301//4301
f 4297//4297 4301//4301 4296//4296
f 4296//4296 4301//4301 4302//4302
f 4296//4296 4302//4302 4295//4295
f 4295//4295 4302//4302 4303//4303
f 4295//4295 4303//4303 4294//4294
f 4303//4303 4302//4302 4304//4304
f 4304//4304 4302//4302 4301//4301
f 4304//4304 4301//4301 4305//4305
f 4305//4305 4301//4301 4300//4300
f 4305//4305 4300//4300 4306//4306
f 4306//4306 4300//4300 4299//4299
f 4306//4306 4299//4299 4307//4307
f 4307//4307 4299//4299 4308//4308
f 4308//4308 4299//4299 4298//4298
f 4308//4308 4298//4298 4309//4309
f 4309//4309 4298//4298 4310//4310
f 4310//4310 4298//4298 4286//4286
f 4310//4310 4286//4286 4311//4311
f 4311//4311 4286//4286 4285//4285
f 4311//4311 4285//4285 4312//4312
f 4312//4312 4285//4285 4284//4284
f 4312//4312 4284//4284 4313//4313
f 4313//4313 4284//4284 4314//4314
f 4314//4314 4284//4284 4275//4275
f 4314//4314 4275//4275 4315//4315
f 4315//4315 4275//4275 4316//4316
f 4316//4316 4275//4275 4274//4274
f 4315//4315 4316//4316 4317//4317
f 4315//4315 4317//4317 4314//4314
f 4314//4314 4317//4317 4313//4313
f 4313//4313 4317//4317 4201//4201
f 4313//4313 4201//4201 4193//4193
f 4201//4201 4317//4317 4318//4318
f 4318//4318 4317//4317 4316//4316
f 4201//4201 4318//4318 4202//4202
f 4318//4318 4316//4316 4319//4319
f 4319//4319 4316//4316 4274//4274
f 4319//4319 4274//4274 4320//4320
f 4320//4320 4274//4274 4224//4224
f 4319//4319 4320//4320 4321//4321
f 4321//4321 4320//4320 4224//4224
f 4319//4319 4321//4321 4318//4318
f 4318//4318 4321//4321 4202//4202
f 4202//4202 4321//4321 4203//4203
f 4203//4203 4321//4321 4224//4224
f 4313//4313 4193//4193 4192//4192
f 4313//4313 4192//4192 4322//4322
f 4322//4322 4192//4192 4190//4190
f 4313//4313 4322//4322 4312//4312
f 4322//4322 4190//4190 4323//4323
f 4323//4323 4190//4190 4113//4113
f 4322//4322 4323//4323 4324//4324
f 4324//4324 4323//4323 4113//4113
f 4322//4322 4324//4324 4312//4312
f 4324//4324 4113//4113 4112//4112
f 4312//4312 4324//4324 4311//4311
f 4311//4311 4324//4324 4325//4325
f 4311//4311 4325//4325 4310//4310
f 4325//4325 4324//4324 4326//4326
f 4325//4325 4326//4326 4310//4310
f 4326//4326 4324//4324 4112//4112
f 4326//4326 4112//4112 4111//4111
f 4326//4326 4111//4111 4327//4327
f 4326//4326 4327//4327 4310//4310
f 4310//4310 4327//4327 4328//4328
f 4310//4310 4328//4328 4309//4309
f 4309//4309 4328//4328 4329//4329
f 4309//4309 4329//4329 4308//4308
f 4308//4308 4329//4329 4330//4330
f 4308//4308 4330//4330 4307//4307
f 4330//4330 4329//4329 4331//4331
f 4331//4331 4329//4329 4328//4328
f 4331//4331 4328//4328 4332//4332
f 4332//4332 4328//4328 4327//4327
f 4332//4332 4327//4327 4333//4333
f 4333//4333 4327//4327 4111//4111
f 4333//4333 4111//4111 4105//4105
f 4333//4333 4105//4105 4104//4104
f 4333//4333 4104//4104 4334//4334
f 4334//4334 4104//4104 4335//4335
f 4335//4335 4104//4104 4103//4103
f 4335//4335 4103//4103 4336//4336
f 4336//4336 4103//4103 4337//4337
f 4337//4337 4103//4103 4070//4070
f 4337//4337 4070//4070 4338//4338
f 4338//4338 4070//4070 4060//4060
f 4338//4338 4060//4060 4339//4339
f 4339//4339 4060//4060 4059//4059
f 4339//4339 4059//4059 4340//4340
f 4339//4339 4340//4340 4341//4341
f 4339//4339 4341//4341 4338//4338
f 4338//4338 4341//4341 4342//4342
f 4338//4338 4342//4342 4343//4343
f 4338//4338 4343//4343 4337//4337
f 4337//4337 4343//4343 4336//4336
f 4336//4336 4343//4343 4344//4344
f 4336//4336 4344//4344 4345//4345
f 4336//4336 4345//4345 4335//4335
f 4335//4335 4345//4345 4346//4346
f 4335//4335 4346//4346 4334//4334
f 4346//4346 4345//4345 4347//4347
f 4347//4347 4345//4345 4344//4344
f 4347//4347 4344//4344 4348//4348
f 4348//4348 4344//4344 4349//4349
f 4349//4349 4344//4344 4343//4343
f 4349//4349 4343//4343 4342//4342
f 4349//4349 4342//4342 4350//4350
f 4350//4350 4342//4342 4351//4351
f 4351//4351 4342//4342 4341//4341
f 4351//4351 4341//4341 4340//4340
f 4351//4351 4340//4340 4352//4352
f 4352//4352 4340//4340 4059//4059
f 4352//4352 4059//4059 4056//4056
f 4352//4352 4056//4056 4353//4353
f 4353//4353 4056//4056 4354//4354
f 4354//4354 4056//4056 4054//4054
f 4354//4354 4054//4054 4355//4355
f 4355//4355 4054//4054 4053//4053
f 4355//4355 4053//4053 4356//4356
f 4356//4356 4053//4053 4052//4052
f 4355//4355 4356//4356 4357//4357
f 4355//4355 4357//4357 4354//4354
f 4357//4357 4356//4356 4358//4358
f 4357//4357 4358//4358 4359//4359
f 4357//4357 4359//4359 4354//4354
f 4354//4354 4359//4359 4360//4360
f 4354//4354 4360//4360 4361//4361
f 4354//4354 4361//4361 4353//4353
f 4353//4353 4361//4361 4352//4352
f 4352//4352 4361//4361 4362//4362
f 4352//4352 4362//4362 4351//4351
f 4362//4362 4361//4361 4363//4363
f 4363//4363 4361//4361 4360//4360
f 4362//4362 4363//4363 4364//4364
f 4364//4364 4363//4363 4365//4365
f 4365//4365 4363//4363 4360//4360
f 4365//4365 4360//4360 4366//4366
f 4365//4365 4366//4366 4364//4364
f 4364//4364 4366//4366 4367//4367
f 4364//4364 4367//4367 4362//4362
f 4367//4367 4366//4366 4368//4368
f 4368//4368 4366//4366 4369//4369
f 4369//4369 4366//4366 4370//4370
f 4370//4370 4366//4366 4360//4360
f 4369//4369 4370//4370 4371//4371
f 4369//4369 4371//4371 4368//4368
f 4368//4368 4371//4371 4372//4372
f 4368//4368 4372//4372 4367//4367
f 4372//4372 4371//4371 4373//4373
f 4372//4372 4373//4373 4367//4367
f 4373//4373 4371//4371 4374//4374
f 4374//4374 4371//4371 4370//4370
f 4373//4373 4374//4374 4375//4375
f 4374//4374 4370//4370 4376//4376
f 4374//4374 4376//4376 4375//4375
f 4375//4375 4376//4376 4377//4377
f 4375//4375 4377//4377 4378//4378
f 4375//4375 4378//4378 4373//4373
f 4373//4373 4378//4378 4379//4379
f 4373//4373 4379//4379 4367//4367
f 4367//4367 4379//4379 4380//4380
f 4380//4380 4379//4379 4381//4381
f 4381//4381 4379//4379 4378//4378
f 4381//4381 4378//4378 4382//4382
f 4381//4381 4382//4382 4383//4383
f 4382//4382 4378//4378 4384//4384
f 4384//4384 4378//4378 4385//4385
f 4385//4385 4378//4378 4377//4377
f 4385//4385 4377//4377 4386//4386
f 4386//4386 4377//4377 4387//4387
f 4387//4387 4377//4377 4376//4376
f 4387//4387 4376//4376 4388//4388
f 4388//4388 4376//4376 4370//4370
f 4388//4388 4370//4370 4389//4389
f 4389//4389 4370//4370 4360//4360
f 4389//4389 4360//4360 4390//4390
f 4389//4389 4390//4390 4388//4388
f 4390//4390 4360//4360 4359//4359
f 4390//4390 4359//4359 4391//4391
f 4391//4391 4359//4359 4358//4358
f 4391//4391 4358//4358 4392//4392
f 4392//4392 4358//4358 4393//4393
f 4393//4393 4358//4358 4356//4356
f 4393//4393 4356//4356 4394//4394
f 4394//4394 4356//4356 4052//4052
f 4394//4394 4052//4052 4395//4395
f 4394//4394 4395//4395 4393//4393
f 4395//4395 4052//4052 4051//4051
f 4395//4395 4051//4051 4396//4396
f 4396//4396 4051//4051 4050//4050
f 4396//4396 4050//4050 4397//4397
f 4397//4397 4050//4050 4398//4398
f 4398//4398 4050//4050 4049//4049
f 4398//4398 4049//4049 4399//4399
f 4398//4398 4399//4399 4400//4400
f 4398//4398 4400//4400 4397//4397
f 4397//4397 4400//4400 4401//4401
f 4397//4397 4401//4401 4402//4402
f 4397//4397 4402//4402 4396//4396
f 4396//4396 4402//4402 4403//4403
f 4396//4396 4403//4403 4395//4395
f 4403//4403 4402//4402 4404//4404
f 4404//4404 4402//4402 4405//4405
f 4405//4405 4402//4402 4401//4401
f 4405//4405 4401//4401 4406//4406
f 4406//4406 4401//4401 4400//4400
f 4405//4405 4406//4406 4407//4407
f 4405//4405 4407//4407 4404//4404
f 4404//4404 4407//4407 4408//4408
f 4404//4404 4408//4408 4409//4409
f 4404//4404 4409//4409 4403//4403
f 4403//4403 4409//4409 4395//4395
f 4395//4395 4409//4409 4410//4410
f 4395//4395 4410//4410 4393//4393
f 4393//4393 4410//4410 4392//4392
f 4392//4392 4410//4410 4391//4391
f 4391//4391 4410//4410 4411//4411
f 4411//4411 4410//4410 4412//4412
f 4411//4411 4412//4412 4391//4391
f 4412//4412 4410//4410 4409//4409
f 4391//4391 4412//4412 4390//4390
f 4412//4412 4409//4409 4413//4413
f 4413//4413 4409//4409 4408//4408
f 4413//4413 4408//4408 4407//4407
f 4413//4413 4407//4407 4414//4414
f 4413//4413 4414//4414 4412//4412
f 4414//4414 4407//4407 4415//4415
f 4415//4415 4407//4407 4406//4406
f 4415//4415 4406//4406 4416//4416
f 4415//4415 4416//4416 4414//4414
f 4416//4416 4406//4406 4417//4417
f 4417//4417 4406//4406 4400//4400
f 4417//4417 4400//4400 4418//4418
f 4418//4418 4400//4400 4399//4399
f 4417//4417 4418//4418 4419//4419
f 4417//4417 4419//4419 4416//4416
f 4416//4416 4419//4419 4420//4420
f 4420//4420 4419//4419 4421//4421
f 4421//4421 4419//4419 4422//4422
f 4420//4420 4421//4421 4423//4423
f 4423//4423 4421//4421 4422//4422
f 4420//4420 4423//4423 4424//4424
f 4424//4424 4423//4423 4425//4425
f 4425//4425 4423//4423 4426//4426
f 4426//4426 4423//4423 4422//4422
f 4425//4425 4426//4426 4427//4427
f 4425//4425 4427//4427 4424//4424
f 4424//4424 4427//4427 4428//4428
f 4424//4424 4428//4428 4420//4420
f 4428//4428 4427//4427 4429//4429
f 4429//4429 4427//4427 4426//4426
f 4429//4429 4426//4426 4430//4430
f 4430//4430 4426//4426 4422//4422
f 4430//4430 4422//4422 4431//4431
f 4431//4431 4422//4422 4432//4432
f 4432//4432 4422//4422 4433//4433
f 4431//4431 4432//4432 4434//4434
f 4434//4434 4432//4432 4433//4433
f 4431//4431 4434//4434 4435//4435
f 4431//4431 4435//4435 4430//4430
f 4430//4430 4435//4435 4436//4436
f 4430//4430 4436//4436 4429//4429
f 4429//4429 4436//4436 4437//4437
f 4429//4429 4437//4437 4438//4438
f 4429//4429 4438//4438 4428//4428
f 4428//4428 4438//4438 4439//4439
f 4439//4439 4438//4438 4440//4440
f 4440//4440 4438//4438 4441//4441
f 4441//4441 4438//4438 4437//4437
f 4441//4441 4437//4437 4442//4442
f 4441//4441 4442//4442 4443//4443
f 4441//4441 4443//4443 4444//4444
f 4441//4441 4444//4444 4445//4445
f 4441//4441 4445//4445 4440//4440
f 4440//4440 4445//4445 4446//4446
f 4440//4440 4446//4446 4439//4439
f 4439//4439 4446//4446 4447//4447
f 4439//4439 4447//4447 4428//4428
f 4428//4428 4447//4447 4448//4448
f 4428//4428 4448//4448 4420//4420
f 4448//4448 4447//4447 4449//4449
f 4449//4449 4447//4447 4450//4450
f 4450//4450 4447//4447 4446//4446
f 4450//4450 4446//4446 4445//4445
f 4450//4450 4445//4445 4451//4451
f 4451//4451 4445//4445 4452//4452
f 4452//4452 4445//4445 4444//4444
f 4452//4452 4444//4444 4453//4453
f 4453//4453 4444//4444 4454//4454
f 4454//4454 4444//4444 4443//4443
f 4454//4454 4443//4443 4455//4455
f 4455//4455 4443//4443 4442//4442
f 4454//4454 4455//4455 4456//4456
f 4454//4454 4456//4456 4457//4457
f 4454//4454 4457//4457 4453//4453
f 4453//4453 4457//4457 4458//4458
f 4453//4453 4458//4458 4459//4459
f 4453//4453 4459//4459 4452//4452
f 4452//4452 4459//4459 4460//4460
f 4452//4452 4460//4460 4451//4451
f 4451//4451 4460//4460 4461//4461
f 4451//4451 4461//4461 4450//4450
f 4450//4450 4461//4461 4462//4462
f 4450//4450 4462//4462 4449//4449
f 4462//4462 4461//4461 4463//4463
f 4462//4462 4463//4463 4464//4464
f 4462//4462 4464//4464 4465//4465
f 4462//4462 4465//4465 4449//4449
f 4449//4449 4465//4465 4466//4466
f 4449//4449 4466//4466 4448//4448
f 4448//4448 4466//4466 4467//4467
f 4467//4467 4466//4466 4465//4465
f 4448//4448 4467//4467 4420//4420
f 4420//4420 4467//4467 4468//4468
f 4420//4420 4468//4468 4416//4416
f 4416//4416 4468//4468 4467//4467
f 4416//4416 4467//4467 4469//4469
f 4416//4416 4469//4469 4414//4414
f 4414//4414 4469//4469 4470//4470
f 4414//4414 4470//4470 4412//4412
f 4412//4412 4470//4470 4471//4471
f 4412//4412 4471//4471 4390//4390
f 4390//4390 4471//4471 4472//4472
f 4472//4472 4471//4471 4470//4470
f 4390//4390 4472//4472 4388//4388
f 4388//4388 4472//4472 4473//4473
f 4473//4473 4472//4472 4470//4470
f 4388//4388 4473//4473 4474//4474
f 4474//4474 4473//4473 4470//4470
f 4388//4388 4474//4474 4387//4387
f 4474//4474 4470//4470 4475//4475
f 4475//4475 4470//4470 4469//4469
f 4475//4475 4469//4469 4467//4467
f 4475//4475 4467//4467 4476//4476
f 4476//4476 4467//4467 4465//4465
f 4476//4476 4465//4465 4477//4477
f 4477//4477 4465//4465 4464//4464
f 4476//4476 4477//4477 4478//4478
f 4476//4476 4478//4478 4475//4475
f 4475//4475 4478//4478 4479//4479
f 4475//4475 4479//4479 4474//4474
f 4474//4474 4479//4479 4387//4387
f 4387//4387 4479//4479 4480//4480
f 4480//4480 4479//4479 4478//4478
f 4387//4387 4480//4480 4386//4386
f 4480//4480 4478//4478 4481//4481
f 4481//4481 4478//4478 4477//4477
f 4481//4481 4477//4477 4464//4464
f 4481//4481 4464//4464 4463//4463
f 4481//4481 4463//4463 4482//4482
f 4482//4482 4463//4463 4483//4483
f 4483//4483 4463//4463 4461//4461
f 4483//4483 4461//4461 4484//4484
f 4484//4484 4461//4461 4460//4460
f 4483//4483 4484//4484 4485//4485
f 4483//4483 4485//4485 4482//4482
f 4482//4482 4485//4485 4486//4486
f 4482//4482 4486//4486 4487//4487
f 4482//4482 4487//4487 4481//4481
f 4481//4481 4487//4487 4480//4480
f 4480//4480 4487//4487 4386//4386
f 4386//4386 4487//4487 4385//4385
f 4385//4385 4487//4487 4488//4488
f 4488//4488 4487//4487 4486//4486
f 4385//4385 4488//4488 4384//4384
f 4384//4384 4488//4488 4489//4489
f 4384//4384 4489//4489 4490//4490
f 4384//4384 4490//4490 4382//4382
f 4382//4382 4490//4490 4383//4383
f 4383//4383 4490//4490 4491//4491
f 4383//4383 4491//4491 4492//4492
f 4383//4383 4492//4492 4381//4381
f 4381//4381 4492//4492 4493//4493
f 4493//4493 4492//4492 4491//4491
f 4381//4381 4493//4493 4494//4494
f 4381//4381 4494//4494 4380//4380
f 4494//4494 4493//4493 4495//4495
f 4380//4380 4494//4494 4496//4496
f 4494//4494 4495//4495 4497//4497
f 4494//4494 4497//4497 4496//4496
f 4497//4497 4495//4495 4498//4498
f 4497//4497 4498//4498 4496//4496
f 4498//4498 4495//4495 4499//4499
f 4499//4499 4495//4495 4493//4493
f 4498//4498 4499//4499 4500//4500
f 4498//4498 4500//4500 4496//4496
f 4496//4496 4500//4500 4380//4380
f 4380//4380 4500//4500 4367//4367
f 4367//4367 4500//4500 4501//4501
f 4367//4367 4501//4501 4502//4502
f 4367//4367 4502//4502 4362//4362
f 4362//4362 4502//4502 4503//4503
f 4362//4362 4503//4503 4351//4351
f 4351//4351 4503//4503 4504//4504
f 4351//4351 4504//4504 4350//4350
f 4504//4504 4503//4503 4505//4505
f 4504//4504 4505//4505 4350//4350
f 4505//4505 4503//4503 4502//4502
f 4505//4505 4502//4502 4506//4506
f 4506//4506 4502//4502 4501//4501
f 4506//4506 4501//4501 4507//4507
f 4506//4506 4507//4507 4508//4508
f 4506//4506 4508//4508 4505//4505
f 4505//4505 4508//4508 4509//4509
f 4505//4505 4509//4509 4510//4510
f 4505//4505 4510//4510 4350//4350
f 4350//4350 4510//4510 4511//4511
f 4511//4511 4510//4510 4509//4509
f 4350//4350 4511//4511 4349//4349
f 4511//4511 4509//4509 4512//4512
f 4512//4512 4509//4509 4508//4508
f 4512//4512 4508//4508 4513//4513
f 4513//4513 4508//4508 4507//4507
f 4513//4513 4507//4507 4514//4514
f 4514//4514 4507//4507 4515//4515
f 4515//4515 4507//4507 4501//4501
f 4515//4515 4501//4501 4500//4500
f 4515//4515 4500//4500 4499//4499
f 4515//4515 4499//4499 4516//4516
f 4516//4516 4499//4499 4493//4493
f 4515//4515 4516//4516 4517//4517
f 4515//4515 4517//4517 4514//4514
f 4514//4514 4517//4517 4518//4518
f 4514//4514 4518//4518 4513//4513
f 4518//4518 4517//4517 4519//4519
f 4519//4519 4517//4517 4520//4520
f 4520//4520 4517//4517 4516//4516
f 4520//4520 4516//4516 4493//4493
f 4520//4520 4493//4493 4491//4491
f 4520//4520 4491//4491 4521//4521
f 4521//4521 4491//4491 4490//4490
f 4520//4520 4521//4521 4522//4522
f 4520//4520 4522//4522 4519//4519
f 4519//4519 4522//4522 4523//4523
f 4519//4519 4523//4523 4518//4518
f 4523//4523 4522//4522 4524//4524
f 4524//4524 4522//4522 4521//4521
f 4524//4524 4521//4521 4525//4525
f 4524//4524 4525//4525 4523//4523
f 4525//4525 4521//4521 4526//4526
f 4526//4526 4521//4521 4527//4527
f 4527//4527 4521//4521 4490//4490
f 4527//4527 4490//4490 4489//4489
f 4527//4527 4489//4489 4528//4528
f 4528//4528 4489//4489 4488//4488
f 4528//4528 4488//4488 4529//4529
f 4529//4529 4488//4488 4486//4486
f 4529//4529 4486//4486 4530//4530
f 4530//4530 4486//4486 4485//4485
f 4529//4529 4530//4530 4531//4531
f 4529//4529 4531//4531 4528//4528
f 4531//4531 4530//4530 4532//4532
f 4532//4532 4530//4530 4485//4485
f 4532//4532 4485//4485 4533//4533
f 4533//4533 4485//4485 4484//4484
f 4533//4533 4484//4484 4534//4534
f 4534//4534 4484//4484 4460//4460
f 4533//4533 4534//4534 4535//4535
f 4535//4535 4534//4534 4460//4460
f 4535//4535 4460//4460 4536//4536
f 4536//4536 4460//4460 4459//4459
f 4535//4535 4536//4536 4537//4537
f 4535//4535 4537//4537 4533//4533
f 4537//4537 4536//4536 4538//4538
f 4538//4538 4536//4536 4459//4459
f 4538//4538 4459//4459 4539//4539
f 4539//4539 4459//4459 4458//4458
f 4539//4539 4458//4458 4540//4540
f 4540//4540 4458//4458 4457//4457
f 4540//4540 4457//4457 4541//4541
f 4541//4541 4457//4457 4456//4456
f 4541//4541 4456//4456 4542//4542
f 4542//4542 4456//4456 4455//4455
f 4541//4541 4542//4542 4543//4543
f 4543//4543 4542//4542 4544//4544
f 4543//4543 4544//4544 4541//4541
f 4544//4544 4542//4542 4545//4545
f 4545//4545 4542//4542 4546//4546
f 4546//4546 4542//4542 4547//4547
f 4547//4547 4542//4542 4455//4455
f 4547//4547 4455//4455 4548//4548
f 4548//4548 4455//4455 4549//4549
f 4549//4549 4455//4455 4442//4442
f 4549//4549 4442//4442 4550//4550
f 4550//4550 4442//4442 4437//4437
f 4549//4549 4550//4550 4551//4551
f 4549//4549 4551//4551 4552//4552
f 4549//4549 4552//4552 4548//4548
f 4552//4552 4551//4551 4553//4553
f 4553//4553 4551//4551 4550//4550
f 4553//4553 4550//4550 4554//4554
f 4554//4554 4550//4550 4437//4437
f 4554//4554 4437//4437 4555//4555
f 4554//4554 4555//4555 4553//4553
f 4555//4555 4437//4437 4436//4436
f 4555//4555 4436//4436 4435//4435
f 4555//4555 4435//4435 4556//4556
f 4556//4556 4435//4435 4557//4557
f 4557//4557 4435//4435 4434//4434
f 4557//4557 4434//4434 4558//4558
f 4558//4558 4434//4434 4433//4433
f 4558//4558 4433//4433 4559//4559
f 4559//4559 4433//4433 4422//4422
f 4559//4559 4422//4422 4560//4560
f 4559//4559 4560//4560 4558//4558
f 4560//4560 4422//4422 4419//4419
f 4560//4560 4419//4419 4561//4561
f 4561//4561 4419//4419 4418//4418
f 4561//4561 4418//4418 4562//4562
f 4562//4562 4418//4418 4563//4563
f 4563//4563 4418//4418 4399//4399
f 4563//4563 4399//4399 4564//4564
f 4564//4564 4399//4399 4565//4565
f 4564//4564 4565//4565 4563//4563
f 4565//4565 4399//4399 4049//4049
f 4565//4565 4049//4049 3993//3993
f 4565//4565 3993//3993 3990//3990
f 4565//4565 3990//3990 4566//4566
f 4566//4566 3990//3990 3989//3989
f 4566//4566 3989//3989 4567//4567
f 4566//4566 4567//4567 4565//4565
f 4567//4567 3989//3989 3988//3988
f 4565//4565 4567//4567 4563//4563
f 4567//4567 3988//3988 4568//4568
f 4567//4567 4568//4568 4563//4563
f 4563//4563 4568//4568 4562//4562
f 4562//4562 4568//4568 4569//4569
f 4562//4562 4569//4569 4561//4561
f 4561//4561 4569//4569 4570//4570
f 4561//4561 4570//4570 4560//4560
f 4560//4560 4570//4570 4571//4571
f 4571//4571 4570//4570 4572//4572
f 4572//4572 4570//4570 4569//4569
f 4572//4572 4569//4569 3978//3978
f 4572//4572 3978//3978 4571//4571
f 3978//3978 4569//4569 3979//3979
f 3979//3979 4569//4569 4568//4568
f 3979//3979 4568//4568 3988//3988
f 4571//4571 3978//3978 3977//3977
f 4571//4571 3977//3977 4573//4573
f 4571//4571 4573//4573 4560//4560
f 4560//4560 4573//4573 4558//4558
f 4558//4558 4573//4573 4574//4574
f 4574//4574 4573//4573 4575//4575
f 4575//4575 4573//4573 3977//3977
f 4575//4575 3977//3977 4574//4574
f 4574//4574 3977//3977 4576//4576
f 4576//4576 3977//3977 4577//4577
f 4574//4574 4576//4576 4578//4578
f 4574//4574 4578//4578 4579//4579
f 4574//4574 4579//4579 4558//4558
f 4558//4558 4579//4579 4557//4557
f 4557//4557 4579//4579 4580//4580
f 4557//4557 4580//4580 4556//4556
f 4580//4580 4579//4579 4581//4581
f 4581//4581 4579//4579 4578//4578
f 4581//4581 4578//4578 4582//4582
f 4582//4582 4578//4578 4576//4576
f 4582//4582 4576//4576 4577//4577
f 4582//4582 4577//4577 4583//4583
f 4583//4583 4577//4577 4584//4584
f 4584//4584 4577//4577 3977//3977
f 4584//4584 3977//3977 4585//4585
f 4585//4585 3977//3977 3972//3972
f 4585//4585 3972//3972 4584//4584
f 4584//4584 3972//3972 4586//4586
f 4586//4586 3972//3972 3971//3971
f 4586//4586 3971//3971 3970//3970
f 4586//4586 3970//3970 4587//4587
f 4587//4587 3970//3970 3969//3969
f 4586//4586 4587//4587 4588//4588
f 4586//4586 4588//4588 4584//4584
f 4584//4584 4588//4588 4583//4583
f 4583//4583 4588//4588 4589//4589
f 4589//4589 4588//4588 4590//4590
f 4590//4590 4588//4588 4587//4587
f 4590//4590 4587//4587 4591//4591
f 4591//4591 4587//4587 3969//3969
f 4591//4591 3969//3969 4592//4592
f 4592//4592 3969//3969 4593//4593
f 4592//4592 4593//4593 4594//4594
f 4594//4594 4593//4593 4595//4595
f 4595//4595 4593//4593 3969//3969
f 4595//4595 3969//3969 4596//4596
f 4596//4596 3969//3969 3964//3964
f 4596//4596 3964//3964 4597//4597
f 4596//4596 4597//4597 4595//4595
f 4597//4597 3964//3964 3963//3963
f 4597//4597 3963//3963 4598//4598
f 4598//4598 3963//3963 3940//3940
f 4598//4598 3940//3940 3936//3936
f 4598//4598 3936//3936 4599//4599
f 4599//4599 3936//3936 4600//4600
f 4600//4600 3936//3936 3935//3935
f 4599//4599 4600//4600 4601//4601
f 4599//4599 4601//4601 4602//4602
f 4599//4599 4602//4602 4598//4598
f 4598//4598 4602//4602 4603//4603
f 4603//4603 4602//4602 4601//4601
f 4603//4603 4601//4601 4604//4604
f 4604//4604 4601//4601 4605//4605
f 4605//4605 4601//4601 4600//4600
f 4605//4605 4600//4600 3935//3935
f 4605//4605 3935//3935 4606//4606
f 4606//4606 3935//3935 3934//3934
f 4605//4605 4606//4606 4607//4607
f 4606//4606 3934//3934 4608//4608
f 4606//4606 4608//4608 4607//4607
f 4608//4608 3934//3934 4609//4609
f 4609//4609 3934//3934 3933//3933
f 4609//4609 3933//3933 4610//4610
f 4609//4609 4610//4610 4608//4608
f 4610//4610 3933//3933 4611//4611
f 4611//4611 3933//3933 4612//4612
f 4612//4612 3933//3933 3932//3932
f 4612//4612 3932//3932 4613//4613
f 4613//4613 3932//3932 3931//3931
f 4613//4613 3931//3931 4612//4612
f 4612//4612 3931//3931 4614//4614
f 4614//4614 3931//3931 3930//3930
f 4614//4614 3930//3930 3929//3929
f 4614//4614 3929//3929 4615//4615
f 4615//4615 3929//3929 3927//3927
f 4615//4615 3927//3927 3926//3926
f 4615//4615 3926//3926 4616//4616
f 4615//4615 4616//4616 4617//4617
f 4616//4616 3926//3926 4618//4618
f 4618//4618 3926//3926 4619//4619
f 4618//4618 4619//4619 4616//4616
f 4619//4619 3926//3926 3925//3925
f 4619//4619 3925//3925 4620//4620
f 4620//4620 3925//3925 3924//3924
f 4620//4620 3924//3924 4621//4621
f 4620//4620 4621//4621 4619//4619
f 4621//4621 3924//3924 4622//4622
f 4622//4622 3924//3924 3899//3899
f 4622//4622 3899//3899 3898//3898
f 4622//4622 3898//3898 3896//3896
f 4622//4622 3896//3896 3897//3897
f 4622//4622 3897//3897 4623//4623
f 4623//4623 3897//3897 4624//4624
f 4624//4624 3897//3897 3895//3895
f 4623//4623 4624//4624 4625//4625
f 4623//4623 4625//4625 4622//4622
f 4622//4622 4625//4625 4626//4626
f 4622//4622 4626//4626 4621//4621
f 4621//4621 4626//4626 4627//4627
f 4627//4627 4626//4626 4628//4628
f 4628//4628 4626//4626 4625//4625
f 4627//4627 4628//4628 4629//4629
f 4627//4627 4629//4629 4630//4630
f 4627//4627 4630//4630 4621//4621
f 4621//4621 4630//4630 4631//4631
f 4621//4621 4631//4631 4632//4632
f 4621//4621 4632//4632 4619//4619
f 4632//4632 4631//4631 4633//4633
f 4633//4633 4631//4631 4634//4634
f 4634//4634 4631//4631 4630//4630
f 4634//4634 4630//4630 4635//4635
f 4635//4635 4630//4630 4636//4636
f 4636//4636 4630//4630 4629//4629
f 4636//4636 4629//4629 4637//4637
f 4637//4637 4629//4629 4628//4628
f 4637//4637 4628//4628 4638//4638
f 4637//4637 4638//4638 4636//4636
f 4638//4638 4628//4628 4625//4625
f 4638//4638 4625//4625 4639//4639
f 4639//4639 4625//4625 4624//4624
f 4639//4639 4624//4624 4640//4640
f 4640//4640 4624//4624 3895//3895
f 4640//4640 3895//3895 4641//4641
f 4641//4641 3895//3895 3893//3893
f 4641//4641 3893//3893 4642//4642
f 4642//4642 3893//3893 3892//3892
f 4641//4641 4642//4642 4643//4643
f 4643//4643 4642//4642 3892//3892
f 4641//4641 4643//4643 4640//4640
f 4643//4643 3892//3892 4644//4644
f 4644//4644 3892//3892 3891//3891
f 4644//4644 3891//3891 4645//4645
f 4645//4645 3891//3891 3890//3890
f 4645//4645 3890//3890 3889//3889
f 4645//4645 3889//3889 4646//4646
f 4646//4646 3889//3889 3888//3888
f 4646//4646 3888//3888 4647//4647
f 4647//4647 3888//3888 4648//4648
f 4648//4648 3888//3888 4649//4649
f 4649//4649 3888//3888 3887//3887
f 4649//4649 3887//3887 4650//4650
f 4649//4649 4650//4650 4648//4648
f 4650//4650 3887//3887 3886//3886
f 4648//4648 4650//4650 4651//4651
f 4648//4648 4651//4651 4647//4647
f 4651//4651 4650//4650 4652//4652
f 4652//4652 4650//4650 3886//3886
f 4652//4652 3886//3886 4653//4653
f 4653//4653 3886//3886 3885//3885
f 4653//4653 3885//3885 4654//4654
f 4654//4654 3885//3885 3879//3879
f 4654//4654 3879//3879 3702//3702
f 3702//3702 3879//3879 3703//3703
f 4654//4654 3702//3702 4655//4655
f 4654//4654 4655//4655 4653//4653
f 4655//4655 3702//3702 4656//4656
f 4656//4656 3702//3702 3701//3701
f 4656//4656 3701//3701 4657//4657
f 4656//4656 4657//4657 4655//4655
f 4657//4657 3701//3701 3699//3699
f 4657//4657 3699//3699 4658//4658
f 4658//4658 3699//3699 3697//3697
f 4658//4658 3697//3697 4659//4659
f 4659//4659 3697//3697 3692//3692
f 4659//4659 3692//3692 4660//4660
f 4659//4659 4660//4660 4658//4658
f 4660//4660 3692//3692 213//213
f 4660//4660 213//213 4661//4661
f 4661//4661 213//213 212//212
f 4661//4661 212//212 4662//4662
f 4662//4662 212//212 211//211
f 4662//4662 211//211 208//208
f 4662//4662 208//208 4663//4663
f 4663//4663 208//208 207//207
f 4662//4662 4663//4663 4664//4664
f 4662//4662 4664//4664 4661//4661
f 4661//4661 4664//4664 4660//4660
f 4660//4660 4664//4664 4658//4658
f 4658//4658 4664//4664 4665//4665
f 4658//4658 4665//4665 4657//4657
f 4665//4665 4664//4664 4666//4666
f 4665//4665 4666//4666 4657//4657
f 4666//4666 4664//4664 4663//4663
f 4666//4666 4663//4663 207//207
f 4666//4666 207//207 4667//4667
f 4666//4666 4667//4667 2313//2313
f 2313//2313 4667//4667 4668//4668
f 4668//4668 4667//4667 207//207
f 2313//2313 4668//4668 2314//2314
f 2314//2314 4668//4668 207//207
f 2314//2314 207//207 206//206
f 4666//4666 2313//2313 2312//2312
f 4666//4666 2312//2312 4669//4669
f 4666//4666 4669//4669 4657//4657
f 4657//4657 4669//4669 4655//4655
f 4655//4655 4669//4669 4653//4653
f 4653//4653 4669//4669 4670//4670
f 4653//4653 4670//4670 4652//4652
f 4652//4652 4670//4670 4671//4671
f 4652//4652 4671//4671 4651//4651
f 4671//4671 4670//4670 4672//4672
f 4672//4672 4670//4670 4669//4669
f 4672//4672 4669//4669 4673//4673
f 4673//4673 4669//4669 2312//2312
f 4673//4673 2312//2312 2310//2310
f 4673//4673 2310//2310 4674//4674
f 4674//4674 2310//2310 2297//2297
f 4673//4673 4674//4674 4675//4675
f 4673//4673 4675//4675 4676//4676
f 4673//4673 4676//4676 4672//4672
f 4672//4672 4676//4676 4677//4677
f 4677//4677 4676//4676 4675//4675
f 4672//4672 4677//4677 4678//4678
f 4672//4672 4678//4678 4671//4671
f 4678//4678 4677//4677 4679//4679
f 4678//4678 4679//4679 4680//4680
f 4678//4678 4680//4680 4681//4681
f 4678//4678 4681//4681 4671//4671
f 4681//4681 4680//4680 4682//4682
f 4682//4682 4680//4680 4683//4683
f 4683//4683 4680//4680 4679//4679
f 4683//4683 4679//4679 4684//4684
f 4684//4684 4679//4679 4677//4677
f 4684//4684 4677//4677 4685//4685
f 4685//4685 4677//4677 4675//4675
f 4684//4684 4685//4685 4686//4686
f 4684//4684 4686//4686 4683//4683
f 4686//4686 4685//4685 4687//4687
f 4686//4686 4687//4687 4688//4688
f 4686//4686 4688//4688 4683//4683
f 4688//4688 4687//4687 4689//4689
f 4688//4688 4689//4689 4690//4690
f 4688//4688 4690//4690 4683//4683
f 4683//4683 4690//4690 4691//4691
f 4683//4683 4691//4691 4692//4692
f 4691//4691 4690//4690 4693//4693
f 4693//4693 4690//4690 4694//4694
f 4694//4694 4690//4690 4689//4689
f 4694//4694 4689//4689 4695//4695
f 4695//4695 4689//4689 4696//4696
f 4696//4696 4689//4689 4687//4687
f 4696//4696 4687//4687 4697//4697
f 4697//4697 4687//4687 4685//4685
f 4697//4697 4685//4685 4675//4675
f 4697//4697 4675//4675 4674//4674
f 4697//4697 4674//4674 2297//2297
f 4697//4697 2297//2297 4696//4696
f 4696//4696 2297//2297 2296//2296
f 4696//4696 2296//2296 4698//4698
f 4696//4696 4698//4698 4695//4695
f 4698//4698 2296//2296 2295//2295
f 4698//4698 2295//2295 4695//4695
f 4695//4695 2295//2295 4699//4699
f 4695//4695 4699//4699 4694//4694
f 4699//4699 2295//2295 2285//2285
f 4699//4699 2285//2285 4700//4700
f 4700//4700 2285//2285 2283//2283
f 4699//4699 4700//4700 4701//4701
f 4701//4701 4700//4700 2283//2283
f 4699//4699 4701//4701 4694//4694
f 4701//4701 2283//2283 2255//2255
f 4694//4694 4701//4701 4693//4693
f 4701//4701 2255//2255 2254//2254
f 4701//4701 2254//2254 4693//4693
f 4693//4693 2254//2254 2253//2253
f 4693//4693 2253//2253 4702//4702
f 4693//4693 4702//4702 4691//4691
f 4691//4691 4702//4702 4692//4692
f 4692//4692 4702//4702 4703//4703
f 4692//4692 4703//4703 4704//4704
f 4692//4692 4704//4704 4705//4705
f 4692//4692 4705//4705 4706//4706
f 4692//4692 4706//4706 4707//4707
f 4692//4692 4707//4707 4683//4683
f 4683//4683 4707//4707 4706//4706
f 4683//4683 4706//4706 4682//4682
f 4682//4682 4706//4706 4708//4708
f 4682//4682 4708//4708 4681//4681
f 4708//4708 4706//4706 4709//4709
f 4708//4708 4709//4709 4681//4681
f 4709//4709 4706//4706 4705//4705
f 4709//4709 4705//4705 4710//4710
f 4710//4710 4705//4705 4711//4711
f 4711//4711 4705//4705 4704//4704
f 4710//4710 4711//4711 4712//4712
f 4710//4710 4712//4712 4713//4713
f 4710//4710 4713//4713 4709//4709
f 4713//4713 4712//4712 4646//4646
f 4713//4713 4646//4646 4647//4647
f 4713//4713 4647//4647 4714//4714
f 4714//4714 4647//4647 4651//4651
f 4714//4714 4651//4651 4715//4715
f 4715//4715 4651//4651 4671//4671
f 4714//4714 4715//4715 4716//4716
f 4714//4714 4716//4716 4713//4713
f 4713//4713 4716//4716 4717//4717
f 4713//4713 4717//4717 4709//4709
f 4709//4709 4717//4717 4716//4716
f 4709//4709 4716//4716 4715//4715
f 4709//4709 4715//4715 4681//4681
f 4681//4681 4715//4715 4718//4718
f 4718//4718 4715//4715 4671//4671
f 4718//4718 4671//4671 4681//4681
f 4719//4719 4646//4646 4712//4712
f 4646//4646 4719//4719 4645//4645
f 4645//4645 4719//4719 4720//4720
f 4645//4645 4720//4720 4721//4721
f 4645//4645 4721//4721 4644//4644
f 4721//4721 4720//4720 4722//4722
f 4722//4722 4720//4720 4719//4719
f 4721//4721 4722//4722 4723//4723
f 4721//4721 4723//4723 4644//4644
f 4644//4644 4723//4723 4724//4724
f 4644//4644 4724//4724 4643//4643
f 4643//4643 4724//4724 4725//4725
f 4725//4725 4724//4724 4726//4726
f 4726//4726 4724//4724 4723//4723
f 4726//4726 4723//4723 4727//4727
f 4727//4727 4723//4723 4722//4722
f 4727//4727 4722//4722 4728//4728
f 4728//4728 4722//4722 4729//4729
f 4729//4729 4722//4722 4719//4719
f 4729//4729 4719//4719 4730//4730
f 4730//4730 4719//4719 4731//4731
f 4731//4731 4719//4719 4712//4712
f 4730//4730 4731//4731 4732//4732
f 4730//4730 4732//4732 4729//4729
f 4729//4729 4732//4732 4733//4733
f 4729//4729 4733//4733 4734//4734
f 4729//4729 4734//4734 4728//4728
f 4728//4728 4734//4734 4735//4735
f 4728//4728 4735//4735 4727//4727
f 4727//4727 4735//4735 4736//4736
f 4727//4727 4736//4736 4726//4726
f 4726//4726 4736//4736 4737//4737
f 4726//4726 4737//4737 4725//4725
f 4725//4725 4737//4737 4643//4643
f 4643//4643 4737//4737 4738//4738
f 4643//4643 4738//4738 4739//4739
f 4643//4643 4739//4739 4640//4640
f 4640//4640 4739//4739 4740//4740
f 4640//4640 4740//4740 4639//4639
f 4639//4639 4740//4740 4741//4741
f 4741//4741 4740//4740 4739//4739
f 4639//4639 4741//4741 4638//4638
f 4638//4638 4741//4741 4636//4636
f 4636//4636 4741//4741 4742//4742
f 4636//4636 4742//4742 4743//4743
f 4636//4636 4743//4743 4635//4635
f 4635//4635 4743//4743 4744//4744
f 4635//4635 4744//4744 4634//4634
f 4634//4634 4744//4744 4745//4745
f 4634//4634 4745//4745 4633//4633
f 4745//4745 4744//4744 4746//4746
f 4633//4633 4745//4745 4747//4747
f 4747//4747 4745//4745 4746//4746
f 4633//4633 4747//4747 4748//4748
f 4633//4633 4748//4748 4632//4632
f 4632//4632 4748//4748 4749//4749
f 4632//4632 4749//4749 4619//4619
f 4619//4619 4749//4749 4750//4750
f 4619//4619 4750//4750 4751//4751
f 4619//4619 4751//4751 4616//4616
f 4616//4616 4751//4751 4617//4617
f 4617//4617 4751//4751 4752//4752
f 4617//4617 4752//4752 4615//4615
f 4615//4615 4752//4752 4753//4753
f 4615//4615 4753//4753 4754//4754
f 4615//4615 4754//4754 4614//4614
f 4614//4614 4754//4754 4755//4755
f 4755//4755 4754//4754 4753//4753
f 4614//4614 4755//4755 4612//4612
f 4612//4612 4755//4755 4756//4756
f 4756//4756 4755//4755 4753//4753
f 4756//4756 4753//4753 4757//4757
f 4757//4757 4753//4753 4752//4752
f 4757//4757 4752//4752 4758//4758
f 4758//4758 4752//4752 4759//4759
f 4759//4759 4752//4752 4751//4751
f 4759//4759 4751//4751 4760//4760
f 4760//4760 4751//4751 4750//4750
f 4760//4760 4750//4750 4749//4749
f 4760//4760 4749//4749 4761//4761
f 4760//4760 4761//4761 4759//4759
f 4759//4759 4761//4761 4762//4762
f 4759//4759 4762//4762 4758//4758
f 4762//4762 4761//4761 4763//4763
f 4763//4763 4761//4761 4749//4749
f 4763//4763 4749//4749 4764//4764
f 4764//4764 4749//4749 4748//4748
f 4763//4763 4764//4764 4765//4765
f 4763//4763 4765//4765 4766//4766
f 4763//4763 4766//4766 4762//4762
f 4762//4762 4766//4766 4758//4758
f 4758//4758 4766//4766 4767//4767
f 4767//4767 4766//4766 4768//4768
f 4768//4768 4766//4766 4765//4765
f 4768//4768 4765//4765 4769//4769
f 4769//4769 4765//4765 4764//4764
f 4768//4768 4769//4769 4770//4770
f 4768//4768 4770//4770 4767//4767
f 4767//4767 4770//4770 4758//4758
f 4758//4758 4770//4770 4771//4771
f 4758//4758 4771//4771 4772//4772
f 4758//4758 4772//4772 4773//4773
f 4758//4758 4773//4773 4757//4757
f 4773//4773 4772//4772 4774//4774
f 4774//4774 4772//4772 4771//4771
f 4774//4774 4771//4771 4775//4775
f 4774//4774 4775//4775 4773//4773
f 4775//4775 4771//4771 4776//4776
f 4775//4775 4776//4776 4773//4773
f 4776//4776 4771//4771 4770//4770
f 4773//4773 4776//4776 4777//4777
f 4773//4773 4777//4777 4778//4778
f 4773//4773 4778//4778 4779//4779
f 4773//4773 4779//4779 4757//4757
f 4757//4757 4779//4779 4780//4780
f 4757//4757 4780//4780 4756//4756
f 4780//4780 4779//4779 4781//4781
f 4781//4781 4779//4779 4778//4778
f 4781//4781 4778//4778 4782//4782
f 4782//4782 4778//4778 4777//4777
f 4782//4782 4777//4777 4783//4783
f 4783//4783 4777//4777 4776//4776
f 4782//4782 4783//4783 4784//4784
f 4783//4783 4776//4776 4785//4785
f 4783//4783 4785//4785 4786//4786
f 4783//4783 4786//4786 4787//4787
f 4783//4783 4787//4787 4784//4784
f 4787//4787 4786//4786 4788//4788
f 4788//4788 4786//4786 4789//4789
f 4789//4789 4786//4786 4785//4785
f 4789//4789 4785//4785 4790//4790
f 4789//4789 4790//4790 4791//4791
f 4789//4789 4791//4791 4792//4792
f 4789//4789 4792//4792 4788//4788
f 4788//4788 4792//4792 4787//4787
f 4787//4787 4792//4792 4793//4793
f 4793//4793 4792//4792 4794//4794
f 4794//4794 4792//4792 4795//4795
f 4795//4795 4792//4792 4791//4791
f 4795//4795 4791//4791 4796//4796
f 4796//4796 4791//4791 4790//4790
f 4796//4796 4790//4790 4797//4797
f 4797//4797 4790//4790 4785//4785
f 4797//4797 4785//4785 4798//4798
f 4798//4798 4785//4785 4799//4799
f 4799//4799 4785//4785 4776//4776
f 4799//4799 4776//4776 4800//4800
f 4799//4799 4800//4800 4801//4801
f 4799//4799 4801//4801 4798//4798
f 4801//4801 4800//4800 4802//4802
f 4802//4802 4800//4800 4803//4803
f 4803//4803 4800//4800 4804//4804
f 4804//4804 4800//4800 4776//4776
f 4804//4804 4776//4776 4770//4770
f 4804//4804 4770//4770 4805//4805
f 4805//4805 4770//4770 4806//4806
f 4806//4806 4770//4770 4769//4769
f 4805//4805 4806//4806 4807//4807
f 4805//4805 4807//4807 4808//4808
f 4805//4805 4808//4808 4804//4804
f 4804//4804 4808//4808 4809//4809
f 4809//4809 4808//4808 4807//4807
f 4804//4804 4809//4809 4810//4810
f 4804//4804 4810//4810 4803//4803
f 4803//4803 4810//4810 4802//4802
f 4802//4802 4810//4810 4811//4811
f 4802//4802 4811//4811 4801//4801
f 4801//4801 4811//4811 4812//4812
f 4801//4801 4812//4812 4798//4798
f 4812//4812 4811//4811 4813//4813
f 4813//4813 4811//4811 4814//4814
f 4814//4814 4811//4811 4810//4810
f 4814//4814 4810//4810 4815//4815
f 4815//4815 4810//4810 4809//4809
f 4815//4815 4809//4809 4816//4816
f 4815//4815 4816//4816 4817//4817
f 4815//4815 4817//4817 4814//4814
f 4817//4817 4816//4816 4818//4818
f 4817//4817 4818//4818 4819//4819
f 4817//4817 4819//4819 4814//4814
f 4814//4814 4819//4819 4820//4820
f 4814//4814 4820//4820 4821//4821
f 4814//4814 4821//4821 4822//4822
f 4814//4814 4822//4822 4823//4823
f 4814//4814 4823//4823 4813//4813
f 4813//4813 4823//4823 4812//4812
f 4812//4812 4823//4823 4824//4824
f 4824//4824 4823//4823 4822//4822
f 4824//4824 4822//4822 4825//4825
f 4825//4825 4822//4822 4826//4826
f 4826//4826 4822//4822 4821//4821
f 4826//4826 4821//4821 4827//4827
f 4827//4827 4821//4821 4828//4828
f 4828//4828 4821//4821 4820//4820
f 4828//4828 4820//4820 4829//4829
f 4829//4829 4820//4820 4819//4819
f 4829//4829 4819//4819 4830//4830
f 4829//4829 4830//4830 4828//4828
f 4830//4830 4819//4819 4831//4831
f 4831//4831 4819//4819 4818//4818
f 4831//4831 4818//4818 4832//4832
f 4832//4832 4818//4818 4816//4816
f 4832//4832 4816//4816 4833//4833
f 4833//4833 4816//4816 4809//4809
f 4833//4833 4809//4809 4807//4807
f 4833//4833 4807//4807 4834//4834
f 4834//4834 4807//4807 4806//4806
f 4834//4834 4806//4806 4835//4835
f 4835//4835 4806//4806 4836//4836
f 4836//4836 4806//4806 4769//4769
f 4835//4835 4836//4836 4837//4837
f 4835//4835 4837//4837 4834//4834
f 4834//4834 4837//4837 4833//4833
f 4833//4833 4837//4837 4838//4838
f 4833//4833 4838//4838 4839//4839
f 4833//4833 4839//4839 4832//4832
f 4832//4832 4839//4839 4840//4840
f 4832//4832 4840//4840 4831//4831
f 4831//4831 4840//4840 4841//4841
f 4841//4841 4840//4840 4839//4839
f 4831//4831 4841//4841 4830//4830
f 4841//4841 4839//4839 4842//4842
f 4842//4842 4839//4839 4838//4838
f 4842//4842 4838//4838 4843//4843
f 4843//4843 4838//4838 4844//4844
f 4844//4844 4838//4838 4837//4837
f 4844//4844 4837//4837 4845//4845
f 4845//4845 4837//4837 4836//4836
f 4845//4845 4836//4836 4846//4846
f 4846//4846 4836//4836 4769//4769
f 4846//4846 4769//4769 4847//4847
f 4847//4847 4769//4769 4764//4764
f 4847//4847 4764//4764 4848//4848
f 4847//4847 4848//4848 4846//4846
f 4848//4848 4764//4764 4849//4849
f 4849//4849 4764//4764 4748//4748
f 4849//4849 4748//4748 4848//4848
f 4848//4848 4748//4748 4747//4747
f 4848//4848 4747//4747 4846//4846
f 4846//4846 4747//4747 4746//4746
f 4846//4846 4746//4746 4850//4850
f 4850//4850 4746//4746 4744//4744
f 4846//4846 4850//4850 4851//4851
f 4846//4846 4851//4851 4845//4845
f 4845//4845 4851//4851 4852//4852
f 4845//4845 4852//4852 4844//4844
f 4852//4852 4851//4851 4853//4853
f 4853//4853 4851//4851 4850//4850
f 4852//4852 4853//4853 4854//4854
f 4852//4852 4854//4854 4844//4844
f 4844//4844 4854//4854 4855//4855
f 4844//4844 4855//4855 4843//4843
f 4843//4843 4855//4855 4842//4842
f 4842//4842 4855//4855 4856//4856
f 4842//4842 4856//4856 4841//4841
f 4841//4841 4856//4856 4857//4857
f 4841//4841 4857//4857 4858//4858
f 4841//4841 4858//4858 4859//4859
f 4841//4841 4859//4859 4830//4830
f 4859//4859 4858//4858 4860//4860
f 4859//4859 4860//4860 4830//4830
f 4860//4860 4858//4858 4861//4861
f 4861//4861 4858//4858 4857//4857
f 4861//4861 4857//4857 4862//4862
f 4862//4862 4857//4857 4856//4856
f 4862//4862 4856//4856 4863//4863
f 4863//4863 4856//4856 4855//4855
f 4863//4863 4855//4855 4864//4864
f 4864//4864 4855//4855 4854//4854
f 4863//4863 4864//4864 4865//4865
f 4863//4863 4865//4865 4862//4862
f 4865//4865 4864//4864 4866//4866
f 4866//4866 4864//4864 4854//4854
f 4866//4866 4854//4854 4867//4867
f 4867//4867 4854//4854 4853//4853
f 4867//4867 4853//4853 4868//4868
f 4868//4868 4853//4853 4850//4850
f 4868//4868 4850//4850 4869//4869
f 4869//4869 4850//4850 4870//4870
f 4870//4870 4850//4850 4744//4744
f 4870//4870 4744//4744 4871//4871
f 4870//4870 4871//4871 4869//4869
f 4871//4871 4744//4744 4743//4743
f 4871//4871 4743//4743 4742//4742
f 4871//4871 4742//4742 4872//4872
f 4872//4872 4742//4742 4873//4873
f 4873//4873 4742//4742 4741//4741
f 4872//4872 4873//4873 4874//4874
f 4874//4874 4873//4873 4875//4875
f 4874//4874 4875//4875 4876//4876
f 4874//4874 4876//4876 4877//4877
f 4874//4874 4877//4877 4872//4872
f 4872//4872 4877//4877 4878//4878
f 4872//4872 4878//4878 4879//4879
f 4872//4872 4879//4879 4871//4871
f 4879//4879 4878//4878 4880//4880
f 4880//4880 4878//4878 4881//4881
f 4881//4881 4878//4878 4877//4877
f 4880//4880 4881//4881 4882//4882
f 4882//4882 4881//4881 4883//4883
f 4883//4883 4881//4881 4877//4877
f 4883//4883 4877//4877 4884//4884
f 4885//4885 4884//4884 4883//4883
f 4885//4885 4883//4883 4884//4884
f 4883//4883 4884//4884 4886//4886
f 4883//4883 4886//4886 4887//4887
f 4883//4883 4887//4887 4888//4888
f 4883//4883 4888//4888 4882//4882
f 4882//4882 4888//4888 4889//4889
f 4882//4882 4889//4889 4890//4890
f 4882//4882 4890//4890 4880//4880
f 4880//4880 4890//4890 4891//4891
f 4880//4880 4891//4891 4879//4879
f 4879//4879 4891//4891 4871//4871
f 4871//4871 4891//4891 4892//4892
f 4871//4871 4892//4892 4869//4869
f 4869//4869 4892//4892 4868//4868
f 4868//4868 4892//4892 4867//4867
f 4867//4867 4892//4892 4893//4893
f 4893//4893 4892//4892 4891//4891
f 4867//4867 4893//4893 4894//4894
f 4894//4894 4893//4893 4891//4891
f 4894//4894 4891//4891 4890//4890
f 4894//4894 4890//4890 4866//4866
f 4894//4894 4866//4866 4867//4867
f 4866//4866 4890//4890 4865//4865
f 4865//4865 4890//4890 4889//4889
f 4865//4865 4889//4889 4895//4895
f 4895//4895 4889//4889 4896//4896
f 4896//4896 4889//4889 4888//4888
f 4896//4896 4888//4888 4897//4897
f 4896//4896 4897//4897 4895//4895
f 4897//4897 4888//4888 4898//4898
f 4898//4898 4888//4888 4887//4887
f 4897//4897 4898//4898 4899//4899
f 4897//4897 4899//4899 4895//4895
f 4895//4895 4899//4899 4900//4900
f 4895//4895 4900//4900 4865//4865
f 4865//4865 4900//4900 4901//4901
f 4865//4865 4901//4901 4862//4862
f 4901//4901 4900//4900 4902//4902
f 4901//4901 4902//4902 4903//4903
f 4903//4903 4902//4902 4900//4900
f 4901//4901 4903//4903 4862//4862
f 4862//4862 4903//4903 4904//4904
f 4862//4862 4904//4904 4861//4861
f 4904//4904 4903//4903 4905//4905
f 4905//4905 4903//4903 4900//4900
f 4905//4905 4900//4900 4899//4899
f 4905//4905 4899//4899 4906//4906
f 4906//4906 4899//4899 4898//4898
f 4905//4905 4906//4906 4907//4907
f 4905//4905 4907//4907 4908//4908
f 4905//4905 4908//4908 4904//4904
f 4904//4904 4908//4908 4909//4909
f 4904//4904 4909//4909 4861//4861
f 4861//4861 4909//4909 4910//4910
f 4861//4861 4910//4910 4860//4860
f 4860//4860 4910//4910 4911//4911
f 4860//4860 4911//4911 4830//4830
f 4830//4830 4911//4911 4912//4912
f 4912//4912 4911//4911 4910//4910
f 4830//4830 4912//4912 4828//4828
f 4828//4828 4912//4912 4827//4827
f 4827//4827 4912//4912 4913//4913
f 4827//4827 4913//4913 4826//4826
f 4913//4913 4912//4912 4914//4914
f 4914//4914 4912//4912 4910//4910
f 4914//4914 4910//4910 4915//4915
f 4915//4915 4910//4910 4916//4916
f 4916//4916 4910//4910 4909//4909
f 4916//4916 4909//4909 4917//4917
f 4916//4916 4917//4917 4918//4918
f 4916//4916 4918//4918 4919//4919
f 4916//4916 4919//4919 4915//4915
f 4915//4915 4919//4919 4920//4920
f 4915//4915 4920//4920 4914//4914
f 4914//4914 4920//4920 4913//4913
f 4913//4913 4920//4920 4921//4921
f 4913//4913 4921//4921 4826//4826
f 4826//4826 4921//4921 4922//4922
f 4922//4922 4921//4921 4920//4920
f 4826//4826 4922//4922 4923//4923
f 4826//4826 4923//4923 4825//4825
f 4923//4923 4922//4922 4924//4924
f 4924//4924 4922//4922 4925//4925
f 4925//4925 4922//4922 4926//4926
f 4926//4926 4922//4922 4920//4920
f 4926//4926 4920//4920 4927//4927
f 4927//4927 4920//4920 4919//4919
f 4927//4927 4919//4919 4928//4928
f 4928//4928 4919//4919 4918//4918
f 4928//4928 4918//4918 4929//4929
f 4928//4928 4929//4929 4927//4927
f 4929//4929 4918//4918 4917//4917
f 4929//4929 4917//4917 4930//4930
f 4930//4930 4917//4917 4909//4909
f 4930//4930 4909//4909 4931//4931
f 4931//4931 4909//4909 4932//4932
f 4932//4932 4909//4909 4908//4908
f 4932//4932 4908//4908 4933//4933
f 4933//4933 4908//4908 4934//4934
f 4934//4934 4908//4908 4907//4907
f 4934//4934 4907//4907 4935//4935
f 4935//4935 4907//4907 4906//4906
f 4935//4935 4906//4906 4898//4898
f 4935//4935 4898//4898 4936//4936
f 4936//4936 4898//4898 4937//4937
f 4937//4937 4898//4898 4887//4887
f 4936//4936 4937//4937 4938//4938
f 4936//4936 4938//4938 4935//4935
f 4938//4938 4937//4937 4939//4939
f 4939//4939 4937//4937 4940//4940
f 4940//4940 4937//4937 4887//4887
f 4939//4939 4940//4940 4941//4941
f 4939//4939 4941//4941 4938//4938
f 4941//4941 4940//4940 4942//4942
f 4942//4942 4940//4940 4943//4943
f 4943//4943 4940//4940 4887//4887
f 4942//4942 4943//4943 4944//4944
f 4942//4942 4944//4944 4941//4941
f 4944//4944 4943//4943 4945//4945
f 4941//4941 4944//4944 4946//4946
f 4941//4941 4946//4946 4947//4947
f 4941//4941 4947//4947 4938//4938
f 4938//4938 4947//4947 4948//4948
f 4938//4938 4948//4948 4935//4935
f 4935//4935 4948//4948 4949//4949
f 4935//4935 4949//4949 4934//4934
f 4934//4934 4949//4949 4950//4950
f 4934//4934 4950//4950 4951//4951
f 4934//4934 4951//4951 4933//4933
f 4933//4933 4951//4951 4932//4932
f 4932//4932 4951//4951 4931//4931
f 4931//4931 4951//4951 4952//4952
f 4931//4931 4952//4952 4930//4930
f 4930//4930 4952//4952 4953//4953
f 4930//4930 4953//4953 4929//4929
f 4953//4953 4952//4952 4954//4954
f 4954//4954 4952//4952 4955//4955
f 4955//4955 4952//4952 4951//4951
f 4955//4955 4951//4951 4956//4956
f 4956//4956 4951//4951 4950//4950
f 4955//4955 4956//4956 4957//4957
f 4955//4955 4957//4957 4958//4958
f 4955//4955 4958//4958 4954//4954
f 4954//4954 4958//4958 4959//4959
f 4959//4959 4958//4958 4957//4957
f 4954//4954 4959//4959 4953//4953
f 4953//4953 4959//4959 4960//4960
f 4960//4960 4959//4959 4961//4961
f 4961//4961 4959//4959 4957//4957
f 4961//4961 4957//4957 4962//4962
f 4962//4962 4957//4957 4956//4956
f 4961//4961 4962//4962 4963//4963
f 4962//4962 4956//4956 4964//4964
f 4962//4962 4964//4964 4963//4963
f 4963//4963 4964//4964 4965//4965
f 4963//4963 4965//4965 4966//4966
f 4963//4963 4966//4966 4961//4961
f 4966//4966 4965//4965 4967//4967
f 4967//4967 4965//4965 4968//4968
f 4968//4968 4965//4965 4964//4964
f 4968//4968 4964//4964 4969//4969
f 4969//4969 4964//4964 4970//4970
f 4970//4970 4964//4964 4956//4956
f 4970//4970 4956//4956 4971//4971
f 4971//4971 4956//4956 4950//4950
f 4971//4971 4950//4950 4972//4972
f 4972//4972 4950//4950 4949//4949
f 4972//4972 4949//4949 4973//4973
f 4972//4972 4973//4973 4971//4971
f 4973//4973 4949//4949 4974//4974
f 4974//4974 4949//4949 4948//4948
f 4974//4974 4948//4948 4975//4975
f 4974//4974 4975//4975 4973//4973
f 4975//4975 4948//4948 4976//4976
f 4976//4976 4948//4948 4947//4947
f 4975//4975 4976//4976 4977//4977
f 4977//4977 4976//4976 4947//4947
f 4975//4975 4977//4977 4978//4978
f 4975//4975 4978//4978 4973//4973
f 4978//4978 4977//4977 4979//4979
f 4978//4978 4979//4979 4980//4980
f 4978//4978 4980//4980 4973//4973
f 4980//4980 4979//4979 4981//4981
f 4981//4981 4979//4979 4977//4977
f 4981//4981 4977//4977 4982//4982
f 4981//4981 4982//4982 4983//4983
f 4981//4981 4983//4983 4984//4984
f 4981//4981 4984//4984 4980//4980
f 4984//4984 4983//4983 4985//4985
f 4985//4985 4983//4983 4982//4982
f 4985//4985 4982//4982 4986//4986
f 4985//4985 4986//4986 4984//4984
f 4984//4984 4986//4986 4987//4987
f 4984//4984 4987//4987 4988//4988
f 4987//4987 4986//4986 4989//4989
f 4987//4987 4989//4989 4988//4988
f 4988//4988 4989//4989 4990//4990
f 4990//4990 4989//4989 4991//4991
f 4991//4991 4989//4989 4992//4992
f 4991//4991 4992//4992 4993//4993
f 4993//4993 4992//4992 4994//4994
f 4993//4993 4994//4994 4991//4991
f 4991//4991 4994//4994 4995//4995
f 4991//4991 4995//4995 4990//4990
f 4995//4995 4994//4994 4996//4996
f 4996//4996 4994//4994 4997//4997
f 4997//4997 4994//4994 4992//4992
f 4997//4997 4992//4992 4998//4998
f 4998//4998 4992//4992 4999//4999
f 4999//4999 4992//4992 4989//4989
f 4999//4999 4989//4989 5000//5000
f 5000//5000 4989//4989 4986//4986
f 5000//5000 4986//4986 5001//5001
f 5001//5001 4986//4986 4982//4982
f 5000//5000 5001//5001 5002//5002
f 5000//5000 5002//5002 5003//5003
f 5000//5000 5003//5003 4999//4999
f 4999//4999 5003//5003 5004//5004
f 4999//4999 5004//5004 4998//4998
f 5004//5004 5003//5003 5005//5005
f 5005//5005 5003//5003 5002//5002
f 5005//5005 5002//5002 5006//5006
f 5006//5006 5002//5002 5001//5001
f 5006//5006 5001//5001 5007//5007
f 5007//5007 5001//5001 4982//4982
f 5007//5007 4982//4982 5008//5008
f 5008//5008 4982//4982 4977//4977
f 5008//5008 4977//4977 5009//5009
f 5008//5008 5009//5009 5007//5007
f 5009//5009 4977//4977 4947//4947
f 5009//5009 4947//4947 4946//4946
f 5009//5009 4946//4946 5010//5010
f 5009//5009 5010//5010 5007//5007
f 5007//5007 5010//5010 5011//5011
f 5007//5007 5011//5011 5006//5006
f 5006//5006 5011//5011 5005//5005
f 5005//5005 5011//5011 5012//5012
f 5012//5012 5011//5011 5013//5013
f 5013//5013 5011//5011 5010//5010
f 5013//5013 5010//5010 5014//5014
f 5014//5014 5010//5010 4946//4946
f 5013//5013 5014//5014 5012//5012
f 5014//5014 4946//4946 4944//4944
f 5012//5012 5014//5014 5015//5015
f 5012//5012 5015//5015 5005//5005
f 5005//5005 5015//5015 5016//5016
f 5016//5016 5015//5015 5017//5017
f 5017//5017 5015//5015 5018//5018
f 5018//5018 5015//5015 5014//5014
f 5018//5018 5014//5014 5019//5019
f 5019//5019 5014//5014 4944//4944
f 5019//5019 4944//4944 5020//5020
f 5019//5019 5020//5020 5018//5018
f 5020//5020 4944//4944 4945//4945
f 5018//5018 5020//5020 5021//5021
f 5018//5018 5021//5021 5017//5017
f 5017//5017 5021//5021 5022//5022
f 5017//5017 5022//5022 5023//5023
f 5017//5017 5023//5023 5016//5016
f 5016//5016 5023//5023 5024//5024
f 5016//5016 5024//5024 5005//5005
f 5024//5024 5023//5023 5025//5025
f 5025//5025 5023//5023 5022//5022
f 5024//5024 5025//5025 5026//5026
f 5024//5024 5026//5026 5027//5027
f 5024//5024 5027//5027 5005//5005
f 5005//5005 5027//5027 5028//5028
f 5005//5005 5028//5028 5004//5004
f 5028//5028 5027//5027 5029//5029
f 5028//5028 5029//5029 5004//5004
f 5029//5029 5027//5027 5030//5030
f 5030//5030 5027//5027 5026//5026
f 5029//5029 5030//5030 5031//5031
f 5029//5029 5031//5031 5004//5004
f 5004//5004 5031//5031 4998//4998
f 4998//4998 5031//5031 5032//5032
f 4998//4998 5032//5032 4997//4997
f 4997//4997 5032//5032 5033//5033
f 4997//4997 5033//5033 4996//4996
f 5033//5033 5032//5032 5034//5034
f 5034//5034 5032//5032 5035//5035
f 5035//5035 5032//5032 5031//5031
f 5035//5035 5031//5031 5036//5036
f 5036//5036 5031//5031 5037//5037
f 5037//5037 5031//5031 5030//5030
f 5037//5037 5030//5030 5038//5038
f 5037//5037 5038//5038 5039//5039
f 5037//5037 5039//5039 5036//5036
f 5036//5036 5039//5039 5040//5040
f 5036//5036 5040//5040 5035//5035
f 5035//5035 5040//5040 5041//5041
f 5035//5035 5041//5041 5034//5034
f 5034//5034 5041//5041 5042//5042
f 5034//5034 5042//5042 5033//5033
f 5033//5033 5042//5042 5043//5043
f 5033//5033 5043//5043 4996//4996
f 4996//4996 5043//5043 5044//5044
f 4996//4996 5044//5044 5045//5045
f 4996//4996 5045//5045 4995//4995
f 4995//4995 5045//5045 5046//5046
f 5046//5046 5045//5045 5047//5047
f 5046//5046 5047//5047 4995//4995
f 4995//4995 5047//5047 5048//5048
f 4995//4995 5048//5048 4990//4990
f 4990//4990 5048//5048 5049//5049
f 4990//4990 5049//5049 4988//4988
f 4988//4988 5049//5049 5050//5050
f 5050//5050 5049//5049 5048//5048
f 4988//4988 5050//5050 5051//5051
f 4988//4988 5051//5051 4984//4984
f 4984//4984 5051//5051 4980//4980
f 4980//4980 5051//5051 5052//5052
f 4980//4980 5052//5052 5053//5053
f 4980//4980 5053//5053 5054//5054
f 4980//4980 5054//5054 4973//4973
f 4973//4973 5054//5054 5055//5055
f 4973//4973 5055//5055 4971//4971
f 4971//4971 5055//5055 5056//5056
f 4971//4971 5056//5056 4970//4970
f 5056//5056 5055//5055 5057//5057
f 5057//5057 5055//5055 5054//5054
f 5057//5057 5054//5054 5053//5053
f 5057//5057 5053//5053 5052//5052
f 5057//5057 5052//5052 5058//5058
f 5058//5058 5052//5052 5059//5059
f 5059//5059 5052//5052 5051//5051
f 5058//5058 5059//5059 5060//5060
f 5058//5058 5060//5060 5061//5061
f 5058//5058 5061//5061 5057//5057
f 5057//5057 5061//5061 5062//5062
f 5057//5057 5062//5062 5056//5056
f 5056//5056 5062//5062 4970//4970
f 4970//4970 5062//5062 4969//4969
f 4969//4969 5062//5062 4968//4968
f 4968//4968 5062//5062 5063//5063
f 5063//5063 5062//5062 5064//5064
f 5064//5064 5062//5062 5061//5061
f 5063//5063 5064//5064 5065//5065
f 5064//5064 5061//5061 5066//5066
f 5064//5064 5066//5066 5065//5065
f 5065//5065 5066//5066 5067//5067
f 5065//5065 5067//5067 5068//5068
f 5065//5065 5068//5068 5063//5063
f 5063//5063 5068//5068 5069//5069
f 5063//5063 5069//5069 4968//4968
f 4968//4968 5069//5069 4967//4967
f 4967//4967 5069//5069 5070//5070
f 4967//4967 5070//5070 4966//4966
f 4966//4966 5070//5070 5071//5071
f 4966//4966 5071//5071 4961//4961
f 5071//5071 5070//5070 5072//5072
f 4961//4961 5071//5071 5073//5073
f 5073//5073 5071//5071 5072//5072
f 4961//4961 5073//5073 5074//5074
f 4961//4961 5074//5074 4960//4960
f 4960//4960 5074//5074 5075//5075
f 4960//4960 5075//5075 4953//4953
f 4953//4953 5075//5075 4929//4929
f 4929//4929 5075//5075 5076//5076
f 4929//4929 5076//5076 4927//4927
f 4927//4927 5076//5076 5077//5077
f 5077//5077 5076//5076 5075//5075
f 4927//4927 5077//5077 4926//4926
f 4926//4926 5077//5077 5078//5078
f 4926//4926 5078//5078 5079//5079
f 4926//4926 5079//5079 4925//4925
f 4925//4925 5079//5079 5080//5080
f 4925//4925 5080//5080 4924//4924
f 4924//4924 5080//5080 5081//5081
f 5081//5081 5080//5080 5082//5082
f 5082//5082 5080//5080 5079//5079
f 5082//5082 5079//5079 5083//5083
f 5083//5083 5079//5079 5078//5078
f 5083//5083 5078//5078 5077//5077
f 5083//5083 5077//5077 5075//5075
f 5083//5083 5075//5075 5084//5084
f 5083//5083 5084//5084 5082//5082
f 5084//5084 5075//5075 5085//5085
f 5085//5085 5075//5075 5074//5074
f 5085//5085 5074//5074 5086//5086
f 5086//5086 5074//5074 5073//5073
f 5086//5086 5073//5073 5087//5087
f 5086//5086 5087//5087 5088//5088
f 5086//5086 5088//5088 5085//5085
f 5085//5085 5088//5088 5089//5089
f 5085//5085 5089//5089 5084//5084
f 5089//5089 5088//5088 5090//5090
f 5089//5089 5090//5090 5084//5084
f 5084//5084 5090//5090 5091//5091
f 5084//5084 5091//5091 5082//5082
f 5082//5082 5091//5091 5081//5081
f 5081//5081 5091//5091 5092//5092
f 5081//5081 5092//5092 4924//4924
f 4924//4924 5092//5092 4923//4923
f 4923//4923 5092//5092 5093//5093
f 4923//4923 5093//5093 5094//5094
f 4923//4923 5094//5094 4825//4825
f 4825//4825 5094//5094 5095//5095
f 4825//4825 5095//5095 4824//4824
f 4824//4824 5095//5095 5096//5096
f 4824//4824 5096//5096 4812//4812
f 4812//4812 5096//5096 5097//5097
f 4812//4812 5097//5097 4798//4798
f 4798//4798 5097//5097 5098//5098
f 5098//5098 5097//5097 5096//5096
f 4798//4798 5098//5098 5099//5099
f 4798//4798 5099//5099 4797//4797
f 5099//5099 5098//5098 5100//5100
f 5100//5100 5098//5098 5096//5096
f 5100//5100 5096//5096 5101//5101
f 5101//5101 5096//5096 5095//5095
f 5101//5101 5095//5095 5102//5102
f 5102//5102 5095//5095 5094//5094
f 5102//5102 5094//5094 5103//5103
f 5103//5103 5094//5094 5104//5104
f 5104//5104 5094//5094 5093//5093
f 5104//5104 5093//5093 5105//5105
f 5104//5104 5105//5105 5106//5106
f 5104//5104 5106//5106 5103//5103
f 5103//5103 5106//5106 5107//5107
f 5103//5103 5107//5107 5102//5102
f 5102//5102 5107//5107 5108//5108
f 5108//5108 5107//5107 5106//5106
f 5102//5102 5108//5108 5101//5101
f 5101//5101 5108//5108 5109//5109
f 5101//5101 5109//5109 5110//5110
f 5101//5101 5110//5110 5100//5100
f 5100//5100 5110//5110 5111//5111
f 5100//5100 5111//5111 5099//5099
f 5099//5099 5111//5111 5112//5112
f 5112//5112 5111//5111 5110//5110
f 5099//5099 5112//5112 4797//4797
f 4797//4797 5112//5112 4796//4796
f 4796//4796 5112//5112 5113//5113
f 4796//4796 5113//5113 4795//4795
f 5113//5113 5112//5112 5114//5114
f 4795//4795 5113//5113 5115//5115
f 5115//5115 5113//5113 5114//5114
f 5115//5115 5114//5114 5116//5116
f 5116//5116 5114//5114 5117//5117
f 5117//5117 5114//5114 5112//5112
f 5117//5117 5112//5112 5110//5110
f 5117//5117 5110//5110 5118//5118
f 5118//5118 5110//5110 5109//5109
f 5118//5118 5109//5109 5108//5108
f 5118//5118 5108//5108 5119//5119
f 5119//5119 5108//5108 5106//5106
f 5118//5118 5119//5119 5120//5120
f 5118//5118 5120//5120 5117//5117
f 5117//5117 5120//5120 5121//5121
f 5121//5121 5120//5120 5119//5119
f 5117//5117 5121//5121 5116//5116
f 5116//5116 5121//5121 5122//5122
f 5116//5116 5122//5122 5115//5115
f 5115//5115 5122//5122 5123//5123
f 5123//5123 5122//5122 5121//5121
f 5115//5115 5123//5123 5124//5124
f 5115//5115 5124//5124 4795//4795
f 4795//4795 5124//5124 5125//5125
f 4795//4795 5125//5125 4794//4794
f 5125//5125 5124//5124 5126//5126
f 4794//4794 5125//5125 5127//5127
f 5127//5127 5125//5125 5126//5126
f 4794//4794 5127//5127 5128//5128
f 4794//4794 5128//5128 4793//4793
f 4793//4793 5128//5128 5129//5129
f 4793//4793 5129//5129 4787//4787
f 5129//5129 5128//5128 5130//5130
f 5130//5130 5128//5128 5131//5131
f 5131//5131 5128//5128 5127//5127
f 5131//5131 5127//5127 5132//5132
f 5132//5132 5127//5127 5133//5133
f 5131//5131 5132//5132 5134//5134
f 5134//5134 5132//5132 5133//5133
f 5131//5131 5134//5134 5135//5135
f 5131//5131 5135//5135 5130//5130
f 5130//5130 5135//5135 5136//5136
f 5130//5130 5136//5136 5129//5129
f 5136//5136 5135//5135 5137//5137
f 5136//5136 5137//5137 5138//5138
f 5138//5138 5137//5137 5139//5139
f 5139//5139 5137//5137 5135//5135
f 5139//5139 5135//5135 5140//5140
f 5140//5140 5135//5135 5134//5134
f 5140//5140 5134//5134 5141//5141
f 5141//5141 5134//5134 5133//5133
f 5141//5141 5133//5133 5142//5142
f 5142//5142 5133//5133 5127//5127
f 5142//5142 5127//5127 5143//5143
f 5143//5143 5127//5127 5126//5126
f 5143//5143 5126//5126 5144//5144
f 5144//5144 5126//5126 5124//5124
f 5144//5144 5124//5124 5123//5123
f 5144//5144 5123//5123 5145//5145
f 5145//5145 5123//5123 5146//5146
f 5146//5146 5123//5123 5147//5147
f 5145//5145 5146//5146 5148//5148
f 5148//5148 5146//5146 5147//5147
f 5148//5148 5147//5147 5149//5149
f 5149//5149 5147//5147 5150//5150
f 5150//5150 5147//5147 5123//5123
f 5150//5150 5123//5123 5121//5121
f 5150//5150 5121//5121 5151//5151
f 5151//5151 5121//5121 5119//5119
f 5150//5150 5151//5151 5152//5152
f 5150//5150 5152//5152 5149//5149
f 5149//5149 5152//5152 5153//5153
f 5149//5149 5153//5153 5154//5154
f 5149//5149 5154//5154 5148//5148
f 5148//5148 5154//5154 5145//5145
f 5145//5145 5154//5154 5155//5155
f 5145//5145 5155//5155 5144//5144
f 5144//5144 5155//5155 5156//5156
f 5156//5156 5155//5155 5154//5154
f 5144//5144 5156//5156 5143//5143
f 5143//5143 5156//5156 5157//5157
f 5143//5143 5157//5157 5142//5142
f 5142//5142 5157//5157 5141//5141
f 5141//5141 5157//5157 5158//5158
f 5158//5158 5157//5157 5159//5159
f 5159//5159 5157//5157 5156//5156
f 5159//5159 5156//5156 5160//5160
f 5160//5160 5156//5156 5154//5154
f 5159//5159 5160//5160 5161//5161
f 5159//5159 5161//5161 5158//5158
f 5161//5161 5160//5160 5162//5162
f 5162//5162 5160//5160 5154//5154
f 5162//5162 5154//5154 5153//5153
f 5162//5162 5153//5153 5163//5163
f 5163//5163 5153//5153 5164//5164
f 5164//5164 5153//5153 5152//5152
f 5164//5164 5152//5152 5165//5165
f 5164//5164 5165//5165 5166//5166
f 5164//5164 5166//5166 5163//5163
f 5163//5163 5166//5166 5167//5167
f 5167//5167 5166//5166 5168//5168
f 5168//5168 5166//5166 5169//5169
f 5169//5169 5166//5166 5165//5165
f 5169//5169 5165//5165 5170//5170
f 5170//5170 5165//5165 5152//5152
f 5170//5170 5152//5152 5151//5151
f 5170//5170 5151//5151 5171//5171
f 5171//5171 5151//5151 5119//5119
f 5170//5170 5171//5171 5172//5172
f 5170//5170 5172//5172 5173//5173
f 5170//5170 5173//5173 5169//5169
f 5169//5169 5173//5173 5174//5174
f 5169//5169 5174//5174 5168//5168
f 5174//5174 5173//5173 5175//5175
f 5175//5175 5173//5173 5172//5172
f 5175//5175 5172//5172 5176//5176
f 5176//5176 5172//5172 5171//5171
f 5175//5175 5176//5176 5177//5177
f 5177//5177 5176//5176 5171//5171
f 5175//5175 5177//5177 5178//5178
f 5175//5175 5178//5178 5174//5174
f 5178//5178 5177//5177 5179//5179
f 5174//5174 5178//5178 5180//5180
f 5180//5180 5178//5178 5179//5179
f 5174//5174 5180//5180 5181//5181
f 5174//5174 5181//5181 5182//5182
f 5182//5182 5181//5181 5180//5180
f 5174//5174 5182//5182 5168//5168
f 5168//5168 5182//5182 5183//5183
f 5168//5168 5183//5183 5167//5167
f 5167//5167 5183//5183 5163//5163
f 5163//5163 5183//5183 5184//5184
f 5163//5163 5184//5184 5185//5185
f 5163//5163 5185//5185 5162//5162
f 5162//5162 5185//5185 5186//5186
f 5162//5162 5186//5186 5187//5187
f 5162//5162 5187//5187 5161//5161
f 5161//5161 5187//5187 5158//5158
f 5158//5158 5187//5187 5188//5188
f 5188//5188 5187//5187 5189//5189
f 5189//5189 5187//5187 5186//5186
f 5189//5189 5186//5186 5185//5185
f 5189//5189 5185//5185 5190//5190
f 5190//5190 5185//5185 5191//5191
f 5191//5191 5185//5185 5184//5184
f 5191//5191 5184//5184 5192//5192
f 5191//5191 5192//5192 5190//5190
f 5192//5192 5184//5184 5193//5193
f 5193//5193 5184//5184 5183//5183
f 5193//5193 5183//5183 5194//5194
f 5194//5194 5183//5183 5182//5182
f 5194//5194 5182//5182 5195//5195
f 5195//5195 5182//5182 5180//5180
f 5195//5195 5180//5180 5196//5196
f 5196//5196 5180//5180 5197//5197
f 5197//5197 5180//5180 5179//5179
f 5196//5196 5197//5197 5198//5198
f 5197//5197 5179//5179 5092//5092
f 5092//5092 5179//5179 5093//5093
f 5093//5093 5179//5179 5105//5105
f 5105//5105 5179//5179 5199//5199
f 5199//5199 5179//5179 5177//5177
f 5199//5199 5177//5177 5200//5200
f 5199//5199 5200//5200 5105//5105
f 5200//5200 5177//5177 5171//5171
f 5200//5200 5171//5171 5119//5119
f 5200//5200 5119//5119 5201//5201
f 5200//5200 5201//5201 5105//5105
f 5201//5201 5119//5119 5106//5106
f 5201//5201 5106//5106 5105//5105
f 5202//5202 5092//5092 5091//5091
f 5092//5092 5202//5202 5197//5197
f 5202//5202 5091//5091 5090//5090
f 5197//5197 5202//5202 5203//5203
f 5203//5203 5202//5202 5090//5090
f 5203//5203 5090//5090 5088//5088
f 5203//5203 5088//5088 5204//5204
f 5203//5203 5204//5204 5198//5198
f 5203//5203 5198//5198 5197//5197
f 5198//5198 5204//5204 5205//5205
f 5198//5198 5205//5205 5196//5196
f 5196//5196 5205//5205 5206//5206
f 5196//5196 5206//5206 5195//5195
f 5195//5195 5206//5206 5207//5207
f 5195//5195 5207//5207 5208//5208
f 5195//5195 5208//5208 5209//5209
f 5195//5195 5209//5209 5194//5194
f 5194//5194 5209//5209 5210//5210
f 5194//5194 5210//5210 5193//5193
f 5193//5193 5210//5210 5192//5192
f 5192//5192 5210//5210 5211//5211
f 5192//5192 5211//5211 5212//5212
f 5192//5192 5212//5212 5190//5190
f 5190//5190 5212//5212 5213//5213
f 5190//5190 5213//5213 5214//5214
f 5190//5190 5214//5214 5215//5215
f 5190//5190 5215//5215 5189//5189
f 5189//5189 5215//5215 5188//5188
f 5188//5188 5215//5215 5158//5158
f 5158//5158 5215//5215 5216//5216
f 5158//5158 5216//5216 5217//5217
f 5158//5158 5217//5217 5218//5218
f 5158//5158 5218//5218 5141//5141
f 5141//5141 5218//5218 5219//5219
f 5141//5141 5219//5219 5140//5140
f 5219//5219 5218//5218 5220//5220
f 5219//5219 5220//5220 5140//5140
f 5220//5220 5218//5218 5217//5217
f 5220//5220 5217//5217 5221//5221
f 5221//5221 5217//5217 5216//5216
f 5221//5221 5216//5216 5222//5222
f 5222//5222 5216//5216 5215//5215
f 5221//5221 5222//5222 5223//5223
f 5221//5221 5223//5223 5220//5220
f 5220//5220 5223//5223 5224//5224
f 5220//5220 5224//5224 5225//5225
f 5220//5220 5225//5225 5140//5140
f 5140//5140 5225//5225 5226//5226
f 5140//5140 5226//5226 5139//5139
f 5226//5226 5225//5225 5227//5227
f 5226//5226 5227//5227 5139//5139
f 5227//5227 5225//5225 5228//5228
f 5228//5228 5225//5225 5224//5224
f 5228//5228 5224//5224 5229//5229
f 5229//5229 5224//5224 5223//5223
f 5229//5229 5223//5223 5230//5230
f 5229//5229 5230//5230 5231//5231
f 5229//5229 5231//5231 5228//5228
f 5228//5228 5231//5231 5232//5232
f 5228//5228 5232//5232 5227//5227
f 5232//5232 5231//5231 5233//5233
f 5232//5232 5233//5233 5227//5227
f 5227//5227 5233//5233 5234//5234
f 5227//5227 5234//5234 5235//5235
f 5227//5227 5235//5235 5139//5139
f 5139//5139 5235//5235 5236//5236
f 5236//5236 5235//5235 5234//5234
f 5139//5139 5236//5236 5237//5237
f 5237//5237 5236//5236 5234//5234
f 5139//5139 5237//5237 5238//5238
f 5238//5238 5237//5237 5234//5234
f 5139//5139 5238//5238 5138//5138
f 5138//5138 5238//5238 5239//5239
f 5239//5239 5238//5238 5234//5234
f 5138//5138 5239//5239 5240//5240
f 5138//5138 5240//5240 5136//5136
f 5240//5240 5239//5239 5241//5241
f 5241//5241 5239//5239 5234//5234
f 5240//5240 5241//5241 5242//5242
f 5240//5240 5242//5242 5136//5136
f 5136//5136 5242//5242 5243//5243
f 5136//5136 5243//5243 5129//5129
f 5129//5129 5243//5243 5244//5244
f 5129//5129 5244//5244 4787//4787
f 4787//4787 5244//5244 5245//5245
f 4787//4787 5245//5245 4784//4784
f 5245//5245 5244//5244 5246//5246
f 5246//5246 5244//5244 5243//5243
f 5245//5245 5246//5246 5247//5247
f 5247//5247 5246//5246 5243//5243
f 5245//5245 5247//5247 5248//5248
f 5245//5245 5248//5248 4784//4784
f 4784//4784 5248//5248 4782//4782
f 4782//4782 5248//5248 5249//5249
f 5249//5249 5248//5248 5250//5250
f 5250//5250 5248//5248 5247//5247
f 5250//5250 5247//5247 5243//5243
f 5250//5250 5243//5243 5242//5242
f 5250//5250 5242//5242 5251//5251
f 5250//5250 5251//5251 5249//5249
f 5249//5249 5251//5251 5252//5252
f 5249//5249 5252//5252 5253//5253
f 5249//5249 5253//5253 4782//4782
f 4782//4782 5253//5253 4781//4781
f 4781//4781 5253//5253 4780//4780
f 4780//4780 5253//5253 5254//5254
f 5254//5254 5253//5253 4610//4610
f 4610//4610 5253//5253 4608//4608
f 4608//4608 5253//5253 5252//5252
f 4608//4608 5252//5252 4607//4607
f 4607//4607 5252//5252 5255//5255
f 5255//5255 5252//5252 5251//5251
f 4607//4607 5255//5255 4605//4605
f 5255//5255 5251//5251 5256//5256
f 5256//5256 5251//5251 5242//5242
f 5255//5255 5256//5256 5257//5257
f 5255//5255 5257//5257 4605//4605
f 4605//4605 5257//5257 5258//5258
f 4605//4605 5258//5258 4604//4604
f 5258//5258 5257//5257 5259//5259
f 5259//5259 5257//5257 5256//5256
f 5259//5259 5256//5256 5260//5260
f 5260//5260 5256//5256 5242//5242
f 5260//5260 5242//5242 5241//5241
f 5260//5260 5241//5241 5261//5261
f 5260//5260 5261//5261 5262//5262
f 5260//5260 5262//5262 5259//5259
f 5259//5259 5262//5262 5258//5258
f 5258//5258 5262//5262 5263//5263
f 5263//5263 5262//5262 5261//5261
f 5263//5263 5261//5261 5264//5264
f 5264//5264 5261//5261 5241//5241
f 5264//5264 5241//5241 5265//5265
f 5264//5264 5265//5265 5263//5263
f 5265//5265 5241//5241 5266//5266
f 5266//5266 5241//5241 5234//5234
f 5266//5266 5234//5234 5267//5267
f 5267//5267 5234//5234 5268//5268
f 5268//5268 5234//5234 5233//5233
f 5267//5267 5268//5268 5269//5269
f 5267//5267 5269//5269 5266//5266
f 5266//5266 5269//5269 5265//5265
f 5265//5265 5269//5269 5270//5270
f 5265//5265 5270//5270 5263//5263
f 5270//5270 5269//5269 5271//5271
f 5263//5263 5270//5270 5272//5272
f 5272//5272 5270//5270 5271//5271
f 5272//5272 5271//5271 4595//4595
f 5272//5272 4595//4595 4597//4597
f 5272//5272 4597//4597 4598//4598
f 5272//5272 4598//4598 5263//5263
f 5263//5263 4598//4598 4603//4603
f 5263//5263 4603//4603 5273//5273
f 5263//5263 5273//5273 5258//5258
f 5273//5273 4603//4603 4604//4604
f 5273//5273 4604//4604 5258//5258
f 5274//5274 4595//4595 5271//5271
f 5274//5274 5271//5271 5269//5269
f 4595//4595 5274//5274 5275//5275
f 5275//5275 5274//5274 5269//5269
f 4595//4595 5275//5275 4594//4594
f 4594//4594 5275//5275 4592//4592
f 4592//4592 5275//5275 5276//5276
f 4592//4592 5276//5276 4591//4591
f 5276//5276 5275//5275 5277//5277
f 5277//5277 5275//5275 5269//5269
f 5277//5277 5269//5269 5268//5268
f 5277//5277 5268//5268 5278//5278
f 5277//5277 5278//5278 5276//5276
f 5278//5278 5268//5268 5233//5233
f 5278//5278 5233//5233 5279//5279
f 5279//5279 5233//5233 5280//5280
f 5280//5280 5233//5233 5231//5231
f 5279//5279 5280//5280 5281//5281
f 5279//5279 5281//5281 5278//5278
f 5278//5278 5281//5281 5282//5282
f 5278//5278 5282//5282 5276//5276
f 5282//5282 5281//5281 5283//5283
f 5283//5283 5281//5281 5284//5284
f 5284//5284 5281//5281 5280//5280
f 5284//5284 5280//5280 5285//5285
f 5285//5285 5280//5280 5286//5286
f 5286//5286 5280//5280 5231//5231
f 5286//5286 5231//5231 5287//5287
f 5287//5287 5231//5231 5230//5230
f 5286//5286 5287//5287 5288//5288
f 5286//5286 5288//5288 5285//5285
f 5285//5285 5288//5288 5289//5289
f 5285//5285 5289//5289 5290//5290
f 5285//5285 5290//5290 5284//5284
f 5284//5284 5290//5290 5283//5283
f 5283//5283 5290//5290 5291//5291
f 5283//5283 5291//5291 5292//5292
f 5283//5283 5292//5292 5282//5282
f 5282//5282 5292//5292 5293//5293
f 5282//5282 5293//5293 5276//5276
f 5276//5276 5293//5293 5294//5294
f 5276//5276 5294//5294 4591//4591
f 4591//4591 5294//5294 5293//5293
f 4591//4591 5293//5293 4590//4590
f 4590//4590 5293//5293 5295//5295
f 5295//5295 5293//5293 5292//5292
f 4590//4590 5295//5295 5296//5296
f 5296//5296 5295//5295 5292//5292
f 5296//5296 5292//5292 5291//5291
f 5296//5296 5291//5291 5297//5297
f 5297//5297 5291//5291 5290//5290
f 5297//5297 5290//5290 5289//5289
f 5297//5297 5289//5289 5298//5298
f 5298//5298 5289//5289 5299//5299
f 5299//5299 5289//5289 5288//5288
f 5299//5299 5288//5288 5300//5300
f 5300//5300 5288//5288 5287//5287
f 5300//5300 5287//5287 5301//5301
f 5301//5301 5287//5287 5302//5302
f 5302//5302 5287//5287 5230//5230
f 5302//5302 5230//5230 5223//5223
f 5302//5302 5223//5223 5303//5303
f 5303//5303 5223//5223 5222//5222
f 5303//5303 5222//5222 5304//5304
f 5304//5304 5222//5222 5215//5215
f 5304//5304 5215//5215 5305//5305
f 5305//5305 5215//5215 5214//5214
f 5305//5305 5214//5214 5306//5306
f 5306//5306 5214//5214 5213//5213
f 5306//5306 5213//5213 5307//5307
f 5307//5307 5213//5213 5212//5212
f 5306//5306 5307//5307 5308//5308
f 5306//5306 5308//5308 5305//5305
f 5305//5305 5308//5308 5304//5304
f 5304//5304 5308//5308 5303//5303
f 5303//5303 5308//5308 5309//5309
f 5303//5303 5309//5309 5302//5302
f 5302//5302 5309//5309 5310//5310
f 5302//5302 5310//5310 5301//5301
f 5310//5310 5309//5309 5311//5311
f 5311//5311 5309//5309 5308//5308
f 5311//5311 5308//5308 5307//5307
f 5311//5311 5307//5307 5312//5312
f 5312//5312 5307//5307 5313//5313
f 5312//5312 5313//5313 5311//5311
f 5313//5313 5307//5307 5212//5212
f 5311//5311 5313//5313 5314//5314
f 5311//5311 5314//5314 5315//5315
f 5311//5311 5315//5315 5310//5310
f 5310//5310 5315//5315 5316//5316
f 5310//5310 5316//5316 5317//5317
f 5310//5310 5317//5317 5301//5301
f 5301//5301 5317//5317 5318//5318
f 5301//5301 5318//5318 5300//5300
f 5318//5318 5317//5317 5319//5319
f 5319//5319 5317//5317 5320//5320
f 5320//5320 5317//5317 5316//5316
f 5320//5320 5316//5316 5315//5315
f 5320//5320 5315//5315 5321//5321
f 5321//5321 5315//5315 5314//5314
f 5321//5321 5314//5314 5322//5322
f 5322//5322 5314//5314 5313//5313
f 5322//5322 5313//5313 5323//5323
f 5323//5323 5313//5313 5212//5212
f 5323//5323 5212//5212 5324//5324
f 5324//5324 5212//5212 5211//5211
f 5323//5323 5324//5324 5325//5325
f 5324//5324 5211//5211 5326//5326
f 5324//5324 5326//5326 5325//5325
f 5326//5326 5211//5211 5327//5327
f 5327//5327 5211//5211 5210//5210
f 5327//5327 5210//5210 5328//5328
f 5328//5328 5210//5210 5209//5209
f 5328//5328 5209//5209 5327//5327
f 5327//5327 5209//5209 5329//5329
f 5327//5327 5329//5329 5326//5326
f 5329//5329 5209//5209 5330//5330
f 5330//5330 5209//5209 5208//5208
f 5330//5330 5208//5208 5331//5331
f 5331//5331 5208//5208 5207//5207
f 5330//5330 5331//5331 5332//5332
f 5330//5330 5332//5332 5329//5329
f 5332//5332 5331//5331 5333//5333
f 5333//5333 5331//5331 5334//5334
f 5334//5334 5331//5331 5207//5207
f 5334//5334 5207//5207 5206//5206
f 5334//5334 5206//5206 5335//5335
f 5335//5335 5206//5206 5205//5205
f 5335//5335 5205//5205 5336//5336
f 5336//5336 5205//5205 5204//5204
f 5335//5335 5336//5336 5337//5337
f 5335//5335 5337//5337 5334//5334
f 5337//5337 5336//5336 5338//5338
f 5337//5337 5338//5338 5339//5339
f 5337//5337 5339//5339 5334//5334
f 5334//5334 5339//5339 5340//5340
f 5340//5340 5339//5339 5338//5338
f 5334//5334 5340//5340 5333//5333
f 5333//5333 5340//5340 5341//5341
f 5333//5333 5341//5341 5342//5342
f 5333//5333 5342//5342 5332//5332
f 5342//5342 5341//5341 5343//5343
f 5343//5343 5341//5341 5340//5340
f 5343//5343 5340//5340 5344//5344
f 5343//5343 5344//5344 5342//5342
f 5344//5344 5340//5340 5338//5338
f 5344//5344 5338//5338 5345//5345
f 5345//5345 5338//5338 5336//5336
f 5344//5344 5345//5345 5346//5346
f 5344//5344 5346//5346 5347//5347
f 5344//5344 5347//5347 5348//5348
f 5344//5344 5348//5348 5342//5342
f 5348//5348 5347//5347 5070//5070
f 5070//5070 5347//5347 5072//5072
f 5072//5072 5347//5347 5346//5346
f 5072//5072 5346//5346 5073//5073
f 5073//5073 5346//5346 5345//5345
f 5073//5073 5345//5345 5087//5087
f 5087//5087 5345//5345 5336//5336
f 5087//5087 5336//5336 5349//5349
f 5087//5087 5349//5349 5088//5088
f 5349//5349 5336//5336 5204//5204
f 5349//5349 5204//5204 5088//5088
f 5070//5070 5069//5069 5348//5348
f 5348//5348 5069//5069 5350//5350
f 5350//5350 5069//5069 5351//5351
f 5350//5350 5351//5351 5348//5348
f 5351//5351 5069//5069 5068//5068
f 5351//5351 5068//5068 5067//5067
f 5351//5351 5067//5067 5352//5352
f 5352//5352 5067//5067 5066//5066
f 5351//5351 5352//5352 5353//5353
f 5351//5351 5353//5353 5354//5354
f 5351//5351 5354//5354 5348//5348
f 5348//5348 5354//5354 5355//5355
f 5355//5355 5354//5354 5353//5353
f 5348//5348 5355//5355 5342//5342
f 5342//5342 5355//5355 5356//5356
f 5342//5342 5356//5356 5332//5332
f 5356//5356 5355//5355 5357//5357
f 5357//5357 5355//5355 5353//5353
f 5357//5357 5353//5353 5352//5352
f 5357//5357 5352//5352 5358//5358
f 5358//5358 5352//5352 5359//5359
f 5359//5359 5352//5352 5066//5066
f 5359//5359 5066//5066 5360//5360
f 5360//5360 5066//5066 5361//5361
f 5361//5361 5066//5066 5061//5061
f 5361//5361 5061//5061 5362//5362
f 5362//5362 5061//5061 5060//5060
f 5362//5362 5060//5060 5363//5363
f 5362//5362 5363//5363 5361//5361
f 5363//5363 5060//5060 5059//5059
f 5361//5361 5363//5363 5364//5364
f 5361//5361 5364//5364 5360//5360
f 5360//5360 5364//5364 5359//5359
f 5359//5359 5364//5364 5358//5358
f 5358//5358 5364//5364 5365//5365
f 5365//5365 5364//5364 5366//5366
f 5366//5366 5364//5364 5363//5363
f 5365//5365 5366//5366 5367//5367
f 5366//5366 5363//5363 5368//5368
f 5366//5366 5368//5368 5367//5367
f 5368//5368 5363//5363 5369//5369
f 5369//5369 5363//5363 5059//5059
f 5369//5369 5059//5059 5370//5370
f 5370//5370 5059//5059 5051//5051
f 5370//5370 5051//5051 5371//5371
f 5370//5370 5371//5371 5369//5369
f 5371//5371 5051//5051 5050//5050
f 5371//5371 5050//5050 5372//5372
f 5371//5371 5372//5372 5369//5369
f 5372//5372 5050//5050 5048//5048
f 5372//5372 5048//5048 5373//5373
f 5373//5373 5048//5048 5047//5047
f 5372//5372 5373//5373 5374//5374
f 5372//5372 5374//5374 5369//5369
f 5369//5369 5374//5374 5368//5368
f 5368//5368 5374//5374 5367//5367
f 5367//5367 5374//5374 5375//5375
f 5367//5367 5375//5375 5365//5365
f 5375//5375 5374//5374 5376//5376
f 5376//5376 5374//5374 5373//5373
f 5376//5376 5373//5373 5047//5047
f 5376//5376 5047//5047 5045//5045
f 5376//5376 5045//5045 5377//5377
f 5377//5377 5045//5045 5378//5378
f 5378//5378 5045//5045 5044//5044
f 5378//5378 5044//5044 5379//5379
f 5379//5379 5044//5044 5380//5380
f 5380//5380 5044//5044 5043//5043
f 5380//5380 5043//5043 5381//5381
f 5381//5381 5043//5043 5042//5042
f 5380//5380 5381//5381 5382//5382
f 5380//5380 5382//5382 5379//5379
f 5379//5379 5382//5382 5383//5383
f 5379//5379 5383//5383 5378//5378
f 5383//5383 5382//5382 5384//5384
f 5384//5384 5382//5382 5381//5381
f 5384//5384 5381//5381 5385//5385
f 5385//5385 5381//5381 5386//5386
f 5386//5386 5381//5381 5042//5042
f 5386//5386 5042//5042 5387//5387
f 5387//5387 5042//5042 5041//5041
f 5387//5387 5041//5041 5388//5388
f 5388//5388 5041//5041 5040//5040
f 5388//5388 5040//5040 5389//5389
f 5389//5389 5040//5040 5039//5039
f 5388//5388 5389//5389 5390//5390
f 5388//5388 5390//5390 5387//5387
f 5390//5390 5389//5389 5391//5391
f 5390//5390 5391//5391 5392//5392
f 5391//5391 5389//5389 5393//5393
f 5391//5391 5393//5393 5394//5394
f 5391//5391 5394//5394 5392//5392
f 5394//5394 5393//5393 5395//5395
f 5394//5394 5395//5395 5396//5396
f 5394//5394 5396//5396 5397//5397
f 5396//5396 5395//5395 5398//5398
f 5396//5396 5398//5398 5397//5397
f 5398//5398 5395//5395 5399//5399
f 5399//5399 5395//5395 5393//5393
f 5399//5399 5393//5393 5400//5400
f 5400//5400 5393//5393 5389//5389
f 5400//5400 5389//5389 5401//5401
f 5401//5401 5389//5389 5039//5039
f 5401//5401 5039//5039 5402//5402
f 5401//5401 5402//5402 5403//5403
f 5401//5401 5403//5403 5400//5400
f 5400//5400 5403//5403 5404//5404
f 5400//5400 5404//5404 5399//5399
f 5404//5404 5403//5403 5405//5405
f 5405//5405 5403//5403 5406//5406
f 5406//5406 5403//5403 5402//5402
f 5406//5406 5402//5402 5407//5407
f 5407//5407 5402//5402 5039//5039
f 5407//5407 5039//5039 5038//5038
f 5407//5407 5038//5038 5030//5030
f 5407//5407 5030//5030 5408//5408
f 5408//5408 5030//5030 5026//5026
f 5408//5408 5026//5026 5409//5409
f 5408//5408 5409//5409 5407//5407
f 5409//5409 5026//5026 5025//5025
f 5407//5407 5409//5409 5410//5410
f 5410//5410 5409//5409 5025//5025
f 5407//5407 5410//5410 5411//5411
f 5407//5407 5411//5411 5406//5406
f 5406//5406 5411//5411 5412//5412
f 5406//5406 5412//5412 5405//5405
f 5405//5405 5412//5412 5413//5413
f 5405//5405 5413//5413 5404//5404
f 5404//5404 5413//5413 5399//5399
f 5399//5399 5413//5413 5414//5414
f 5414//5414 5413//5413 5415//5415
f 5399//5399 5414//5414 5416//5416
f 5399//5399 5416//5416 5417//5417
f 5417//5417 5416//5416 5418//5418
f 5418//5418 5416//5416 5414//5414
f 5417//5417 5418//5418 5419//5419
f 5417//5417 5419//5419 5399//5399
f 5399//5399 5419//5419 5420//5420
f 5399//5399 5420//5420 5398//5398
f 5398//5398 5420//5420 5421//5421
f 5398//5398 5421//5421 5397//5397
f 5397//5397 5421//5421 5422//5422
f 5397//5397 5422//5422 5394//5394
f 5394//5394 5422//5422 5392//5392
f 5392//5392 5422//5422 5423//5423
f 5392//5392 5423//5423 5390//5390
f 5390//5390 5423//5423 5424//5424
f 5390//5390 5424//5424 5387//5387
f 5387//5387 5424//5424 5425//5425
f 5425//5425 5424//5424 5423//5423
f 5387//5387 5425//5425 5426//5426
f 5387//5387 5426//5426 5386//5386
f 5386//5386 5426//5426 5427//5427
f 5427//5427 5426//5426 5425//5425
f 5386//5386 5427//5427 5385//5385
f 5385//5385 5427//5427 5384//5384
f 5384//5384 5427//5427 5428//5428
f 5384//5384 5428//5428 5429//5429
f 5384//5384 5429//5429 5383//5383
f 5429//5429 5428//5428 5430//5430
f 5383//5383 5429//5429 5431//5431
f 5431//5431 5429//5429 5432//5432
f 5432//5432 5429//5429 5433//5433
f 5433//5433 5429//5429 5430//5430
f 5433//5433 5430//5430 5434//5434
f 5434//5434 5430//5430 5428//5428
f 5433//5433 5434//5434 5435//5435
f 5435//5435 5434//5434 5436//5436
f 5436//5436 5434//5434 5437//5437
f 5436//5436 5437//5437 5438//5438
f 5436//5436 5438//5438 5439//5439
f 5436//5436 5439//5439 5440//5440
f 5436//5436 5440//5440 5441//5441
f 5441//5441 5440//5440 5439//5439
f 5436//5436 5441//5441 5435//5435
f 5441//5441 5439//5439 5442//5442
f 5442//5442 5439//5439 5438//5438
f 5442//5442 5438//5438 5443//5443
f 5443//5443 5438//5438 5437//5437
f 5443//5443 5437//5437 5444//5444
f 5444//5444 5437//5437 5434//5434
f 5444//5444 5434//5434 5445//5445
f 5445//5445 5434//5434 5428//5428
f 5445//5445 5428//5428 5446//5446
f 5446//5446 5428//5428 5427//5427
f 5446//5446 5427//5427 5447//5447
f 5447//5447 5427//5427 5425//5425
f 5447//5447 5425//5425 5423//5423
f 5447//5447 5423//5423 5448//5448
f 5447//5447 5448//5448 5446//5446
f 5448//5448 5423//5423 5422//5422
f 5448//5448 5422//5422 5449//5449
f 5449//5449 5422//5422 5421//5421
f 5448//5448 5449//5449 5450//5450
f 5448//5448 5450//5450 5446//5446
f 5446//5446 5450//5450 5445//5445
f 5451//5451 5445//5445 5446//5446
f 5451//5451 5446//5446 5445//5445
f 5445//5445 5450//5450 5452//5452
f 5452//5452 5450//5450 5449//5449
f 5452//5452 5449//5449 5453//5453
f 5452//5452 5453//5453 5454//5454
f 5452//5452 5454//5454 5445//5445
f 5445//5445 5454//5454 5455//5455
f 5445//5445 5455//5455 5444//5444
f 5444//5444 5455//5455 5456//5456
f 5444//5444 5456//5456 5443//5443
f 5456//5456 5455//5455 5457//5457
f 5457//5457 5455//5455 5454//5454
f 5457//5457 5454//5454 5458//5458
f 5458//5458 5454//5454 5453//5453
f 5458//5458 5453//5453 5459//5459
f 5459//5459 5453//5453 5449//5449
f 5459//5459 5449//5449 5460//5460
f 5459//5459 5460//5460 5458//5458
f 5460//5460 5449//5449 5421//5421
f 5460//5460 5421//5421 5420//5420
f 5460//5460 5420//5420 5461//5461
f 5461//5461 5420//5420 5419//5419
f 5461//5461 5419//5419 5418//5418
f 5461//5461 5418//5418 5462//5462
f 5462//5462 5418//5418 5463//5463
f 5463//5463 5418//5418 5464//5464
f 5464//5464 5418//5418 5414//5414
f 5464//5464 5414//5414 5465//5465
f 5465//5465 5414//5414 5415//5415
f 5464//5464 5465//5465 5466//5466
f 5464//5464 5466//5466 5463//5463
f 5466//5466 5465//5465 5467//5467
f 5463//5463 5466//5466 5468//5468
f 5463//5463 5468//5468 5469//5469
f 5463//5463 5469//5469 5462//5462
f 5462//5462 5469//5469 5461//5461
f 5461//5461 5469//5469 5470//5470
f 5461//5461 5470//5470 5471//5471
f 5461//5461 5471//5471 5460//5460
f 5460//5460 5471//5471 5458//5458
f 5458//5458 5471//5471 5472//5472
f 5472//5472 5471//5471 5473//5473
f 5473//5473 5471//5471 5470//5470
f 5473//5473 5470//5470 5474//5474
f 5474//5474 5470//5470 5475//5475
f 5475//5475 5470//5470 5469//5469
f 5475//5475 5469//5469 5476//5476
f 5475//5475 5476//5476 5477//5477
f 5477//5477 5476//5476 5469//5469
f 5477//5477 5469//5469 5478//5478
f 5478//5478 5469//5469 5468//5468
f 5477//5477 5478//5478 5479//5479
f 5478//5478 5468//5468 5480//5480
f 5480//5480 5468//5468 5481//5481
f 5481//5481 5468//5468 5466//5466
f 5481//5481 5466//5466 5482//5482
f 5482//5482 5466//5466 5467//5467
f 5482//5482 5467//5467 5483//5483
f 5483//5483 5467//5467 5484//5484
f 5484//5484 5467//5467 5465//5465
f 5484//5484 5465//5465 5485//5485
f 5485//5485 5465//5465 5415//5415
f 5485//5485 5415//5415 5486//5486
f 5486//5486 5415//5415 5413//5413
f 5486//5486 5413//5413 5487//5487
f 5487//5487 5413//5413 5412//5412
f 5486//5486 5487//5487 5488//5488
f 5486//5486 5488//5488 5485//5485
f 5485//5485 5488//5488 5489//5489
f 5485//5485 5489//5489 5484//5484
f 5489//5489 5488//5488 5490//5490
f 5490//5490 5488//5488 5487//5487
f 5490//5490 5487//5487 5491//5491
f 5491//5491 5487//5487 5492//5492
f 5492//5492 5487//5487 5412//5412
f 5492//5492 5412//5412 5491//5491
f 5491//5491 5412//5412 5411//5411
f 5491//5491 5411//5411 5493//5493
f 5491//5491 5493//5493 5490//5490
f 5490//5490 5493//5493 5494//5494
f 5490//5490 5494//5494 5489//5489
f 5494//5494 5493//5493 5495//5495
f 5489//5489 5494//5494 5496//5496
f 5489//5489 5496//5496 5497//5497
f 5489//5489 5497//5497 5484//5484
f 5484//5484 5497//5497 5483//5483
f 5483//5483 5497//5497 5498//5498
f 5483//5483 5498//5498 5482//5482
f 5498//5498 5497//5497 5499//5499
f 5499//5499 5497//5497 5496//5496
f 5498//5498 5499//5499 5500//5500
f 5498//5498 5500//5500 5482//5482
f 5500//5500 5499//5499 5501//5501
f 5501//5501 5499//5499 5496//5496
f 5501//5501 5496//5496 5502//5502
f 5501//5501 5502//5502 5500//5500
f 5502//5502 5496//5496 5494//5494
f 5500//5500 5502//5502 5503//5503
f 5500//5500 5503//5503 5504//5504
f 5500//5500 5504//5504 5482//5482
f 5504//5504 5503//5503 5505//5505
f 5504//5504 5505//5505 5482//5482
f 5482//5482 5505//5505 5506//5506
f 5482//5482 5506//5506 5481//5481
f 5481//5481 5506//5506 5505//5505
f 5481//5481 5505//5505 5480//5480
f 5480//5480 5505//5505 5507//5507
f 5480//5480 5507//5507 5478//5478
f 5478//5478 5507//5507 5508//5508
f 5478//5478 5508//5508 5479//5479
f 5508//5508 5507//5507 5509//5509
f 5509//5509 5507//5507 5505//5505
f 5509//5509 5505//5505 5503//5503
f 5509//5509 5503//5503 5510//5510
f 5510//5510 5503//5503 5511//5511
f 5511//5511 5503//5503 5502//5502
f 5511//5511 5502//5502 5512//5512
f 5512//5512 5502//5502 5513//5513
f 5513//5513 5502//5502 5494//5494
f 5513//5513 5494//5494 5514//5514
f 5514//5514 5494//5494 5495//5495
f 5514//5514 5495//5495 5515//5515
f 5515//5515 5495//5495 5516//5516
f 5516//5516 5495//5495 5493//5493
f 5516//5516 5493//5493 5517//5517
f 5517//5517 5493//5493 5411//5411
f 5516//5516 5517//5517 5518//5518
f 5516//5516 5518//5518 5519//5519
f 5516//5516 5519//5519 5515//5515
f 5519//5519 5518//5518 5520//5520
f 5519//5519 5520//5520 5515//5515
f 5520//5520 5518//5518 5521//5521
f 5521//5521 5518//5518 5517//5517
f 5520//5520 5521//5521 5522//5522
f 5522//5522 5521//5521 5523//5523
f 5523//5523 5521//5521 5517//5517
f 5523//5523 5517//5517 5524//5524
f 5524//5524 5517//5517 5411//5411
f 5524//5524 5411//5411 5525//5525
f 5524//5524 5525//5525 5523//5523
f 5525//5525 5411//5411 5410//5410
f 5525//5525 5410//5410 5526//5526
f 5525//5525 5526//5526 5523//5523
f 5526//5526 5410//5410 5527//5527
f 5527//5527 5410//5410 5025//5025
f 5527//5527 5025//5025 5528//5528
f 5528//5528 5025//5025 5022//5022
f 5528//5528 5022//5022 5529//5529
f 5529//5529 5022//5022 5021//5021
f 5529//5529 5021//5021 5530//5530
f 5530//5530 5021//5021 5020//5020
f 5530//5530 5020//5020 5531//5531
f 5531//5531 5020//5020 4945//4945
f 5531//5531 4945//4945 5532//5532
f 5531//5531 5532//5532 5530//5530
f 5532//5532 4945//4945 4943//4943
f 5530//5530 5532//5532 5533//5533
f 5530//5530 5533//5533 5529//5529
f 5529//5529 5533//5533 5534//5534
f 5529//5529 5534//5534 5528//5528
f 5534//5534 5533//5533 5535//5535
f 5535//5535 5533//5533 5532//5532
f 5534//5534 5535//5535 5536//5536
f 5536//5536 5535//5535 5537//5537
f 5537//5537 5535//5535 5532//5532
f 5537//5537 5532//5532 5538//5538
f 5538//5538 5532//5532 5539//5539
f 5539//5539 5532//5532 4943//4943
f 5539//5539 4943//4943 5540//5540
f 5540//5540 4943//4943 5541//5541
f 5541//5541 4943//4943 4887//4887
f 5541//5541 4887//4887 5542//5542
f 5541//5541 5542//5542 5540//5540
f 5542//5542 4887//4887 4886//4886
f 5542//5542 4886//4886 5540//5540
f 5540//5540 4886//4886 5543//5543
f 5540//5540 5543//5543 5539//5539
f 5539//5539 5543//5543 5538//5538
f 5538//5538 5543//5543 4886//4886
f 5538//5538 4886//4886 5544//5544
f 5538//5538 5544//5544 5537//5537
f 5544//5544 4886//4886 5545//5545
f 5545//5545 4886//4886 5546//5546
f 5546//5546 4886//4886 4884//4884
f 5546//5546 4884//4884 5547//5547
f 5547//5547 4884//4884 4877//4877
f 5547//5547 4877//4877 5548//5548
f 5548//5548 4877//4877 5549//5549
f 5549//5549 4877//4877 4876//4876
f 5548//5548 5549//5549 5550//5550
f 5548//5548 5550//5550 5547//5547
f 5550//5550 5549//5549 5551//5551
f 5550//5550 5551//5551 5547//5547
f 5547//5547 5551//5551 5552//5552
f 5547//5547 5552//5552 5546//5546
f 5552//5552 5551//5551 5553//5553
f 5552//5552 5553//5553 5546//5546
f 5553//5553 5551//5551 5549//5549
f 5553//5553 5549//5549 5554//5554
f 5554//5554 5549//5549 5555//5555
f 5555//5555 5549//5549 4876//4876
f 5555//5555 4876//4876 4875//4875
f 5555//5555 4875//4875 5556//5556
f 5556//5556 4875//4875 4873//4873
f 5555//5555 5556//5556 5557//5557
f 5555//5555 5557//5557 5554//5554
f 5557//5557 5556//5556 5558//5558
f 5558//5558 5556//5556 5559//5559
f 5558//5558 5559//5559 5560//5560
f 5558//5558 5560//5560 5561//5561
f 5558//5558 5561//5561 5557//5557
f 5557//5557 5561//5561 5562//5562
f 5557//5557 5562//5562 5554//5554
f 5554//5554 5562//5562 5561//5561
f 5554//5554 5561//5561 5563//5563
f 5563//5563 5561//5561 5564//5564
f 5564//5564 5561//5561 5560//5560
f 5564//5564 5560//5560 4737//4737
f 4737//4737 5560//5560 5559//5559
f 4737//4737 5559//5559 4738//4738
f 4738//4738 5559//5559 5556//5556
f 4738//4738 5556//5556 5565//5565
f 4738//4738 5565//5565 4739//4739
f 5565//5565 5556//5556 5566//5566
f 4739//4739 5565//5565 5567//5567
f 5567//5567 5565//5565 5566//5566
f 4739//4739 5567//5567 4741//4741
f 4741//4741 5567//5567 5568//5568
f 5568//5568 5567//5567 5566//5566
f 4741//4741 5568//5568 4873//4873
f 4873//4873 5568//5568 5566//5566
f 4873//4873 5566//5566 5556//5556
f 5569//5569 5564//5564 4737//4737
f 5564//5564 5569//5569 5570//5570
f 5564//5564 5570//5570 5563//5563
f 5563//5563 5570//5570 5571//5571
f 5571//5571 5570//5570 5572//5572
f 5572//5572 5570//5570 5569//5569
f 5572//5572 5569//5569 5573//5573
f 5573//5573 5569//5569 4737//4737
f 5572//5572 5573//5573 5571//5571
f 5573//5573 4737//4737 4736//4736
f 5573//5573 4736//4736 5574//5574
f 5573//5573 5574//5574 5571//5571
f 5574//5574 4736//4736 4735//4735
f 5571//5571 5574//5574 5575//5575
f 5571//5571 5575//5575 5563//5563
f 5575//5575 5574//5574 5576//5576
f 5575//5575 5576//5576 5577//5577
f 5575//5575 5577//5577 5578//5578
f 5575//5575 5578//5578 5563//5563
f 5563//5563 5578//5578 5579//5579
f 5563//5563 5579//5579 5554//5554
f 5554//5554 5579//5579 5580//5580
f 5580//5580 5579//5579 5578//5578
f 5554//5554 5580//5580 5553//5553
f 5553//5553 5580//5580 5546//5546
f 5546//5546 5580//5580 5581//5581
f 5546//5546 5581//5581 5582//5582
f 5546//5546 5582//5582 5545//5545
f 5545//5545 5582//5582 5583//5583
f 5545//5545 5583//5583 5544//5544
f 5583//5583 5582//5582 5584//5584
f 5583//5583 5584//5584 5544//5544
f 5544//5544 5584//5584 5585//5585
f 5544//5544 5585//5585 5537//5537
f 5585//5585 5584//5584 5586//5586
f 5585//5585 5586//5586 5537//5537
f 5586//5586 5584//5584 5587//5587
f 5587//5587 5584//5584 5582//5582
f 5587//5587 5582//5582 5588//5588
f 5587//5587 5588//5588 5589//5589
f 5587//5587 5589//5589 5586//5586
f 5586//5586 5589//5589 5590//5590
f 5586//5586 5590//5590 5537//5537
f 5537//5537 5590//5590 5536//5536
f 5536//5536 5590//5590 5591//5591
f 5536//5536 5591//5591 5592//5592
f 5536//5536 5592//5592 5534//5534
f 5592//5592 5591//5591 5593//5593
f 5593//5593 5591//5591 5594//5594
f 5594//5594 5591//5591 5590//5590
f 5594//5594 5590//5590 5595//5595
f 5595//5595 5590//5590 5589//5589
f 5595//5595 5589//5589 5596//5596
f 5596//5596 5589//5589 5597//5597
f 5596//5596 5597//5597 5595//5595
f 5597//5597 5589//5589 5598//5598
f 5598//5598 5589//5589 5588//5588
f 5598//5598 5588//5588 5599//5599
f 5599//5599 5588//5588 5582//5582
f 5599//5599 5582//5582 5581//5581
f 5599//5599 5581//5581 5600//5600
f 5600//5600 5581//5581 5580//5580
f 5600//5600 5580//5580 5599//5599
f 5599//5599 5580//5580 5578//5578
f 5599//5599 5578//5578 5601//5601
f 5601//5601 5578//5578 5577//5577
f 5599//5599 5601//5601 5602//5602
f 5599//5599 5602//5602 5598//5598
f 5602//5602 5601//5601 5603//5603
f 5603//5603 5601//5601 5577//5577
f 5603//5603 5577//5577 5604//5604
f 5604//5604 5577//5577 5576//5576
f 5604//5604 5576//5576 5605//5605
f 5604//5604 5605//5605 5606//5606
f 5604//5604 5606//5606 5603//5603
f 5603//5603 5606//5606 5607//5607
f 5603//5603 5607//5607 5602//5602
f 5602//5602 5607//5607 5608//5608
f 5602//5602 5608//5608 5598//5598
f 5598//5598 5608//5608 5597//5597
f 5597//5597 5608//5608 5595//5595
f 5595//5595 5608//5608 5609//5609
f 5609//5609 5608//5608 5610//5610
f 5610//5610 5608//5608 5607//5607
f 5610//5610 5607//5607 5611//5611
f 5611//5611 5607//5607 5606//5606
f 5610//5610 5611//5611 5612//5612
f 5612//5612 5611//5611 5613//5613
f 5613//5613 5611//5611 5614//5614
f 5614//5614 5611//5611 5606//5606
f 5614//5614 5606//5606 5615//5615
f 5615//5615 5606//5606 5605//5605
f 5615//5615 5605//5605 5616//5616
f 5616//5616 5605//5605 5617//5617
f 5617//5617 5605//5605 5576//5576
f 5617//5617 5576//5576 5618//5618
f 5618//5618 5576//5576 5574//5574
f 5618//5618 5574//5574 5619//5619
f 5618//5618 5619//5619 5617//5617
f 5619//5619 5574//5574 5620//5620
f 5620//5620 5574//5574 4735//4735
f 5620//5620 4735//4735 5621//5621
f 5621//5621 4735//4735 4734//4734
f 5621//5621 4734//4734 5622//5622
f 5622//5622 4734//4734 4733//4733
f 5621//5621 5622//5622 5623//5623
f 5621//5621 5623//5623 5620//5620
f 5620//5620 5623//5623 5622//5622
f 5620//5620 5622//5622 5619//5619
f 5619//5619 5622//5622 5624//5624
f 5619//5619 5624//5624 5617//5617
f 5624//5624 5622//5622 5625//5625
f 5625//5625 5622//5622 4733//4733
f 5625//5625 4733//4733 5626//5626
f 5626//5626 4733//4733 4732//4732
f 5626//5626 4732//4732 4731//4731
f 5626//5626 4731//4731 5627//5627
f 5627//5627 4731//4731 5628//5628
f 5628//5628 4731//4731 4712//4712
f 5628//5628 4712//4712 4711//4711
f 5628//5628 4711//4711 5627//5627
f 5627//5627 4711//4711 5629//5629
f 5629//5629 4711//4711 4704//4704
f 5629//5629 4704//4704 5630//5630
f 5630//5630 4704//4704 4703//4703
f 5629//5629 5630//5630 5631//5631
f 5631//5631 5630//5630 5632//5632
f 5632//5632 5630//5630 5633//5633
f 5633//5633 5630//5630 4703//4703
f 5633//5633 4703//4703 5634//5634
f 5634//5634 4703//4703 4702//4702
f 5634//5634 4702//4702 5635//5635
f 5634//5634 5635//5635 5636//5636
f 5634//5634 5636//5636 5637//5637
f 5634//5634 5637//5637 5633//5633
f 5637//5637 5636//5636 5638//5638
f 5638//5638 5636//5636 5639//5639
f 5639//5639 5636//5636 5635//5635
f 5639//5639 5635//5635 5640//5640
f 5640//5640 5635//5635 4702//4702
f 5640//5640 4702//4702 5641//5641
f 5641//5641 4702//4702 2253//2253
f 5641//5641 2253//2253 2251//2251
f 5641//5641 2251//2251 5642//5642
f 5641//5641 5642//5642 5640//5640
f 5640//5640 5642//5642 5643//5643
f 5640//5640 5643//5643 5639//5639
f 5643//5643 5642//5642 5644//5644
f 5644//5644 5642//5642 5645//5645
f 5645//5645 5642//5642 2251//2251
f 5645//5645 2251//2251 2250//2250
f 5645//5645 2250//2250 5646//5646
f 5646//5646 2250//2250 2249//2249
f 5645//5645 5646//5646 5647//5647
f 5645//5645 5647//5647 5644//5644
f 5644//5644 5647//5647 5648//5648
f 5644//5644 5648//5648 5643//5643
f 5643//5643 5648//5648 5639//5639
f 5639//5639 5648//5648 5649//5649
f 5639//5639 5649//5649 5638//5638
f 5638//5638 5649//5649 5650//5650
f 5638//5638 5650//5650 5637//5637
f 5637//5637 5650//5650 5651//5651
f 5637//5637 5651//5651 5652//5652
f 5637//5637 5652//5652 5633//5633
f 5633//5633 5652//5652 5653//5653
f 5633//5633 5653//5653 5632//5632
f 5653//5653 5652//5652 5654//5654
f 5653//5653 5654//5654 5655//5655
f 5653//5653 5655//5655 5632//5632
f 5632//5632 5655//5655 5656//5656
f 5632//5632 5656//5656 5631//5631
f 5631//5631 5656//5656 5657//5657
f 5631//5631 5657//5657 5629//5629
f 5629//5629 5657//5657 5658//5658
f 5629//5629 5658//5658 5659//5659
f 5629//5629 5659//5659 5627//5627
f 5659//5659 5658//5658 5660//5660
f 5660//5660 5658//5658 5661//5661
f 5661//5661 5658//5658 5657//5657
f 5661//5661 5657//5657 5662//5662
f 5662//5662 5657//5657 5663//5663
f 5662//5662 5663//5663 5661//5661
f 5663//5663 5657//5657 5656//5656
f 5661//5661 5663//5663 5664//5664
f 5661//5661 5664//5664 5660//5660
f 5660//5660 5664//5664 5665//5665
f 5660//5660 5665//5665 5659//5659
f 5665//5665 5664//5664 5666//5666
f 5665//5665 5666//5666 5659//5659
f 5666//5666 5664//5664 5667//5667
f 5667//5667 5664//5664 5668//5668
f 5668//5668 5664//5664 5669//5669
f 5669//5669 5664//5664 5663//5663
f 5668//5668 5669//5669 5670//5670
f 5670//5670 5669//5669 5663//5663
f 5670//5670 5663//5663 5671//5671
f 5670//5670 5671//5671 5668//5668
f 5671//5671 5663//5663 5672//5672
f 5672//5672 5663//5663 5656//5656
f 5672//5672 5656//5656 5673//5673
f 5673//5673 5656//5656 5674//5674
f 5674//5674 5656//5656 5655//5655
f 5674//5674 5655//5655 5675//5675
f 5675//5675 5655//5655 5654//5654
f 5674//5674 5675//5675 5676//5676
f 5674//5674 5676//5676 5673//5673
f 5676//5676 5675//5675 5677//5677
f 5677//5677 5675//5675 3502//3502
f 3502//3502 5675//5675 5654//5654
f 3502//3502 5654//5654 5678//5678
f 5678//5678 5654//5654 5652//5652
f 5678//5678 5652//5652 5679//5679
f 5679//5679 5652//5652 5680//5680
f 5680//5680 5652//5652 5651//5651
f 5680//5680 5651//5651 5650//5650
f 5680//5680 5650//5650 5681//5681
f 5681//5681 5650//5650 3503//3503
f 3503//3503 5650//5650 5649//5649
f 5681//5681 3503//3503 5682//5682
f 5681//5681 5682//5682 5683//5683
f 5681//5681 5683//5683 5680//5680
f 5680//5680 5683//5683 5679//5679
f 5679//5679 5683//5683 5678//5678
f 5678//5678 5683//5683 3502//3502
f 3502//3502 5683//5683 3500//3500
f 3500//3500 5683//5683 5682//5682
f 3500//3500 5682//5682 3503//3503
f 5684//5684 3503//3503 5649//5649
f 3503//3503 5684//5684 3504//3504
f 3504//3504 5684//5684 5685//5685
f 3504//3504 5685//5685 3505//3505
f 3505//3505 5685//5685 3506//3506
f 3506//3506 5685//5685 3507//3507
f 3507//3507 5685//5685 5686//5686
f 3507//3507 5686//5686 5687//5687
f 3507//3507 5687//5687 3511//3511
f 5687//5687 5686//5686 5688//5688
f 5687//5687 5688//5688 3511//3511
f 3511//3511 5688//5688 5689//5689
f 3511//3511 5689//5689 3529//3529
f 3529//3529 5689//5689 5690//5690
f 5690//5690 5689//5689 5688//5688
f 5690//5690 5688//5688 5691//5691
f 5691//5691 5688//5688 5692//5692
f 5692//5692 5688//5688 5686//5686
f 5691//5691 5692//5692 5693//5693
f 5693//5693 5692//5692 5694//5694
f 5693//5693 5694//5694 2247//2247
f 5693//5693 2247//2247 5695//5695
f 5693//5693 5695//5695 5691//5691
f 5695//5695 2247//2247 2246//2246
f 5695//5695 2246//2246 5696//5696
f 5695//5695 5696//5696 5697//5697
f 5695//5695 5697//5697 5691//5691
f 5691//5691 5697//5697 5698//5698
f 5691//5691 5698//5698 5690//5690
f 5690//5690 5698//5698 3529//3529
f 3529//3529 5698//5698 5699//5699
f 3529//3529 5699//5699 3619//3619
f 3619//3619 5699//5699 5700//5700
f 3619//3619 5700//5700 5701//5701
f 5701//5701 5700//5700 5699//5699
f 3619//3619 5701//5701 3622//3622
f 3622//3622 5701//5701 3626//3626
f 3626//3626 5701//5701 5702//5702
f 5702//5702 5701//5701 5703//5703
f 5703//5703 5701//5701 5704//5704
f 5704//5704 5701//5701 5699//5699
f 5704//5704 5699//5699 5698//5698
f 5704//5704 5698//5698 5703//5703
f 5703//5703 5698//5698 5705//5705
f 5705//5705 5698//5698 5697//5697
f 5705//5705 5697//5697 5706//5706
f 5706//5706 5697//5697 5696//5696
f 5706//5706 5696//5696 5707//5707
f 5706//5706 5707//5707 5708//5708
f 5706//5706 5708//5708 5705//5705
f 5705//5705 5708//5708 5709//5709
f 5705//5705 5709//5709 5703//5703
f 5703//5703 5709//5709 5702//5702
f 5702//5702 5709//5709 5710//5710
f 5702//5702 5710//5710 3626//3626
f 5710//5710 5709//5709 5711//5711
f 5711//5711 5709//5709 5708//5708
f 5711//5711 5708//5708 2169//2169
f 2169//2169 5708//5708 2170//2170
f 5711//5711 2169//2169 5712//5712
f 5712//5712 2169//2169 2168//2168
f 5712//5712 2168//2168 2167//2167
f 5712//5712 2167//2167 5713//5713
f 5713//5713 2167//2167 2153//2153
f 5713//5713 2153//2153 5714//5714
f 5714//5714 2153//2153 2150//2150
f 5714//5714 2150//2150 2149//2149
f 5714//5714 2149//2149 2148//2148
f 5714//5714 2148//2148 5715//5715
f 5715//5715 2148//2148 5716//5716
f 5716//5716 2148//2148 5717//5717
f 5717//5717 2148//2148 2147//2147
f 5717//5717 2147//2147 5718//5718
f 5718//5718 2147//2147 2145//2145
f 5718//5718 2145//2145 5719//5719
f 5719//5719 2145//2145 5720//5720
f 5720//5720 2145//2145 2144//2144
f 5720//5720 2144//2144 5721//5721
f 5721//5721 2144//2144 5722//5722
f 5722//5722 2144//2144 2119//2119
f 5722//5722 2119//2119 5723//5723
f 5723//5723 2119//2119 5724//5724
f 5724//5724 2119//2119 2118//2118
f 5723//5723 5724//5724 5725//5725
f 5725//5725 5724//5724 2118//2118
f 5723//5723 5725//5725 5726//5726
f 5723//5723 5726//5726 5722//5722
f 5722//5722 5726//5726 5721//5721
f 5721//5721 5726//5726 5725//5725
f 5721//5721 5725//5725 5727//5727
f 5721//5721 5727//5727 5728//5728
f 5721//5721 5728//5728 5720//5720
f 5720//5720 5728//5728 5719//5719
f 5719//5719 5728//5728 5729//5729
f 5719//5719 5729//5729 5730//5730
f 5730//5730 5729//5729 5728//5728
f 5719//5719 5730//5730 5718//5718
f 5718//5718 5730//5730 5731//5731
f 5718//5718 5731//5731 5717//5717
f 5717//5717 5731//5731 5732//5732
f 5732//5732 5731//5731 5730//5730
f 5717//5717 5732//5732 5716//5716
f 5716//5716 5732//5732 5733//5733
f 5716//5716 5733//5733 5715//5715
f 5715//5715 5733//5733 5734//5734
f 5715//5715 5734//5734 5714//5714
f 5734//5734 5733//5733 5735//5735
f 5735//5735 5733//5733 5732//5732
f 5735//5735 5732//5732 5730//5730
f 5735//5735 5730//5730 5736//5736
f 5736//5736 5730//5730 5728//5728
f 5736//5736 5728//5728 5737//5737
f 5737//5737 5728//5728 5727//5727
f 5737//5737 5727//5727 5725//5725
f 5737//5737 5725//5725 5738//5738
f 5738//5738 5725//5725 5739//5739
f 5739//5739 5725//5725 5740//5740
f 5740//5740 5725//5725 2118//2118
f 5740//5740 2118//2118 2117//2117
f 5740//5740 2117//2117 5741//5741
f 5741//5741 2117//2117 5742//5742
f 5742//5742 2117//2117 2116//2116
f 5741//5741 5742//5742 5743//5743
f 5743//5743 5742//5742 2116//2116
f 5743//5743 2116//2116 5744//5744
f 5744//5744 2116//2116 5745//5745
f 5744//5744 5745//5745 5746//5746
f 5744//5744 5746//5746 5747//5747
f 5744//5744 5747//5747 5748//5748
f 5744//5744 5748//5748 5743//5743
f 5743//5743 5748//5748 5749//5749
f 5743//5743 5749//5749 5750//5750
f 5743//5743 5750//5750 5741//5741
f 5741//5741 5750//5750 5751//5751
f 5741//5741 5751//5751 5740//5740
f 5740//5740 5751//5751 5752//5752
f 5752//5752 5751//5751 5750//5750
f 5752//5752 5750//5750 5753//5753
f 5753//5753 5750//5750 5749//5749
f 5753//5753 5749//5749 5754//5754
f 5754//5754 5749//5749 5748//5748
f 5753//5753 5754//5754 5755//5755
f 5753//5753 5755//5755 5752//5752
f 5752//5752 5755//5755 5756//5756
f 5752//5752 5756//5756 5757//5757
f 5752//5752 5757//5757 5740//5740
f 5757//5757 5756//5756 5758//5758
f 5758//5758 5756//5756 5759//5759
f 5759//5759 5756//5756 5755//5755
f 5759//5759 5755//5755 5760//5760
f 5759//5759 5760//5760 5758//5758
f 5760//5760 5755//5755 5754//5754
f 5758//5758 5760//5760 5761//5761
f 5758//5758 5761//5761 5757//5757
f 5757//5757 5761//5761 5762//5762
f 5762//5762 5761//5761 5760//5760
f 5757//5757 5762//5762 5740//5740
f 5740//5740 5762//5762 5763//5763
f 5740//5740 5763//5763 5739//5739
f 5739//5739 5763//5763 5738//5738
f 5738//5738 5763//5763 5764//5764
f 5764//5764 5763//5763 5762//5762
f 5764//5764 5762//5762 5760//5760
f 5738//5738 5764//5764 5737//5737
f 5737//5737 5764//5764 5765//5765
f 5765//5765 5764//5764 5766//5766
f 5766//5766 5764//5764 5767//5767
f 5767//5767 5764//5764 5760//5760
f 5767//5767 5760//5760 5768//5768
f 5768//5768 5760//5760 5754//5754
f 5768//5768 5754//5754 5748//5748
f 5768//5768 5748//5748 5769//5769
f 5769//5769 5748//5748 5747//5747
f 5768//5768 5769//5769 5770//5770
f 5768//5768 5770//5770 5767//5767
f 5767//5767 5770//5770 5771//5771
f 5767//5767 5771//5771 5772//5772
f 5767//5767 5772//5772 5766//5766
f 5766//5766 5772//5772 5773//5773
f 5766//5766 5773//5773 5765//5765
f 5765//5765 5773//5773 5774//5774
f 5765//5765 5774//5774 5737//5737
f 5737//5737 5774//5774 5775//5775
f 5737//5737 5775//5775 5736//5736
f 5736//5736 5775//5775 5776//5776
f 5776//5776 5775//5775 5774//5774
f 5776//5776 5774//5774 5777//5777
f 5777//5777 5774//5774 5773//5773
f 5777//5777 5773//5773 5778//5778
f 5777//5777 5778//5778 5779//5779
f 5777//5777 5779//5779 5776//5776
f 5776//5776 5779//5779 5780//5780
f 5776//5776 5780//5780 5736//5736
f 5736//5736 5780//5780 5781//5781
f 5736//5736 5781//5781 5782//5782
f 5736//5736 5782//5782 5735//5735
f 5735//5735 5782//5782 5783//5783
f 5735//5735 5783//5783 5734//5734
f 5734//5734 5783//5783 5784//5784
f 5734//5734 5784//5784 5714//5714
f 5714//5714 5784//5784 5785//5785
f 5714//5714 5785//5785 5786//5786
f 5714//5714 5786//5786 5713//5713
f 5713//5713 5786//5786 5712//5712
f 5712//5712 5786//5786 5787//5787
f 5712//5712 5787//5787 5711//5711
f 5711//5711 5787//5787 5710//5710
f 5710//5710 5787//5787 5788//5788
f 5788//5788 5787//5787 5789//5789
f 5789//5789 5787//5787 5786//5786
f 5789//5789 5786//5786 5785//5785
f 5789//5789 5785//5785 5784//5784
f 5789//5789 5784//5784 5783//5783
f 5789//5789 5783//5783 5790//5790
f 5789//5789 5790//5790 5788//5788
f 5788//5788 5790//5790 5791//5791
f 5788//5788 5791//5791 5710//5710
f 5710//5710 5791//5791 3626//3626
f 3626//3626 5791//5791 3275//3275
f 3626//3626 3275//3275 3609//3609
f 3275//3275 5791//5791 3274//3274
f 3274//3274 5791//5791 5792//5792
f 5792//5792 5791//5791 5790//5790
f 3274//3274 5792//5792 3273//3273
f 3273//3273 5792//5792 5790//5790
f 3273//3273 5790//5790 3266//3266
f 3266//3266 5790//5790 5793//5793
f 3266//3266 5793//5793 3265//3265
f 5793//5793 5790//5790 5794//5794
f 5794//5794 5790//5790 5783//5783
f 5794//5794 5783//5783 5795//5795
f 5795//5795 5783//5783 5782//5782
f 5795//5795 5782//5782 5781//5781
f 5795//5795 5781//5781 5796//5796
f 5796//5796 5781//5781 5780//5780
f 5796//5796 5780//5780 5779//5779
f 5796//5796 5779//5779 5797//5797
f 5797//5797 5779//5779 5798//5798
f 5798//5798 5779//5779 5778//5778
f 5798//5798 5778//5778 5799//5799
f 5799//5799 5778//5778 5773//5773
f 5798//5798 5799//5799 5800//5800
f 5798//5798 5800//5800 5797//5797
f 5797//5797 5800//5800 5801//5801
f 5801//5801 5800//5800 5802//5802
f 5802//5802 5800//5800 5803//5803
f 5803//5803 5800//5800 5799//5799
f 5802//5802 5803//5803 5804//5804
f 5802//5802 5804//5804 5801//5801
f 5801//5801 5804//5804 5797//5797
f 5797//5797 5804//5804 5805//5805
f 5797//5797 5805//5805 5806//5806
f 5797//5797 5806//5806 5796//5796
f 5796//5796 5806//5806 5807//5807
f 5796//5796 5807//5807 5795//5795
f 5807//5807 5806//5806 5808//5808
f 5808//5808 5806//5806 5805//5805
f 5808//5808 5805//5805 5809//5809
f 5809//5809 5805//5805 5810//5810
f 5810//5810 5805//5805 5804//5804
f 5809//5809 5810//5810 5811//5811
f 5809//5809 5811//5811 5808//5808
f 5808//5808 5811//5811 5807//5807
f 5807//5807 5811//5811 5812//5812
f 5807//5807 5812//5812 5813//5813
f 5807//5807 5813//5813 5795//5795
f 5795//5795 5813//5813 5794//5794
f 5794//5794 5813//5813 5814//5814
f 5814//5814 5813//5813 5812//5812
f 5794//5794 5814//5814 5793//5793
f 5793//5793 5814//5814 5812//5812
f 5793//5793 5812//5812 3265//3265
f 3265//3265 5812//5812 3264//3264
f 3264//3264 5812//5812 5811//5811
f 3264//3264 5811//5811 3257//3257
f 3257//3257 5811//5811 3252//3252
f 3252//3252 5811//5811 5810//5810
f 3252//3252 5810//5810 3251//3251
f 3251//3251 5810//5810 5804//5804
f 3251//3251 5804//5804 3249//3249
f 3249//3249 5804//5804 5803//5803
f 3249//3249 5803//5803 3248//3248
f 3248//3248 5803//5803 5799//5799
f 3248//3248 5799//5799 3247//3247
f 3247//3247 5799//5799 5815//5815
f 3247//3247 5815//5815 3246//3246
f 5815//5815 5799//5799 5816//5816
f 5815//5815 5816//5816 3246//3246
f 5816//5816 5799//5799 5773//5773
f 5816//5816 5773//5773 5772//5772
f 5816//5816 5772//5772 5771//5771
f 5816//5816 5771//5771 5817//5817
f 5816//5816 5817//5817 3242//3242
f 5816//5816 3242//3242 3246//3246
f 3242//3242 5817//5817 851//851
f 851//851 5817//5817 945//945
f 945//945 5817//5817 986//986
f 986//986 5817//5817 1055//1055
f 1055//1055 5817//5817 5771//5771
f 1055//1055 5771//5771 5770//5770
f 1055//1055 5770//5770 1056//1056
f 1056//1056 5770//5770 5818//5818
f 1056//1056 5818//5818 1057//1057
f 5818//5818 5770//5770 5819//5819
f 5819//5819 5770//5770 5769//5769
f 5818//5818 5819//5819 5820//5820
f 5818//5818 5820//5820 1057//1057
f 1057//1057 5820//5820 5821//5821
f 5821//5821 5820//5820 5819//5819
f 1057//1057 5821//5821 1077//1077
f 1077//1077 5821//5821 5822//5822
f 1077//1077 5822//5822 1078//1078
f 1078//1078 5822//5822 5823//5823
f 1078//1078 5823//5823 1079//1079
f 5823//5823 5822//5822 5824//5824
f 5824//5824 5822//5822 5821//5821
f 5824//5824 5821//5821 5825//5825
f 5825//5825 5821//5821 5819//5819
f 5825//5825 5819//5819 5769//5769
f 5825//5825 5769//5769 5826//5826
f 5826//5826 5769//5769 5747//5747
f 5826//5826 5747//5747 5827//5827
f 5827//5827 5747//5747 5746//5746
f 5827//5827 5746//5746 5828//5828
f 5828//5828 5746//5746 5829//5829
f 5829//5829 5746//5746 5745//5745
f 5828//5828 5829//5829 5830//5830
f 5829//5829 5745//5745 5831//5831
f 5831//5831 5745//5745 5832//5832
f 5832//5832 5745//5745 2116//2116
f 5832//5832 2116//2116 5833//5833
f 5833//5833 2116//2116 2113//2113
f 5833//5833 2113//2113 5834//5834
f 5834//5834 2113//2113 2109//2109
f 5834//5834 2109//2109 2108//2108
f 5834//5834 2108//2108 5833//5833
f 5833//5833 2108//2108 2076//2076
f 5833//5833 2076//2076 5835//5835
f 5833//5833 5835//5835 5836//5836
f 5833//5833 5836//5836 5837//5837
f 5833//5833 5837//5837 5832//5832
f 5832//5832 5837//5837 5838//5838
f 5832//5832 5838//5838 5831//5831
f 5831//5831 5838//5838 5839//5839
f 5839//5839 5838//5838 5837//5837
f 5831//5831 5839//5839 5840//5840
f 5831//5831 5840//5840 5829//5829
f 5829//5829 5840//5840 5830//5830
f 5830//5830 5840//5840 5841//5841
f 5830//5830 5841//5841 5842//5842
f 5830//5830 5842//5842 5828//5828
f 5828//5828 5842//5842 5843//5843
f 5843//5843 5842//5842 5841//5841
f 5828//5828 5843//5843 5844//5844
f 5828//5828 5844//5844 5827//5827
f 5844//5844 5843//5843 5845//5845
f 5845//5845 5843//5843 5841//5841
f 5844//5844 5845//5845 5846//5846
f 5844//5844 5846//5846 5827//5827
f 5827//5827 5846//5846 5826//5826
f 5826//5826 5846//5846 5847//5847
f 5826//5826 5847//5847 5848//5848
f 5826//5826 5848//5848 5825//5825
f 5825//5825 5848//5848 5849//5849
f 5825//5825 5849//5849 5824//5824
f 5824//5824 5849//5849 5850//5850
f 5850//5850 5849//5849 5851//5851
f 5851//5851 5849//5849 5848//5848
f 5851//5851 5848//5848 5852//5852
f 5851//5851 5852//5852 5853//5853
f 5851//5851 5853//5853 5850//5850
f 5850//5850 5853//5853 5854//5854
f 5850//5850 5854//5854 5824//5824
f 5824//5824 5854//5854 5823//5823
f 5823//5823 5854//5854 5855//5855
f 5823//5823 5855//5855 1079//1079
f 1079//1079 5855//5855 5856//5856
f 1079//1079 5856//5856 5857//5857
f 1079//1079 5857//5857 1080//1080
f 1080//1080 5857//5857 5856//5856
f 1080//1080 5856//5856 5858//5858
f 1080//1080 5858//5858 1089//1089
f 5858//5858 5856//5856 5859//5859
f 5859//5859 5856//5856 5855//5855
f 5859//5859 5855//5855 5860//5860
f 5860//5860 5855//5855 5854//5854
f 5860//5860 5854//5854 5861//5861
f 5861//5861 5854//5854 5853//5853
f 5861//5861 5853//5853 5862//5862
f 5861//5861 5862//5862 5863//5863
f 5862//5862 5853//5853 5864//5864
f 5862//5862 5864//5864 5863//5863
f 5864//5864 5853//5853 5865//5865
f 5865//5865 5853//5853 5852//5852
f 5864//5864 5865//5865 5866//5866
f 5864//5864 5866//5866 5863//5863
f 5863//5863 5866//5866 5867//5867
f 5863//5863 5867//5867 5861//5861
f 5861//5861 5867//5867 5860//5860
f 5860//5860 5867//5867 5868//5868
f 5868//5868 5867//5867 5869//5869
f 5869//5869 5867//5867 5866//5866
f 5869//5869 5866//5866 5865//5865
f 5869//5869 5865//5865 5870//5870
f 5869//5869 5870//5870 5871//5871
f 5869//5869 5871//5871 5868//5868
f 5868//5868 5871//5871 5872//5872
f 5868//5868 5872//5872 5873//5873
f 5868//5868 5873//5873 5874//5874
f 5868//5868 5874//5874 5875//5875
f 5868//5868 5875//5875 5860//5860
f 5860//5860 5875//5875 5859//5859
f 5859//5859 5875//5875 5858//5858
f 5858//5858 5875//5875 5876//5876
f 5876//5876 5875//5875 5877//5877
f 5877//5877 5875//5875 5874//5874
f 5877//5877 5874//5874 5878//5878
f 5878//5878 5874//5874 5879//5879
f 5879//5879 5874//5874 5873//5873
f 5878//5878 5879//5879 5880//5880
f 5880//5880 5879//5879 5873//5873
f 5878//5878 5880//5880 5877//5877
f 5877//5877 5880//5880 5881//5881
f 5881//5881 5880//5880 5873//5873
f 5877//5877 5881//5881 5876//5876
f 5881//5881 5873//5873 5872//5872
f 5876//5876 5881//5881 5882//5882
f 5882//5882 5881//5881 5883//5883
f 5883//5883 5881//5881 5884//5884
f 5884//5884 5881//5881 5872//5872
f 5884//5884 5872//5872 5885//5885
f 5885//5885 5872//5872 5886//5886
f 5886//5886 5872//5872 5871//5871
f 5885//5885 5886//5886 5887//5887
f 5885//5885 5887//5887 5884//5884
f 5884//5884 5887//5887 5888//5888
f 5884//5884 5888//5888 1133//1133
f 5884//5884 1133//1133 5883//5883
f 5883//5883 1133//1133 5889//5889
f 5883//5883 5889//5889 5882//5882
f 5882//5882 5889//5889 1093//1093
f 1093//1093 5889//5889 1133//1133
f 5882//5882 1093//1093 1092//1092
f 5882//5882 1092//1092 5876//5876
f 5876//5876 1092//1092 1091//1091
f 5876//5876 1091//1091 5890//5890
f 5876//5876 5890//5890 5858//5858
f 5890//5890 1091//1091 5891//5891
f 5890//5890 5891//5891 5858//5858
f 5891//5891 1091//1091 1089//1089
f 5891//5891 1089//1089 5858//5858
f 5892//5892 5888//5888 5887//5887
f 5892//5892 5887//5887 5886//5886
f 5888//5888 5892//5892 5893//5893
f 5888//5888 5893//5893 1133//1133
f 1133//1133 5893//5893 5894//5894
f 1133//1133 5894//5894 1134//1134
f 1134//1134 5894//5894 5895//5895
f 1134//1134 5895//5895 5896//5896
f 5896//5896 5895//5895 5897//5897
f 5897//5897 5895//5895 5898//5898
f 5898//5898 5895//5895 5894//5894
f 5897//5897 5898//5898 2074//2074
f 5897//5897 2074//2074 5899//5899
f 5897//5897 5899//5899 5896//5896
f 5896//5896 5899//5899 5900//5900
f 5896//5896 5900//5900 1134//1134
f 1134//1134 5900//5900 5901//5901
f 1134//1134 5901//5901 1141//1141
f 5901//5901 5900//5900 5902//5902
f 1141//1141 5901//5901 5903//5903
f 5903//5903 5901//5901 5902//5902
f 1141//1141 5903//5903 5904//5904
f 1141//1141 5904//5904 1142//1142
f 5904//5904 5903//5903 5905//5905
f 5905//5905 5903//5903 5906//5906
f 5906//5906 5903//5903 5907//5907
f 5907//5907 5903//5903 5902//5902
f 5906//5906 5907//5907 5908//5908
f 5908//5908 5907//5907 5902//5902
f 5906//5906 5908//5908 5909//5909
f 5906//5906 5909//5909 5905//5905
f 5905//5905 5909//5909 5910//5910
f 5905//5905 5910//5910 5904//5904
f 5904//5904 5910//5910 5911//5911
f 5904//5904 5911//5911 1142//1142
f 1142//1142 5911//5911 1215//1215
f 1142//1142 1215//1215 1143//1143
f 1215//1215 5911//5911 1216//1216
f 1216//1216 5911//5911 1217//1217
f 1217//1217 5911//5911 5910//5910
f 1217//1217 5910//5910 1219//1219
f 1219//1219 5910//5910 5909//5909
f 1219//1219 5909//5909 1220//1220
f 1220//1220 5909//5909 5912//5912
f 5912//5912 5909//5909 5908//5908
f 1220//1220 5912//5912 5913//5913
f 5913//5913 5912//5912 5908//5908
f 1220//1220 5913//5913 5914//5914
f 1220//1220 5914//5914 1601//1601
f 1601//1601 5914//5914 5915//5915
f 5915//5915 5914//5914 5913//5913
f 1601//1601 5915//5915 1602//1602
f 5915//5915 5913//5913 5916//5916
f 5916//5916 5913//5913 5908//5908
f 5916//5916 5908//5908 5917//5917
f 5917//5917 5908//5908 5902//5902
f 5917//5917 5902//5902 5918//5918
f 5918//5918 5902//5902 5900//5900
f 5918//5918 5900//5900 5899//5899
f 5918//5918 5899//5899 1625//1625
f 1625//1625 5899//5899 2074//2074
f 5918//5918 1625//1625 5919//5919
f 5919//5919 1625//1625 1624//1624
f 5919//5919 1624//1624 5920//5920
f 5920//5920 1624//1624 1621//1621
f 5920//5920 1621//1621 5921//5921
f 5921//5921 1621//1621 1615//1615
f 5921//5921 1615//1615 1603//1603
f 5921//5921 1603//1603 5922//5922
f 5922//5922 1603//1603 1602//1602
f 5922//5922 1602//1602 5923//5923
f 5922//5922 5923//5923 5921//5921
f 5923//5923 1602//1602 5915//5915
f 5923//5923 5915//5915 5916//5916
f 5923//5923 5916//5916 5924//5924
f 5923//5923 5924//5924 5921//5921
f 5921//5921 5924//5924 5920//5920
f 5920//5920 5924//5924 5925//5925
f 5925//5925 5924//5924 5916//5916
f 5920//5920 5925//5925 5919//5919
f 5919//5919 5925//5925 5918//5918
f 5918//5918 5925//5925 5917//5917
f 5917//5917 5925//5925 5916//5916
f 5926//5926 2573//2573 2565//2565
f 5926//5926 2565//2565 2707//2707
f 2573//2573 5926//5926 5927//5927
f 5927//5927 5926//5926 2707//2707
f 2573//2573 5927//5927 2577//2577
f 2577//2577 5927//5927 2578//2578
f 2578//2578 5927//5927 5928//5928
f 2578//2578 5928//5928 5929//5929
f 2578//2578 5929//5929 2579//2579
f 2579//2579 5929//5929 5930//5930
f 2579//2579 5930//5930 2580//2580
f 5930//5930 5929//5929 5931//5931
f 5930//5930 5931//5931 2580//2580
f 5931//5931 5929//5929 5928//5928
f 2580//2580 5931//5931 5932//5932
f 2580//2580 5932//5932 2582//2582
f 2582//2582 5932//5932 5933//5933
f 5933//5933 5932//5932 5931//5931
f 2582//2582 5933//5933 2584//2584
f 2584//2584 5933//5933 5931//5931
f 2584//2584 5931//5931 5934//5934
f 2584//2584 5934//5934 2585//2585
f 5934//5934 5931//5931 5935//5935
f 5934//5934 5935//5935 2585//2585
f 2585//2585 5935//5935 2613//2613
f 2585//2585 2613//2613 2614//2614
f 2613//2613 5935//5935 5936//5936
f 2613//2613 5936//5936 2611//2611
f 2611//2611 5936//5936 2710//2710
f 2710//2710 5936//5936 5937//5937
f 2710//2710 5937//5937 2709//2709
f 2709//2709 5937//5937 5938//5938
f 2709//2709 5938//5938 2707//2707
f 2707//2707 5938//5938 5939//5939
f 5939//5939 5938//5938 5937//5937
f 2707//2707 5939//5939 5927//5927
f 5927//5927 5939//5939 5940//5940
f 5940//5940 5939//5939 5937//5937
f 5927//5927 5940//5940 5928//5928
f 5928//5928 5940//5940 5941//5941
f 5941//5941 5940//5940 5937//5937
f 5928//5928 5941//5941 5931//5931
f 5941//5941 5937//5937 5942//5942
f 5941//5941 5942//5942 5931//5931
f 5942//5942 5937//5937 5936//5936
f 5931//5931 5942//5942 5943//5943
f 5943//5943 5942//5942 5936//5936
f 5943//5943 5936//5936 5935//5935
f 5943//5943 5935//5935 5931//5931
f 5944//5944 4332//4332 4333//4333
f 5944//5944 4333//4333 5945//5945
f 5945//5945 4333//4333 4334//4334
f 5944//5944 5945//5945 5946//5946
f 5946//5946 5945//5945 4334//4334
f 5944//5944 5946//5946 4332//4332
f 5946//5946 4334//4334 4346//4346
f 4332//4332 5946//5946 5947//5947
f 4332//4332 5947//5947 4331//4331
f 4331//4331 5947//5947 5948//5948
f 4331//4331 5948//5948 5949//5949
f 4331//4331 5949//5949 4330//4330
f 4330//4330 5949//5949 5950//5950
f 4330//4330 5950//5950 5951//5951
f 4330//4330 5951//5951 4307//4307
f 4307//4307 5951//5951 5952//5952
f 4307//4307 5952//5952 5953//5953
f 4307//4307 5953//5953 4306//4306
f 4306//4306 5953//5953 5954//5954
f 4306//4306 5954//5954 4305//4305
f 5954//5954 5953//5953 5955//5955
f 5954//5954 5955//5955 5956//5956
f 5954//5954 5956//5956 5957//5957
f 5957//5957 5956//5956 5958//5958
f 5958//5958 5956//5956 5959//5959
f 5959//5959 5956//5956 5955//5955
f 5959//5959 5955//5955 5960//5960
f 5960//5960 5955//5955 5953//5953
f 5960//5960 5953//5953 5961//5961
f 5961//5961 5953//5953 5952//5952
f 5961//5961 5952//5952 5962//5962
f 5962//5962 5952//5952 5951//5951
f 5961//5961 5962//5962 5963//5963
f 5961//5961 5963//5963 5960//5960
f 5960//5960 5963//5963 5964//5964
f 5960//5960 5964//5964 5959//5959
f 5959//5959 5964//5964 5965//5965
f 5965//5965 5964//5964 5966//5966
f 5966//5966 5964//5964 5963//5963
f 5965//5965 5966//5966 5967//5967
f 5967//5967 5966//5966 5963//5963
f 5967//5967 5963//5963 5968//5968
f 5968//5968 5963//5963 5962//5962
f 5968//5968 5962//5962 5969//5969
f 5969//5969 5962//5962 5951//5951
f 5969//5969 5951//5951 5970//5970
f 5970//5970 5951//5951 5950//5950
f 5970//5970 5950//5950 5971//5971
f 5971//5971 5950//5950 5949//5949
f 5971//5971 5949//5949 5948//5948
f 5971//5971 5948//5948 5972//5972
f 5972//5972 5948//5948 5973//5973
f 5973//5973 5948//5948 5947//5947
f 5973//5973 5947//5947 5974//5974
f 5974//5974 5947//5947 5946//5946
f 5973//5973 5974//5974 5975//5975
f 5975//5975 5974//5974 5946//5946
f 5973//5973 5975//5975 5972//5972
f 5975//5975 5946//5946 5976//5976
f 5975//5975 5976//5976 5972//5972
f 5976//5976 5946//5946 4346//4346
f 5972//5972 5976//5976 5977//5977
f 5972//5972 5977//5977 5971//5971
f 5971//5971 5977//5977 5978//5978
f 5978//5978 5977//5977 5976//5976
f 5971//5971 5978//5978 5970//5970
f 5970//5970 5978//5978 5979//5979
f 5970//5970 5979//5979 5969//5969
f 5979//5979 5978//5978 5980//5980
f 5979//5979 5980//5980 5969//5969
f 5969//5969 5980//5980 5981//5981
f 5969//5969 5981//5981 5968//5968
f 5981//5981 5980//5980 5982//5982
f 5981//5981 5982//5982 5968//5968
f 5968//5968 5982//5982 5983//5983
f 5968//5968 5983//5983 5967//5967
f 5983//5983 5982//5982 5984//5984
f 5984//5984 5982//5982 5985//5985
f 5985//5985 5982//5982 5980//5980
f 5985//5985 5980//5980 5986//5986
f 5986//5986 5980//5980 5987//5987
f 5986//5986 5987//5987 5985//5985
f 5987//5987 5980//5980 5978//5978
f 5987//5987 5978//5978 5976//5976
f 5987//5987 5976//5976 5988//5988
f 5988//5988 5976//5976 5989//5989
f 5989//5989 5976//5976 4346//4346
f 5988//5988 5989//5989 5990//5990
f 5990//5990 5989//5989 4346//4346
f 5988//5988 5990//5990 5987//5987
f 5990//5990 4346//4346 4347//4347
f 5990//5990 4347//4347 5991//5991
f 5991//5991 4347//4347 5992//5992
f 5992//5992 4347//4347 4348//4348
f 5992//5992 4348//4348 4349//4349
f 5992//5992 4349//4349 4511//4511
f 5992//5992 4511//4511 5993//5993
f 5992//5992 5993//5993 5991//5991
f 5991//5991 5993//5993 5990//5990
f 5990//5990 5993//5993 5987//5987
f 5987//5987 5993//5993 5994//5994
f 5994//5994 5993//5993 4511//4511
f 5994//5994 4511//4511 5995//5995
f 5995//5995 4511//4511 4512//4512
f 5995//5995 4512//4512 5996//5996
f 5995//5995 5996//5996 5994//5994
f 5996//5996 4512//4512 4513//4513
f 5994//5994 5996//5996 5997//5997
f 5997//5997 5996//5996 5998//5998
f 5998//5998 5996//5996 4513//4513
f 5998//5998 4513//4513 5999//5999
f 5998//5998 5999//5999 6000//6000
f 5998//5998 6000//6000 5997//5997
f 5997//5997 6000//6000 6001//6001
f 5997//5997 6001//6001 5994//5994
f 5994//5994 6001//6001 6002//6002
f 5994//5994 6002//6002 5987//5987
f 5987//5987 6002//6002 5985//5985
f 5985//5985 6002//6002 5984//5984
f 5984//5984 6002//6002 6003//6003
f 6003//6003 6002//6002 6001//6001
f 5984//5984 6003//6003 5983//5983
f 5983//5983 6003//6003 6004//6004
f 6004//6004 6003//6003 6005//6005
f 6005//6005 6003//6003 6001//6001
f 6004//6004 6005//6005 6006//6006
f 6004//6004 6006//6006 5983//5983
f 6006//6006 6005//6005 6007//6007
f 5983//5983 6006//6006 6008//6008
f 6006//6006 6007//6007 6009//6009
f 6006//6006 6009//6009 6008//6008
f 6008//6008 6009//6009 6010//6010
f 6010//6010 6009//6009 6007//6007
f 6010//6010 6007//6007 6011//6011
f 6011//6011 6007//6007 6005//6005
f 6011//6011 6005//6005 6012//6012
f 6012//6012 6005//6005 6013//6013
f 6013//6013 6005//6005 6001//6001
f 6013//6013 6001//6001 6012//6012
f 6012//6012 6001//6001 6000//6000
f 6012//6012 6000//6000 6014//6014
f 6012//6012 6014//6014 6011//6011
f 6014//6014 6000//6000 5999//5999
f 6014//6014 5999//5999 6015//6015
f 6015//6015 5999//5999 4513//4513
f 6015//6015 4513//4513 4518//4518
f 6015//6015 4518//4518 4523//4523
f 6015//6015 4523//4523 6016//6016
f 6016//6016 4523//4523 4525//4525
f 6016//6016 4525//4525 4526//4526
f 6016//6016 4526//4526 6017//6017
f 6017//6017 4526//4526 6018//6018
f 6018//6018 4526//4526 4527//4527
f 6018//6018 4527//4527 4528//4528
f 6018//6018 4528//4528 4531//4531
f 6018//6018 4531//4531 6019//6019
f 6018//6018 6019//6019 6017//6017
f 6019//6019 4531//4531 6020//6020
f 6020//6020 4531//4531 4532//4532
f 6020//6020 4532//4532 4533//4533
f 6020//6020 4533//4533 6021//6021
f 6021//6021 4533//4533 4537//4537
f 6021//6021 4537//4537 6022//6022
f 6022//6022 4537//4537 4538//4538
f 6022//6022 4538//4538 6023//6023
f 6022//6022 6023//6023 6024//6024
f 6022//6022 6024//6024 6021//6021
f 6021//6021 6024//6024 6025//6025
f 6025//6025 6024//6024 6026//6026
f 6026//6026 6024//6024 6027//6027
f 6027//6027 6024//6024 6023//6023
f 6027//6027 6023//6023 6028//6028
f 6028//6028 6023//6023 4538//4538
f 6028//6028 4538//4538 6029//6029
f 6029//6029 4538//4538 4539//4539
f 6029//6029 4539//4539 6030//6030
f 6029//6029 6030//6030 6028//6028
f 6028//6028 6030//6030 6031//6031
f 6031//6031 6030//6030 4539//4539
f 6028//6028 6031//6031 6032//6032
f 6028//6028 6032//6032 6027//6027
f 6032//6032 6031//6031 6033//6033
f 6032//6032 6033//6033 6034//6034
f 6033//6033 6031//6031 6035//6035
f 6033//6033 6035//6035 6034//6034
f 6034//6034 6035//6035 6036//6036
f 6034//6034 6036//6036 6037//6037
f 6034//6034 6037//6037 6032//6032
f 6032//6032 6037//6037 6038//6038
f 6032//6032 6038//6038 6027//6027
f 6027//6027 6038//6038 6039//6039
f 6027//6027 6039//6039 6026//6026
f 6026//6026 6039//6039 6040//6040
f 6040//6040 6039//6039 6038//6038
f 6026//6026 6040//6040 6041//6041
f 6026//6026 6041//6041 6025//6025
f 6025//6025 6041//6041 6042//6042
f 6025//6025 6042//6042 6021//6021
f 6021//6021 6042//6042 6043//6043
f 6021//6021 6043//6043 6020//6020
f 6043//6043 6042//6042 6044//6044
f 6043//6043 6044//6044 6020//6020
f 6020//6020 6044//6044 6045//6045
f 6020//6020 6045//6045 6019//6019
f 6019//6019 6045//6045 6017//6017
f 6017//6017 6045//6045 6046//6046
f 6046//6046 6045//6045 6044//6044
f 6046//6046 6044//6044 6042//6042
f 6046//6046 6042//6042 6047//6047
f 6047//6047 6042//6042 6048//6048
f 6048//6048 6042//6042 6041//6041
f 6048//6048 6041//6041 6049//6049
f 6048//6048 6049//6049 6047//6047
f 6049//6049 6041//6041 6040//6040
f 6049//6049 6040//6040 6050//6050
f 6050//6050 6040//6040 6051//6051
f 6049//6049 6050//6050 6052//6052
f 6052//6052 6050//6050 6051//6051
f 6049//6049 6052//6052 6053//6053
f 6049//6049 6053//6053 6054//6054
f 6049//6049 6054//6054 6047//6047
f 6054//6054 6053//6053 6055//6055
f 6055//6055 6053//6053 6052//6052
f 6055//6055 6052//6052 6056//6056
f 6056//6056 6052//6052 6057//6057
f 6057//6057 6052//6052 6051//6051
f 6057//6057 6051//6051 6058//6058
f 6057//6057 6058//6058 6056//6056
f 6058//6058 6051//6051 6040//6040
f 6058//6058 6040//6040 6059//6059
f 6059//6059 6040//6040 6060//6060
f 6060//6060 6040//6040 6038//6038
f 6060//6060 6038//6038 6061//6061
f 6061//6061 6038//6038 6037//6037
f 6060//6060 6061//6061 6062//6062
f 6061//6061 6037//6037 6063//6063
f 6061//6061 6063//6063 6062//6062
f 6062//6062 6063//6063 6064//6064
f 6062//6062 6064//6064 6060//6060
f 6060//6060 6064//6064 6065//6065
f 6060//6060 6065//6065 6059//6059
f 6059//6059 6065//6065 6066//6066
f 6066//6066 6065//6065 6064//6064
f 6059//6059 6066//6066 6058//6058
f 6066//6066 6064//6064 6067//6067
f 6066//6066 6067//6067 6058//6058
f 6067//6067 6064//6064 6068//6068
f 6068//6068 6064//6064 6063//6063
f 6068//6068 6063//6063 6069//6069
f 6068//6068 6069//6069 6070//6070
f 6068//6068 6070//6070 6067//6067
f 6067//6067 6070//6070 6071//6071
f 6067//6067 6071//6071 6072//6072
f 6067//6067 6072//6072 6073//6073
f 6067//6067 6073//6073 6058//6058
f 6058//6058 6073//6073 6074//6074
f 6074//6074 6073//6073 6072//6072
f 6058//6058 6074//6074 6056//6056
f 6074//6074 6072//6072 6075//6075
f 6075//6075 6072//6072 6071//6071
f 6074//6074 6075//6075 6076//6076
f 6076//6076 6075//6075 6071//6071
f 6074//6074 6076//6076 6077//6077
f 6074//6074 6077//6077 6056//6056
f 6077//6077 6076//6076 6078//6078
f 6078//6078 6076//6076 6079//6079
f 6077//6077 6078//6078 6080//6080
f 6080//6080 6078//6078 6079//6079
f 6080//6080 6079//6079 6081//6081
f 6081//6081 6079//6079 6082//6082
f 6082//6082 6079//6079 6076//6076
f 6082//6082 6076//6076 6071//6071
f 6082//6082 6071//6071 6083//6083
f 6082//6082 6083//6083 6084//6084
f 6082//6082 6084//6084 6085//6085
f 6082//6082 6085//6085 6081//6081
f 6081//6081 6085//6085 6086//6086
f 6081//6081 6086//6086 6080//6080
f 6080//6080 6086//6086 6087//6087
f 6080//6080 6087//6087 6077//6077
f 6077//6077 6087//6087 6088//6088
f 6077//6077 6088//6088 6056//6056
f 6056//6056 6088//6088 6089//6089
f 6056//6056 6089//6089 6055//6055
f 6055//6055 6089//6089 6090//6090
f 6055//6055 6090//6090 6091//6091
f 6055//6055 6091//6091 6054//6054
f 6091//6091 6090//6090 6092//6092
f 6092//6092 6090//6090 6093//6093
f 6093//6093 6090//6090 6089//6089
f 6093//6093 6089//6089 6094//6094
f 6094//6094 6089//6089 6088//6088
f 6093//6093 6094//6094 6095//6095
f 6095//6095 6094//6094 6096//6096
f 6095//6095 6096//6096 6093//6093
f 6096//6096 6094//6094 6088//6088
f 6096//6096 6088//6088 6097//6097
f 6097//6097 6088//6088 6087//6087
f 6097//6097 6087//6087 6098//6098
f 6098//6098 6087//6087 6086//6086
f 6098//6098 6086//6086 6099//6099
f 6099//6099 6086//6086 6085//6085
f 6098//6098 6099//6099 6100//6100
f 6098//6098 6100//6100 6097//6097
f 6100//6100 6099//6099 6101//6101
f 6101//6101 6099//6099 6085//6085
f 6101//6101 6085//6085 6102//6102
f 6102//6102 6085//6085 6084//6084
f 6102//6102 6084//6084 6103//6103
f 6103//6103 6084//6084 6083//6083
f 6102//6102 6103//6103 6104//6104
f 6104//6104 6103//6103 6105//6105
f 6102//6102 6104//6104 6106//6106
f 6106//6106 6104//6104 6107//6107
f 6107//6107 6104//6104 6105//6105
f 6107//6107 6105//6105 6108//6108
f 6108//6108 6105//6105 6109//6109
f 6109//6109 6105//6105 6103//6103
f 6108//6108 6109//6109 6110//6110
f 6110//6110 6109//6109 6111//6111
f 6110//6110 6111//6111 6112//6112
f 6111//6111 6109//6109 6113//6113
f 6112//6112 6111//6111 6114//6114
f 6114//6114 6111//6111 6113//6113
f 6114//6114 6113//6113 6115//6115
f 6115//6115 6113//6113 6116//6116
f 6116//6116 6113//6113 6109//6109
f 6116//6116 6109//6109 6103//6103
f 6116//6116 6103//6103 6117//6117
f 6117//6117 6103//6103 6083//6083
f 6117//6117 6083//6083 6118//6118
f 6117//6117 6118//6118 6116//6116
f 6118//6118 6083//6083 6119//6119
f 6119//6119 6083//6083 6071//6071
f 6118//6118 6119//6119 6120//6120
f 6120//6120 6119//6119 6071//6071
f 6118//6118 6120//6120 6121//6121
f 6118//6118 6121//6121 6116//6116
f 6116//6116 6121//6121 6115//6115
f 6115//6115 6121//6121 6122//6122
f 6115//6115 6122//6122 6114//6114
f 6122//6122 6121//6121 6123//6123
f 6123//6123 6121//6121 6120//6120
f 6123//6123 6120//6120 6124//6124
f 6124//6124 6120//6120 6071//6071
f 6124//6124 6071//6071 6125//6125
f 6125//6125 6071//6071 6070//6070
f 6124//6124 6125//6125 6126//6126
f 6126//6126 6125//6125 6070//6070
f 6124//6124 6126//6126 6127//6127
f 6124//6124 6127//6127 6123//6123
f 6123//6123 6127//6127 6128//6128
f 6123//6123 6128//6128 6122//6122
f 6128//6128 6127//6127 6129//6129
f 6129//6129 6127//6127 6126//6126
f 6129//6129 6126//6126 6070//6070
f 6129//6129 6070//6070 6069//6069
f 6129//6129 6069//6069 6130//6130
f 6130//6130 6069//6069 6131//6131
f 6131//6131 6069//6069 6063//6063
f 6131//6131 6063//6063 6037//6037
f 6131//6131 6037//6037 6036//6036
f 6131//6131 6036//6036 6132//6132
f 6132//6132 6036//6036 6133//6133
f 6132//6132 6133//6133 6134//6134
f 6133//6133 6036//6036 6135//6135
f 6135//6135 6036//6036 6136//6136
f 6135//6135 6136//6136 6133//6133
f 6136//6136 6036//6036 6035//6035
f 6133//6133 6136//6136 6137//6137
f 6133//6133 6137//6137 6134//6134
f 6137//6137 6136//6136 6138//6138
f 6138//6138 6136//6136 6035//6035
f 6138//6138 6035//6035 6139//6139
f 6139//6139 6035//6035 6031//6031
f 6139//6139 6031//6031 6140//6140
f 6140//6140 6031//6031 6141//6141
f 6141//6141 6031//6031 4539//4539
f 6141//6141 4539//4539 6140//6140
f 6140//6140 4539//4539 4540//4540
f 6140//6140 4540//4540 6139//6139
f 6139//6139 4540//4540 6142//6142
f 6142//6142 4540//4540 4541//4541
f 6142//6142 4541//4541 6139//6139
f 6139//6139 4541//4541 4544//4544
f 6139//6139 4544//4544 6138//6138
f 6138//6138 4544//4544 6143//6143
f 6138//6138 6143//6143 6137//6137
f 6143//6143 4544//4544 4545//4545
f 6137//6137 6143//6143 6144//6144
f 6137//6137 6144//6144 6134//6134
f 6134//6134 6144//6144 6145//6145
f 6134//6134 6145//6145 6132//6132
f 6132//6132 6145//6145 6146//6146
f 6132//6132 6146//6146 6131//6131
f 6131//6131 6146//6146 6147//6147
f 6131//6131 6147//6147 6130//6130
f 6130//6130 6147//6147 6148//6148
f 6148//6148 6147//6147 6146//6146
f 6130//6130 6148//6148 6149//6149
f 6130//6130 6149//6149 6129//6129
f 6129//6129 6149//6149 6150//6150
f 6129//6129 6150//6150 6128//6128
f 6128//6128 6150//6150 5474//5474
f 6128//6128 5474//5474 6122//6122
f 6122//6122 5474//5474 6151//6151
f 6122//6122 6151//6151 6114//6114
f 6151//6151 5474//5474 5475//5475
f 6114//6114 6151//6151 6112//6112
f 6151//6151 5475//5475 5477//5477
f 6112//6112 6151//6151 6152//6152
f 6112//6112 6152//6152 6110//6110
f 6110//6110 6152//6152 6153//6153
f 6110//6110 6153//6153 6108//6108
f 6153//6153 6152//6152 6154//6154
f 6154//6154 6152//6152 6151//6151
f 6154//6154 6151//6151 6155//6155
f 6155//6155 6151//6151 6156//6156
f 6156//6156 6151//6151 5477//5477
f 6156//6156 5477//5477 6157//6157
f 6157//6157 5477//5477 5479//5479
f 6157//6157 5479//5479 6158//6158
f 6158//6158 5479//5479 5508//5508
f 6158//6158 5508//5508 6159//6159
f 6159//6159 5508//5508 5509//5509
f 6159//6159 5509//5509 6160//6160
f 6160//6160 5509//5509 5510//5510
f 6160//6160 5510//5510 6161//6161
f 6161//6161 5510//5510 5511//5511
f 6161//6161 5511//5511 5512//5512
f 6161//6161 5512//5512 6162//6162
f 6162//6162 5512//5512 6163//6163
f 6163//6163 5512//5512 5513//5513
f 6163//6163 5513//5513 6164//6164
f 6164//6164 5513//5513 6165//6165
f 6165//6165 5513//5513 5514//5514
f 6165//6165 5514//5514 6166//6166
f 6165//6165 6166//6166 6167//6167
f 6167//6167 6166//6166 5514//5514
f 6165//6165 6167//6167 6168//6168
f 6165//6165 6168//6168 6169//6169
f 6169//6169 6168//6168 6167//6167
f 6165//6165 6169//6169 6170//6170
f 6165//6165 6170//6170 6164//6164
f 6164//6164 6170//6170 6171//6171
f 6164//6164 6171//6171 6163//6163
f 6163//6163 6171//6171 6172//6172
f 6163//6163 6172//6172 6162//6162
f 6162//6162 6172//6172 6173//6173
f 6162//6162 6173//6173 6174//6174
f 6162//6162 6174//6174 6161//6161
f 6174//6174 6173//6173 6175//6175
f 6161//6161 6174//6174 6176//6176
f 6176//6176 6174//6174 6175//6175
f 6161//6161 6176//6176 6177//6177
f 6161//6161 6177//6177 6160//6160
f 6160//6160 6177//6177 6159//6159
f 6159//6159 6177//6177 6178//6178
f 6159//6159 6178//6178 6179//6179
f 6159//6159 6179//6179 6158//6158
f 6158//6158 6179//6179 6180//6180
f 6158//6158 6180//6180 6157//6157
f 6157//6157 6180//6180 6156//6156
f 6156//6156 6180//6180 6155//6155
f 6155//6155 6180//6180 6181//6181
f 6155//6155 6181//6181 6154//6154
f 6154//6154 6181//6181 6153//6153
f 6153//6153 6181//6181 6180//6180
f 6153//6153 6180//6180 6182//6182
f 6182//6182 6180//6180 6179//6179
f 6182//6182 6179//6179 6178//6178
f 6182//6182 6178//6178 6183//6183
f 6182//6182 6183//6183 6153//6153
f 6153//6153 6183//6183 6108//6108
f 6108//6108 6183//6183 6184//6184
f 6184//6184 6183//6183 6178//6178
f 6108//6108 6184//6184 6107//6107
f 6184//6184 6178//6178 6185//6185
f 6185//6185 6178//6178 6177//6177
f 6185//6185 6177//6177 6176//6176
f 6185//6185 6176//6176 6186//6186
f 6186//6186 6176//6176 6175//6175
f 6185//6185 6186//6186 6187//6187
f 6185//6185 6187//6187 6184//6184
f 6184//6184 6187//6187 6188//6188
f 6188//6188 6187//6187 6186//6186
f 6184//6184 6188//6188 6107//6107
f 6107//6107 6188//6188 6186//6186
f 6107//6107 6186//6186 6189//6189
f 6189//6189 6186//6186 6175//6175
f 6189//6189 6175//6175 6173//6173
f 6189//6189 6173//6173 6190//6190
f 6189//6189 6190//6190 6191//6191
f 6189//6189 6191//6191 6106//6106
f 6189//6189 6106//6106 6107//6107
f 6106//6106 6191//6191 6192//6192
f 6106//6106 6192//6192 6102//6102
f 6102//6102 6192//6192 6193//6193
f 6102//6102 6193//6193 6101//6101
f 6101//6101 6193//6193 6194//6194
f 6101//6101 6194//6194 6100//6100
f 6194//6194 6193//6193 6195//6195
f 6194//6194 6195//6195 6100//6100
f 6195//6195 6193//6193 6196//6196
f 6196//6196 6193//6193 6192//6192
f 6195//6195 6196//6196 6197//6197
f 6195//6195 6197//6197 6100//6100
f 6197//6197 6196//6196 6198//6198
f 6198//6198 6196//6196 6192//6192
f 6197//6197 6198//6198 6199//6199
f 6199//6199 6198//6198 6192//6192
f 6199//6199 6192//6192 6200//6200
f 6200//6200 6192//6192 6191//6191
f 6200//6200 6191//6191 6201//6201
f 6201//6201 6191//6191 6190//6190
f 6201//6201 6190//6190 6202//6202
f 6202//6202 6190//6190 6173//6173
f 6202//6202 6173//6173 6203//6203
f 6203//6203 6173//6173 6172//6172
f 6203//6203 6172//6172 6204//6204
f 6203//6203 6204//6204 6202//6202
f 6204//6204 6172//6172 6171//6171
f 6204//6204 6171//6171 6205//6205
f 6205//6205 6171//6171 6170//6170
f 6204//6204 6205//6205 6206//6206
f 6204//6204 6206//6206 6207//6207
f 6204//6204 6207//6207 6202//6202
f 6202//6202 6207//6207 6208//6208
f 6202//6202 6208//6208 6201//6201
f 6201//6201 6208//6208 6209//6209
f 6209//6209 6208//6208 6210//6210
f 6210//6210 6208//6208 6211//6211
f 6211//6211 6208//6208 6207//6207
f 6211//6211 6207//6207 6212//6212
f 6212//6212 6207//6207 6206//6206
f 6212//6212 6206//6206 6205//6205
f 6212//6212 6205//6205 6213//6213
f 6213//6213 6205//6205 6170//6170
f 6212//6212 6213//6213 6214//6214
f 6212//6212 6214//6214 6215//6215
f 6212//6212 6215//6215 6211//6211
f 6211//6211 6215//6215 6216//6216
f 6211//6211 6216//6216 6210//6210
f 6210//6210 6216//6216 6217//6217
f 6210//6210 6217//6217 6209//6209
f 6209//6209 6217//6217 6218//6218
f 6209//6209 6218//6218 6201//6201
f 6201//6201 6218//6218 6219//6219
f 6201//6201 6219//6219 6220//6220
f 6201//6201 6220//6220 6200//6200
f 6200//6200 6220//6220 6221//6221
f 6200//6200 6221//6221 6199//6199
f 6221//6221 6220//6220 6222//6222
f 6222//6222 6220//6220 6219//6219
f 6221//6221 6222//6222 6223//6223
f 6221//6221 6223//6223 6199//6199
f 6199//6199 6223//6223 6224//6224
f 6224//6224 6223//6223 6225//6225
f 6225//6225 6223//6223 6222//6222
f 6225//6225 6222//6222 6226//6226
f 6226//6226 6222//6222 6227//6227
f 6227//6227 6222//6222 6219//6219
f 6227//6227 6219//6219 6218//6218
f 6227//6227 6218//6218 6228//6228
f 6228//6228 6218//6218 6217//6217
f 6228//6228 6217//6217 6229//6229
f 6229//6229 6217//6217 6230//6230
f 6230//6230 6217//6217 6216//6216
f 6230//6230 6216//6216 6231//6231
f 6231//6231 6216//6216 6215//6215
f 6231//6231 6215//6215 6232//6232
f 6232//6232 6215//6215 6233//6233
f 6232//6232 6233//6233 6231//6231
f 6233//6233 6215//6215 6214//6214
f 6233//6233 6214//6214 6234//6234
f 6234//6234 6214//6214 6213//6213
f 6234//6234 6213//6213 6235//6235
f 6235//6235 6213//6213 6236//6236
f 6236//6236 6213//6213 6170//6170
f 6236//6236 6170//6170 6237//6237
f 6236//6236 6237//6237 6235//6235
f 6237//6237 6170//6170 6169//6169
f 6237//6237 6169//6169 6238//6238
f 6237//6237 6238//6238 6239//6239
f 6239//6239 6238//6238 6169//6169
f 6237//6237 6239//6239 6240//6240
f 6237//6237 6240//6240 6235//6235
f 6235//6235 6240//6240 6241//6241
f 6235//6235 6241//6241 6242//6242
f 6235//6235 6242//6242 6234//6234
f 6234//6234 6242//6242 6233//6233
f 6233//6233 6242//6242 6243//6243
f 6233//6233 6243//6243 6244//6244
f 6233//6233 6244//6244 6231//6231
f 6231//6231 6244//6244 6230//6230
f 6230//6230 6244//6244 6245//6245
f 6230//6230 6245//6245 6229//6229
f 6229//6229 6245//6245 6246//6246
f 6229//6229 6246//6246 6247//6247
f 6229//6229 6247//6247 6228//6228
f 6228//6228 6247//6247 6227//6227
f 6227//6227 6247//6247 6248//6248
f 6248//6248 6247//6247 6249//6249
f 6249//6249 6247//6247 6246//6246
f 6248//6248 6249//6249 6250//6250
f 6249//6249 6246//6246 6251//6251
f 6249//6249 6251//6251 6250//6250
f 6250//6250 6251//6251 6252//6252
f 6250//6250 6252//6252 6253//6253
f 6250//6250 6253//6253 6248//6248
f 6248//6248 6253//6253 6254//6254
f 6254//6254 6253//6253 6252//6252
f 6254//6254 6252//6252 6255//6255
f 6255//6255 6252//6252 6251//6251
f 6255//6255 6251//6251 6256//6256
f 6256//6256 6251//6251 6246//6246
f 6256//6256 6246//6246 6257//6257
f 6257//6257 6246//6246 6245//6245
f 6257//6257 6245//6245 6244//6244
f 6257//6257 6244//6244 6258//6258
f 6258//6258 6244//6244 6243//6243
f 6257//6257 6258//6258 6259//6259
f 6259//6259 6258//6258 6243//6243
f 6259//6259 6243//6243 6260//6260
f 6260//6260 6243//6243 6242//6242
f 6260//6260 6242//6242 6261//6261
f 6260//6260 6261//6261 6259//6259
f 6261//6261 6242//6242 6241//6241
f 6261//6261 6241//6241 6262//6262
f 6262//6262 6241//6241 6240//6240
f 6261//6261 6262//6262 6263//6263
f 6261//6261 6263//6263 6264//6264
f 6261//6261 6264//6264 6259//6259
f 6259//6259 6264//6264 6257//6257
f 6257//6257 6264//6264 6265//6265
f 6257//6257 6265//6265 6266//6266
f 6257//6257 6266//6266 6256//6256
f 6256//6256 6266//6266 6267//6267
f 6256//6256 6267//6267 6268//6268
f 6256//6256 6268//6268 6255//6255
f 6255//6255 6268//6268 6269//6269
f 6255//6255 6269//6269 6270//6270
f 6255//6255 6270//6270 6254//6254
f 6254//6254 6270//6270 6271//6271
f 6254//6254 6271//6271 6272//6272
f 6254//6254 6272//6272 6248//6248
f 6272//6272 6271//6271 6273//6273
f 6273//6273 6271//6271 6270//6270
f 6272//6272 6273//6273 6274//6274
f 6272//6272 6274//6274 6248//6248
f 6248//6248 6274//6274 6275//6275
f 6248//6248 6275//6275 6227//6227
f 6227//6227 6275//6275 6226//6226
f 6226//6226 6275//6275 6276//6276
f 6226//6226 6276//6276 6225//6225
f 6225//6225 6276//6276 6277//6277
f 6225//6225 6277//6277 6224//6224
f 6224//6224 6277//6277 6278//6278
f 6224//6224 6278//6278 6199//6199
f 6199//6199 6278//6278 6197//6197
f 6197//6197 6278//6278 6279//6279
f 6279//6279 6278//6278 6280//6280
f 6280//6280 6278//6278 6277//6277
f 6280//6280 6277//6277 6276//6276
f 6280//6280 6276//6276 6281//6281
f 6280//6280 6281//6281 6282//6282
f 6280//6280 6282//6282 6279//6279
f 6279//6279 6282//6282 6283//6283
f 6279//6279 6283//6283 6284//6284
f 6279//6279 6284//6284 6197//6197
f 6197//6197 6284//6284 6100//6100
f 6100//6100 6284//6284 6285//6285
f 6100//6100 6285//6285 6286//6286
f 6100//6100 6286//6286 6097//6097
f 6097//6097 6286//6286 6287//6287
f 6097//6097 6287//6287 6096//6096
f 6287//6287 6286//6286 6288//6288
f 6287//6287 6288//6288 6289//6289
f 6287//6287 6289//6289 6096//6096
f 6289//6289 6288//6288 6290//6290
f 6289//6289 6290//6290 6096//6096
f 6290//6290 6288//6288 6286//6286
f 6290//6290 6286//6286 6285//6285
f 6290//6290 6285//6285 6291//6291
f 6291//6291 6285//6285 6284//6284
f 6291//6291 6284//6284 6292//6292
f 6292//6292 6284//6284 6283//6283
f 6291//6291 6292//6292 6293//6293
f 6291//6291 6293//6293 6290//6290
f 6290//6290 6293//6293 6294//6294
f 6290//6290 6294//6294 6295//6295
f 6290//6290 6295//6295 6096//6096
f 6096//6096 6295//6295 6093//6093
f 6093//6093 6295//6295 6296//6296
f 6296//6296 6295//6295 6294//6294
f 6093//6093 6296//6296 6297//6297
f 6093//6093 6297//6297 6092//6092
f 6297//6297 6296//6296 6298//6298
f 6298//6298 6296//6296 6294//6294
f 6298//6298 6294//6294 6299//6299
f 6299//6299 6294//6294 6293//6293
f 6299//6299 6293//6293 6292//6292
f 6299//6299 6292//6292 6300//6300
f 6299//6299 6300//6300 6301//6301
f 6301//6301 6300//6300 6292//6292
f 6301//6301 6292//6292 6302//6302
f 6302//6302 6292//6292 6283//6283
f 6302//6302 6283//6283 6282//6282
f 6302//6302 6282//6282 6303//6303
f 6303//6303 6282//6282 6281//6281
f 6303//6303 6281//6281 6304//6304
f 6304//6304 6281//6281 6305//6305
f 6305//6305 6281//6281 6276//6276
f 6305//6305 6276//6276 6306//6306
f 6306//6306 6276//6276 6275//6275
f 6306//6306 6275//6275 6307//6307
f 6307//6307 6275//6275 6274//6274
f 6307//6307 6274//6274 6273//6273
f 6307//6307 6273//6273 6308//6308
f 6307//6307 6308//6308 6309//6309
f 6307//6307 6309//6309 6306//6306
f 6309//6309 6308//6308 6310//6310
f 6310//6310 6308//6308 6273//6273
f 6310//6310 6273//6273 6311//6311
f 6311//6311 6273//6273 6270//6270
f 6311//6311 6270//6270 6312//6312
f 6312//6312 6270//6270 6269//6269
f 6312//6312 6269//6269 6313//6313
f 6313//6313 6269//6269 6268//6268
f 6313//6313 6268//6268 6314//6314
f 6314//6314 6268//6268 6267//6267
f 6314//6314 6267//6267 6315//6315
f 6315//6315 6267//6267 6316//6316
f 6316//6316 6267//6267 6266//6266
f 6316//6316 6266//6266 6317//6317
f 6317//6317 6266//6266 6265//6265
f 6317//6317 6265//6265 6318//6318
f 6318//6318 6265//6265 6264//6264
f 6318//6318 6264//6264 6319//6319
f 6319//6319 6264//6264 6263//6263
f 6319//6319 6263//6263 6320//6320
f 6320//6320 6263//6263 6262//6262
f 6320//6320 6262//6262 6321//6321
f 6320//6320 6321//6321 6319//6319
f 6321//6321 6262//6262 6240//6240
f 6321//6321 6240//6240 6322//6322
f 6322//6322 6240//6240 6239//6239
f 6322//6322 6239//6239 6323//6323
f 6323//6323 6239//6239 6169//6169
f 6323//6323 6169//6169 6324//6324
f 6324//6324 6169//6169 6167//6167
f 6324//6324 6167//6167 6323//6323
f 6323//6323 6167//6167 6325//6325
f 6323//6323 6325//6325 6326//6326
f 6323//6323 6326//6326 6327//6327
f 6323//6323 6327//6327 6322//6322
f 6322//6322 6327//6327 6328//6328
f 6322//6322 6328//6328 6321//6321
f 6321//6321 6328//6328 6329//6329
f 6329//6329 6328//6328 5671//5671
f 6329//6329 5671//5671 6330//6330
f 6329//6329 6330//6330 6331//6331
f 6329//6329 6331//6331 6321//6321
f 6321//6321 6331//6331 6332//6332
f 6321//6321 6332//6332 6319//6319
f 6319//6319 6332//6332 6333//6333
f 6319//6319 6333//6333 6318//6318
f 6333//6333 6332//6332 6334//6334
f 6334//6334 6332//6332 6335//6335
f 6333//6333 6334//6334 6336//6336
f 6336//6336 6334//6334 6337//6337
f 6336//6336 6337//6337 6333//6333
f 6337//6337 6334//6334 6335//6335
f 6333//6333 6337//6337 6318//6318
f 6318//6318 6337//6337 6338//6338
f 6318//6318 6338//6338 6317//6317
f 6317//6317 6338//6338 6339//6339
f 6339//6339 6338//6338 6337//6337
f 6317//6317 6339//6339 6316//6316
f 6339//6339 6337//6337 6340//6340
f 6340//6340 6337//6337 6335//6335
f 6340//6340 6335//6335 6341//6341
f 6341//6341 6335//6335 6332//6332
f 6341//6341 6332//6332 6342//6342
f 6342//6342 6332//6332 6331//6331
f 6342//6342 6331//6331 6343//6343
f 6343//6343 6331//6331 6344//6344
f 6344//6344 6331//6331 6330//6330
f 6344//6344 6330//6330 6345//6345
f 6345//6345 6330//6330 5671//5671
f 6345//6345 5671//5671 5672//5672
f 6345//6345 5672//5672 5673//5673
f 6345//6345 5673//5673 6346//6346
f 6345//6345 6346//6346 6344//6344
f 6346//6346 5673//5673 5676//5676
f 6344//6344 6346//6346 6347//6347
f 6344//6344 6347//6347 6343//6343
f 6343//6343 6347//6347 6348//6348
f 6343//6343 6348//6348 6342//6342
f 6342//6342 6348//6348 6349//6349
f 6342//6342 6349//6349 6341//6341
f 6341//6341 6349//6349 6350//6350
f 6341//6341 6350//6350 6340//6340
f 6340//6340 6350//6350 6351//6351
f 6340//6340 6351//6351 6339//6339
f 6339//6339 6351//6351 6316//6316
f 6316//6316 6351//6351 6352//6352
f 6316//6316 6352//6352 6353//6353
f 6316//6316 6353//6353 6315//6315
f 6315//6315 6353//6353 6354//6354
f 6354//6354 6353//6353 6352//6352
f 6315//6315 6354//6354 6314//6314
f 6314//6314 6354//6354 6355//6355
f 6314//6314 6355//6355 6313//6313
f 6313//6313 6355//6355 6356//6356
f 6313//6313 6356//6356 6312//6312
f 6312//6312 6356//6356 6357//6357
f 6312//6312 6357//6357 6358//6358
f 6312//6312 6358//6358 6311//6311
f 6311//6311 6358//6358 6359//6359
f 6359//6359 6358//6358 6360//6360
f 6360//6360 6358//6358 6361//6361
f 6360//6360 6361//6361 6359//6359
f 6361//6361 6358//6358 6357//6357
f 6361//6361 6357//6357 6362//6362
f 6362//6362 6357//6357 6356//6356
f 6362//6362 6356//6356 6355//6355
f 6362//6362 6355//6355 6363//6363
f 6363//6363 6355//6355 6364//6364
f 6364//6364 6355//6355 6354//6354
f 6364//6364 6354//6354 6352//6352
f 6364//6364 6352//6352 6365//6365
f 6364//6364 6365//6365 6366//6366
f 6364//6364 6366//6366 6363//6363
f 6363//6363 6366//6366 6367//6367
f 6363//6363 6367//6367 6362//6362
f 6362//6362 6367//6367 6368//6368
f 6362//6362 6368//6368 6369//6369
f 6362//6362 6369//6369 6361//6361
f 6369//6369 6368//6368 6370//6370
f 6361//6361 6369//6369 6371//6371
f 6371//6371 6369//6369 6370//6370
f 6371//6371 6370//6370 6372//6372
f 6372//6372 6370//6370 6373//6373
f 6373//6373 6370//6370 6368//6368
f 6373//6373 6368//6368 6374//6374
f 6374//6374 6368//6368 6367//6367
f 6374//6374 6367//6367 6375//6375
f 6375//6375 6367//6367 6376//6376
f 6375//6375 6376//6376 6374//6374
f 6376//6376 6367//6367 6366//6366
f 6376//6376 6366//6366 6377//6377
f 6377//6377 6366//6366 6378//6378
f 6378//6378 6366//6366 6365//6365
f 6378//6378 6365//6365 6379//6379
f 6378//6378 6379//6379 6380//6380
f 6378//6378 6380//6380 6381//6381
f 6378//6378 6381//6381 6377//6377
f 6377//6377 6381//6381 6382//6382
f 6377//6377 6382//6382 6376//6376
f 6376//6376 6382//6382 6374//6374
f 6374//6374 6382//6382 6383//6383
f 6374//6374 6383//6383 6384//6384
f 6374//6374 6384//6384 6373//6373
f 6384//6384 6383//6383 6385//6385
f 6384//6384 6385//6385 6386//6386
f 6384//6384 6386//6386 6387//6387
f 6384//6384 6387//6387 6373//6373
f 6373//6373 6387//6387 6388//6388
f 6373//6373 6388//6388 6372//6372
f 6372//6372 6388//6388 6389//6389
f 6372//6372 6389//6389 6371//6371
f 6371//6371 6389//6389 6390//6390
f 6371//6371 6390//6390 6361//6361
f 6390//6390 6389//6389 6391//6391
f 6391//6391 6389//6389 6392//6392
f 6392//6392 6389//6389 6388//6388
f 6392//6392 6388//6388 6393//6393
f 6393//6393 6388//6388 6394//6394
f 6394//6394 6388//6388 6387//6387
f 6393//6393 6394//6394 6395//6395
f 6395//6395 6394//6394 6387//6387
f 6395//6395 6387//6387 6396//6396
f 6396//6396 6387//6387 6386//6386
f 6396//6396 6386//6386 6397//6397
f 6397//6397 6386//6386 6385//6385
f 6397//6397 6385//6385 6398//6398
f 6398//6398 6385//6385 6383//6383
f 6398//6398 6383//6383 6399//6399
f 6399//6399 6383//6383 6382//6382
f 6399//6399 6382//6382 6400//6400
f 6400//6400 6382//6382 6381//6381
f 6399//6399 6400//6400 6401//6401
f 6401//6401 6400//6400 6381//6381
f 6399//6399 6401//6401 6398//6398
f 6401//6401 6381//6381 6402//6402
f 6402//6402 6381//6381 6380//6380
f 6401//6401 6402//6402 6403//6403
f 6401//6401 6403//6403 6404//6404
f 6401//6401 6404//6404 6398//6398
f 6398//6398 6404//6404 6405//6405
f 6405//6405 6404//6404 6403//6403
f 6398//6398 6405//6405 6406//6406
f 6398//6398 6406//6406 6397//6397
f 6397//6397 6406//6406 6407//6407
f 6397//6397 6407//6407 6396//6396
f 6407//6407 6406//6406 6408//6408
f 6396//6396 6407//6407 6409//6409
f 6409//6409 6407//6407 6408//6408
f 6396//6396 6409//6409 6410//6410
f 6396//6396 6410//6410 6395//6395
f 6410//6410 6409//6409 6411//6411
f 6395//6395 6410//6410 6412//6412
f 6412//6412 6410//6410 6411//6411
f 6395//6395 6412//6412 6413//6413
f 6395//6395 6413//6413 4304//4304
f 4304//4304 6413//6413 6412//6412
f 4304//4304 6412//6412 4303//4303
f 4303//4303 6412//6412 4294//4294
f 4294//4294 6412//6412 6414//6414
f 6414//6414 6412//6412 6415//6415
f 6415//6415 6412//6412 6411//6411
f 6415//6415 6411//6411 6416//6416
f 6416//6416 6411//6411 6409//6409
f 6416//6416 6409//6409 6408//6408
f 6416//6416 6408//6408 6417//6417
f 6417//6417 6408//6408 6406//6406
f 6417//6417 6406//6406 6418//6418
f 6417//6417 6418//6418 6419//6419
f 6417//6417 6419//6419 6416//6416
f 6416//6416 6419//6419 6415//6415
f 6416//6416 6415//6415 6420//6420
f 6416//6416 6420//6420 6415//6415
f 6415//6415 6419//6419 6421//6421
f 6415//6415 6421//6421 6414//6414
f 6414//6414 6421//6421 6422//6422
f 6422//6422 6421//6421 6423//6423
f 6423//6423 6421//6421 6419//6419
f 6423//6423 6419//6419 6424//6424
f 6424//6424 6419//6419 6418//6418
f 6424//6424 6418//6418 6406//6406
f 6424//6424 6406//6406 6405//6405
f 6424//6424 6405//6405 6425//6425
f 6425//6425 6405//6405 6426//6426
f 6426//6426 6405//6405 6403//6403
f 6426//6426 6403//6403 6427//6427
f 6427//6427 6403//6403 6402//6402
f 6427//6427 6402//6402 6428//6428
f 6428//6428 6402//6402 6429//6429
f 6429//6429 6402//6402 6380//6380
f 6429//6429 6380//6380 6430//6430
f 6430//6430 6380//6380 6379//6379
f 6430//6430 6379//6379 6365//6365
f 6430//6430 6365//6365 6431//6431
f 6431//6431 6365//6365 6352//6352
f 6431//6431 6352//6352 6432//6432
f 6431//6431 6432//6432 6433//6433
f 6431//6431 6433//6433 6430//6430
f 6433//6433 6432//6432 6434//6434
f 6434//6434 6432//6432 6435//6435
f 6435//6435 6432//6432 6352//6352
f 6435//6435 6352//6352 6351//6351
f 6435//6435 6351//6351 6436//6436
f 6435//6435 6436//6436 6434//6434
f 6436//6436 6351//6351 6350//6350
f 6436//6436 6350//6350 6437//6437
f 6437//6437 6350//6350 6349//6349
f 6437//6437 6349//6349 6438//6438
f 6438//6438 6349//6349 6439//6439
f 6439//6439 6349//6349 6348//6348
f 6438//6438 6439//6439 6440//6440
f 6439//6439 6348//6348 6441//6441
f 6439//6439 6441//6441 6440//6440
f 6441//6441 6348//6348 6442//6442
f 6442//6442 6348//6348 6347//6347
f 6442//6442 6347//6347 6443//6443
f 6443//6443 6347//6347 6346//6346
f 6443//6443 6346//6346 6444//6444
f 6443//6443 6444//6444 6442//6442
f 6444//6444 6346//6346 5676//5676
f 6444//6444 5676//5676 5677//5677
f 6444//6444 5677//5677 6445//6445
f 6445//6445 5677//5677 3502//3502
f 6445//6445 3502//3502 3449//3449
f 6445//6445 3449//3449 6446//6446
f 6446//6446 3449//3449 6447//6447
f 6447//6447 3449//3449 3443//3443
f 6447//6447 3443//3443 6448//6448
f 6447//6447 6448//6448 6449//6449
f 6447//6447 6449//6449 6446//6446
f 6446//6446 6449//6449 6450//6450
f 6446//6446 6450//6450 6445//6445
f 6450//6450 6449//6449 6451//6451
f 6451//6451 6449//6449 6448//6448
f 6451//6451 6448//6448 6452//6452
f 6452//6452 6448//6448 3443//3443
f 6451//6451 6452//6452 6450//6450
f 6452//6452 3443//3443 3442//3442
f 6452//6452 3442//3442 6453//6453
f 6453//6453 3442//3442 3441//3441
f 6453//6453 3441//3441 6454//6454
f 6454//6454 3441//3441 3440//3440
f 6454//6454 3440//3440 3439//3439
f 6454//6454 3439//3439 6455//6455
f 6454//6454 6455//6455 6453//6453
f 6453//6453 6455//6455 6456//6456
f 6453//6453 6456//6456 6452//6452
f 6452//6452 6456//6456 6450//6450
f 6450//6450 6456//6456 6457//6457
f 6450//6450 6457//6457 6458//6458
f 6450//6450 6458//6458 6459//6459
f 6450//6450 6459//6459 6445//6445
f 6445//6445 6459//6459 6444//6444
f 6444//6444 6459//6459 6460//6460
f 6444//6444 6460//6460 6442//6442
f 6460//6460 6459//6459 6461//6461
f 6461//6461 6459//6459 6458//6458
f 6460//6460 6461//6461 6462//6462
f 6461//6461 6458//6458 6463//6463
f 6461//6461 6463//6463 6462//6462
f 6463//6463 6458//6458 6464//6464
f 6464//6464 6458//6458 6457//6457
f 6464//6464 6457//6457 6465//6465
f 6465//6465 6457//6457 6456//6456
f 6465//6465 6456//6456 6466//6466
f 6466//6466 6456//6456 6455//6455
f 6466//6466 6455//6455 6467//6467
f 6467//6467 6455//6455 6468//6468
f 6468//6468 6455//6455 3439//3439
f 6468//6468 3439//3439 3437//3437
f 6468//6468 3437//3437 6469//6469
f 6469//6469 3437//3437 3436//3436
f 6468//6468 6469//6469 6470//6470
f 6469//6469 3436//3436 6471//6471
f 6469//6469 6471//6471 6470//6470
f 6471//6471 3436//3436 6472//6472
f 6472//6472 3436//3436 3435//3435
f 6471//6471 6472//6472 6473//6473
f 6471//6471 6473//6473 6470//6470
f 6470//6470 6473//6473 6474//6474
f 6470//6470 6474//6474 6468//6468
f 6474//6474 6473//6473 6475//6475
f 6475//6475 6473//6473 6472//6472
f 6474//6474 6475//6475 6476//6476
f 6474//6474 6476//6476 6477//6477
f 6477//6477 6476//6476 6478//6478
f 6478//6478 6476//6476 6479//6479
f 6477//6477 6478//6478 6480//6480
f 6478//6478 6479//6479 6481//6481
f 6478//6478 6481//6481 6480//6480
f 6481//6481 6479//6479 6482//6482
f 6482//6482 6479//6479 6483//6483
f 6483//6483 6479//6479 6476//6476
f 6483//6483 6476//6476 6484//6484
f 6484//6484 6476//6476 6475//6475
f 6484//6484 6475//6475 6485//6485
f 6485//6485 6475//6475 6486//6486
f 6486//6486 6475//6475 6472//6472
f 6485//6485 6486//6486 6487//6487
f 6485//6485 6487//6487 6484//6484
f 6484//6484 6487//6487 6488//6488
f 6484//6484 6488//6488 6489//6489
f 6484//6484 6489//6489 6483//6483
f 6489//6489 6488//6488 6490//6490
f 6489//6489 6490//6490 6483//6483
f 6483//6483 6490//6490 6491//6491
f 6483//6483 6491//6491 6482//6482
f 6482//6482 6491//6491 6492//6492
f 6482//6482 6492//6492 6481//6481
f 6481//6481 6492//6492 6493//6493
f 6493//6493 6492//6492 6494//6494
f 6494//6494 6492//6492 6491//6491
f 6493//6493 6494//6494 6495//6495
f 6493//6493 6495//6495 6496//6496
f 6493//6493 6496//6496 6497//6497
f 6493//6493 6497//6497 6481//6481
f 6481//6481 6497//6497 6498//6498
f 6498//6498 6497//6497 6496//6496
f 6481//6481 6498//6498 6480//6480
f 6498//6498 6496//6496 6499//6499
f 6480//6480 6498//6498 6500//6500
f 6500//6500 6498//6498 6501//6501
f 6500//6500 6501//6501 6502//6502
f 6500//6500 6502//6502 6480//6480
f 6480//6480 6502//6502 6466//6466
f 6466//6466 6502//6502 6501//6501
f 6480//6480 6466//6466 6477//6477
f 6477//6477 6466//6466 6503//6503
f 6503//6503 6466//6466 6467//6467
f 6477//6477 6503//6503 6474//6474
f 6503//6503 6467//6467 6468//6468
f 6504//6504 6468//6468 6474//6474
f 6504//6504 6474//6474 6503//6503
f 6504//6504 6503//6503 6468//6468
f 6465//6465 6466//6466 6501//6501
f 6465//6465 6501//6501 6505//6505
f 6505//6505 6501//6501 6498//6498
f 6465//6465 6505//6505 6506//6506
f 6506//6506 6505//6505 6498//6498
f 6506//6506 6498//6498 6499//6499
f 6506//6506 6499//6499 6507//6507
f 6506//6506 6507//6507 6464//6464
f 6506//6506 6464//6464 6465//6465
f 6464//6464 6507//6507 6508//6508
f 6464//6464 6508//6508 6463//6463
f 6463//6463 6508//6508 6507//6507
f 6463//6463 6507//6507 6509//6509
f 6509//6509 6507//6507 6510//6510
f 6510//6510 6507//6507 6499//6499
f 6510//6510 6499//6499 6496//6496
f 6510//6510 6496//6496 6511//6511
f 6511//6511 6496//6496 6495//6495
f 6510//6510 6511//6511 6512//6512
f 6510//6510 6512//6512 6509//6509
f 6509//6509 6512//6512 6513//6513
f 6509//6509 6513//6513 6463//6463
f 6513//6513 6512//6512 6514//6514
f 6514//6514 6512//6512 6511//6511
f 6514//6514 6511//6511 6515//6515
f 6514//6514 6515//6515 6516//6516
f 6514//6514 6516//6516 6513//6513
f 6516//6516 6515//6515 6517//6517
f 6517//6517 6515//6515 6511//6511
f 6517//6517 6511//6511 6518//6518
f 6518//6518 6511//6511 6495//6495
f 6518//6518 6495//6495 6494//6494
f 6518//6518 6494//6494 6519//6519
f 6519//6519 6494//6494 6520//6520
f 6520//6520 6494//6494 6491//6491
f 6520//6520 6491//6491 6521//6521
f 6521//6521 6491//6491 6490//6490
f 6521//6521 6490//6490 6522//6522
f 6522//6522 6490//6490 6488//6488
f 6521//6521 6522//6522 6523//6523
f 6521//6521 6523//6523 6520//6520
f 6520//6520 6523//6523 6524//6524
f 6520//6520 6524//6524 6525//6525
f 6520//6520 6525//6525 6424//6424
f 6424//6424 6525//6525 6524//6524
f 6424//6424 6524//6524 6423//6423
f 6423//6423 6524//6524 6523//6523
f 6423//6423 6523//6523 6526//6526
f 6526//6526 6523//6523 6522//6522
f 6526//6526 6522//6522 6527//6527
f 6527//6527 6522//6522 6488//6488
f 6527//6527 6488//6488 6528//6528
f 6528//6528 6488//6488 6487//6487
f 6528//6528 6487//6487 6486//6486
f 6528//6528 6486//6486 6529//6529
f 6529//6529 6486//6486 6530//6530
f 6530//6530 6486//6486 6472//6472
f 6529//6529 6530//6530 6531//6531
f 6531//6531 6530//6530 6472//6472
f 6529//6529 6531//6531 6532//6532
f 6529//6529 6532//6532 6528//6528
f 6532//6532 6531//6531 6533//6533
f 6533//6533 6531//6531 6534//6534
f 6534//6534 6531//6531 6472//6472
f 6534//6534 6472//6472 6535//6535
f 6535//6535 6472//6472 3435//3435
f 6535//6535 3435//3435 6536//6536
f 6535//6535 6536//6536 6534//6534
f 6536//6536 3435//3435 3432//3432
f 6536//6536 3432//3432 3428//3428
f 6536//6536 3428//3428 6537//6537
f 6537//6537 3428//3428 3427//3427
f 6537//6537 3427//3427 3426//3426
f 6537//6537 3426//3426 3408//3408
f 6537//6537 3408//3408 3407//3407
f 6537//6537 3407//3407 6538//6538
f 6537//6537 6538//6538 6536//6536
f 6536//6536 6538//6538 6534//6534
f 6534//6534 6538//6538 3406//3406
f 3406//3406 6538//6538 3407//3407
f 6534//6534 3406//3406 6533//6533
f 6533//6533 3406//3406 3405//3405
f 6533//6533 3405//3405 6532//6532
f 6532//6532 3405//3405 4294//4294
f 6532//6532 4294//4294 6539//6539
f 6532//6532 6539//6539 6528//6528
f 6539//6539 4294//4294 6414//6414
f 6539//6539 6414//6414 6528//6528
f 6528//6528 6414//6414 6540//6540
f 6528//6528 6540//6540 6527//6527
f 6527//6527 6540//6540 6526//6526
f 6526//6526 6540//6540 6422//6422
f 6422//6422 6540//6540 6414//6414
f 6526//6526 6422//6422 6541//6541
f 6541//6541 6422//6422 6423//6423
f 6541//6541 6423//6423 6526//6526
f 4590//4590 5296//5296 4589//4589
f 4589//4589 5296//5296 6542//6542
f 6542//6542 5296//5296 6543//6543
f 6543//6543 5296//5296 5297//5297
f 6543//6543 5297//5297 6544//6544
f 6544//6544 5297//5297 6545//6545
f 6545//6545 5297//5297 5298//5298
f 6544//6544 6545//6545 6546//6546
f 6546//6546 6545//6545 5298//5298
f 6544//6544 6546//6546 6547//6547
f 6544//6544 6547//6547 6543//6543
f 6543//6543 6547//6547 6548//6548
f 6543//6543 6548//6548 6542//6542
f 6548//6548 6547//6547 6549//6549
f 6549//6549 6547//6547 6546//6546
f 6549//6549 6546//6546 5298//5298
f 6549//6549 5298//5298 6550//6550
f 6550//6550 5298//5298 5299//5299
f 6550//6550 5299//5299 6551//6551
f 6551//6551 5299//5299 5300//5300
f 6551//6551 5300//5300 6552//6552
f 6552//6552 5300//5300 5318//5318
f 6552//6552 5318//5318 6553//6553
f 6553//6553 5318//5318 6554//6554
f 6554//6554 5318//5318 5319//5319
f 6553//6553 6554//6554 6555//6555
f 6553//6553 6555//6555 6552//6552
f 6552//6552 6555//6555 6556//6556
f 6552//6552 6556//6556 6551//6551
f 6556//6556 6555//6555 6557//6557
f 6556//6556 6557//6557 6551//6551
f 6551//6551 6557//6557 6558//6558
f 6551//6551 6558//6558 6550//6550
f 6550//6550 6558//6558 6559//6559
f 6550//6550 6559//6559 6560//6560
f 6550//6550 6560//6560 6549//6549
f 6560//6560 6559//6559 6561//6561
f 6560//6560 6561//6561 6562//6562
f 6560//6560 6562//6562 6549//6549
f 6562//6562 6561//6561 6563//6563
f 6562//6562 6563//6563 6549//6549
f 6549//6549 6563//6563 6564//6564
f 6549//6549 6564//6564 4556//4556
f 6549//6549 4556//4556 4580//4580
f 4556//4556 6564//6564 4555//4555
f 4555//4555 6564//6564 6565//6565
f 6565//6565 6564//6564 6563//6563
f 4555//4555 6565//6565 4553//4553
f 6565//6565 6563//6563 6566//6566
f 6565//6565 6566//6566 4553//4553
f 6566//6566 6563//6563 6567//6567
f 6567//6567 6563//6563 6561//6561
f 6567//6567 6561//6561 6568//6568
f 6567//6567 6568//6568 6566//6566
f 6568//6568 6561//6561 6559//6559
f 6566//6566 6568//6568 6569//6569
f 6566//6566 6569//6569 4553//4553
f 4553//4553 6569//6569 4552//4552
f 4552//4552 6569//6569 6570//6570
f 4552//4552 6570//6570 4548//4548
f 4548//4548 6570//6570 4547//4547
f 4547//4547 6570//6570 6571//6571
f 4547//4547 6571//6571 4546//4546
f 4546//4546 6571//6571 6572//6572
f 4546//4546 6572//6572 4545//4545
f 4545//4545 6572//6572 6573//6573
f 4545//4545 6573//6573 6143//6143
f 6143//6143 6573//6573 6574//6574
f 6143//6143 6574//6574 6144//6144
f 6144//6144 6574//6574 5442//5442
f 6144//6144 5442//5442 6145//6145
f 6145//6145 5442//5442 5443//5443
f 6145//6145 5443//5443 6146//6146
f 6146//6146 5443//5443 6575//6575
f 6146//6146 6575//6575 6148//6148
f 6575//6575 5443//5443 5456//5456
f 6575//6575 5456//5456 6576//6576
f 6576//6576 5456//5456 5457//5457
f 6576//6576 5457//5457 5458//5458
f 6576//6576 5458//5458 6577//6577
f 6577//6577 5458//5458 5472//5472
f 6577//6577 5472//5472 6578//6578
f 6577//6577 6578//6578 6576//6576
f 6576//6576 6578//6578 6575//6575
f 6575//6575 6578//6578 6148//6148
f 6148//6148 6578//6578 6149//6149
f 6149//6149 6578//6578 6150//6150
f 6150//6150 6578//6578 5473//5473
f 5473//5473 6578//6578 5472//5472
f 6150//6150 5473//5473 5474//5474
f 6579//6579 5442//5442 6574//6574
f 6579//6579 6574//6574 6573//6573
f 5442//5442 6579//6579 5441//5441
f 5441//5441 6579//6579 6580//6580
f 5441//5441 6580//6580 5435//5435
f 5435//5435 6580//6580 6581//6581
f 5435//5435 6581//6581 5433//5433
f 6581//6581 6580//6580 6582//6582
f 6582//6582 6580//6580 6579//6579
f 6582//6582 6579//6579 6583//6583
f 6583//6583 6579//6579 6584//6584
f 6584//6584 6579//6579 6573//6573
f 6584//6584 6573//6573 6572//6572
f 6584//6584 6572//6572 6585//6585
f 6584//6584 6585//6585 6583//6583
f 6585//6585 6572//6572 6586//6586
f 6586//6586 6572//6572 6571//6571
f 6586//6586 6571//6571 6587//6587
f 6587//6587 6571//6571 6570//6570
f 6587//6587 6570//6570 6588//6588
f 6588//6588 6570//6570 6589//6589
f 6589//6589 6570//6570 6569//6569
f 6589//6589 6569//6569 6568//6568
f 6589//6589 6568//6568 6590//6590
f 6589//6589 6590//6590 6588//6588
f 6588//6588 6590//6590 6591//6591
f 6588//6588 6591//6591 6587//6587
f 6587//6587 6591//6591 6586//6586
f 6586//6586 6591//6591 6592//6592
f 6586//6586 6592//6592 6585//6585
f 6585//6585 6592//6592 6593//6593
f 6585//6585 6593//6593 6583//6583
f 6583//6583 6593//6593 6594//6594
f 6583//6583 6594//6594 6582//6582
f 6582//6582 6594//6594 6581//6581
f 6581//6581 6594//6594 6595//6595
f 6581//6581 6595//6595 6596//6596
f 6581//6581 6596//6596 5433//5433
f 5433//5433 6596//6596 5432//5432
f 5432//5432 6596//6596 6595//6595
f 5432//5432 6595//6595 6597//6597
f 5432//5432 6597//6597 5431//5431
f 5431//5431 6597//6597 5383//5383
f 5383//5383 6597//6597 6598//6598
f 5383//5383 6598//6598 5378//5378
f 5378//5378 6598//6598 6599//6599
f 5378//5378 6599//6599 5377//5377
f 5377//5377 6599//6599 6600//6600
f 5377//5377 6600//6600 5376//5376
f 5376//5376 6600//6600 5375//5375
f 5375//5375 6600//6600 6601//6601
f 6601//6601 6600//6600 6602//6602
f 6601//6601 6602//6602 6603//6603
f 6601//6601 6603//6603 6604//6604
f 6601//6601 6604//6604 5375//5375
f 5375//5375 6604//6604 6605//6605
f 5375//5375 6605//6605 5365//5365
f 5365//5365 6605//6605 6606//6606
f 5365//5365 6606//6606 5358//5358
f 6606//6606 6605//6605 6607//6607
f 6606//6606 6607//6607 5358//5358
f 6607//6607 6605//6605 6608//6608
f 6608//6608 6605//6605 6604//6604
f 6607//6607 6608//6608 6609//6609
f 6609//6609 6608//6608 6610//6610
f 6610//6610 6608//6608 6604//6604
f 6610//6610 6604//6604 6611//6611
f 6611//6611 6604//6604 6612//6612
f 6612//6612 6604//6604 6603//6603
f 6612//6612 6603//6603 6602//6602
f 6612//6612 6602//6602 6613//6613
f 6613//6613 6602//6602 6614//6614
f 6614//6614 6602//6602 6600//6600
f 6614//6614 6600//6600 6615//6615
f 6615//6615 6600//6600 6599//6599
f 6615//6615 6599//6599 6616//6616
f 6616//6616 6599//6599 6598//6598
f 6615//6615 6616//6616 6617//6617
f 6615//6615 6617//6617 6614//6614
f 6617//6617 6616//6616 6618//6618
f 6618//6618 6616//6616 6598//6598
f 6618//6618 6598//6598 6619//6619
f 6618//6618 6619//6619 6617//6617
f 6619//6619 6598//6598 6620//6620
f 6620//6620 6598//6598 6597//6597
f 6620//6620 6597//6597 6621//6621
f 6621//6621 6597//6597 6622//6622
f 6622//6622 6597//6597 6595//6595
f 6621//6621 6622//6622 6623//6623
f 6621//6621 6623//6623 6620//6620
f 6623//6623 6622//6622 6624//6624
f 6624//6624 6622//6622 6595//6595
f 6624//6624 6595//6595 6625//6625
f 6625//6625 6595//6595 6626//6626
f 6626//6626 6595//6595 6594//6594
f 6626//6626 6594//6594 6593//6593
f 6626//6626 6593//6593 6592//6592
f 6626//6626 6592//6592 6627//6627
f 6627//6627 6592//6592 6628//6628
f 6628//6628 6592//6592 6591//6591
f 6628//6628 6591//6591 6629//6629
f 6629//6629 6591//6591 6590//6590
f 6628//6628 6629//6629 6630//6630
f 6628//6628 6630//6630 6627//6627
f 6627//6627 6630//6630 6631//6631
f 6627//6627 6631//6631 6626//6626
f 6626//6626 6631//6631 6632//6632
f 6626//6626 6632//6632 6625//6625
f 6632//6632 6631//6631 6633//6633
f 6633//6633 6631//6631 6630//6630
f 6633//6633 6630//6630 6629//6629
f 6633//6633 6629//6629 6634//6634
f 6634//6634 6629//6629 6590//6590
f 6634//6634 6590//6590 6635//6635
f 6635//6635 6590//6590 6568//6568
f 6635//6635 6568//6568 6636//6636
f 6636//6636 6568//6568 6559//6559
f 6636//6636 6559//6559 6637//6637
f 6637//6637 6559//6559 6558//6558
f 6637//6637 6558//6558 6638//6638
f 6638//6638 6558//6558 6557//6557
f 6638//6638 6557//6557 6639//6639
f 6638//6638 6639//6639 6637//6637
f 6637//6637 6639//6639 6636//6636
f 6639//6639 6557//6557 6555//6555
f 6639//6639 6555//6555 6554//6554
f 6639//6639 6554//6554 6640//6640
f 6639//6639 6640//6640 6636//6636
f 6636//6636 6640//6640 6635//6635
f 6635//6635 6640//6640 6634//6634
f 6634//6634 6640//6640 6641//6641
f 6634//6634 6641//6641 6633//6633
f 6641//6641 6640//6640 6642//6642
f 6642//6642 6640//6640 6554//6554
f 6642//6642 6554//6554 5319//5319
f 6642//6642 5319//5319 5320//5320
f 6642//6642 5320//5320 6643//6643
f 6642//6642 6643//6643 6644//6644
f 6642//6642 6644//6644 6641//6641
f 6641//6641 6644//6644 6645//6645
f 6641//6641 6645//6645 6633//6633
f 6633//6633 6645//6645 6646//6646
f 6633//6633 6646//6646 6632//6632
f 6632//6632 6646//6646 6625//6625
f 6625//6625 6646//6646 6624//6624
f 6624//6624 6646//6646 6647//6647
f 6624//6624 6647//6647 6623//6623
f 6623//6623 6647//6647 6648//6648
f 6648//6648 6647//6647 6646//6646
f 6623//6623 6648//6648 6620//6620
f 6620//6620 6648//6648 6619//6619
f 6619//6619 6648//6648 6649//6649
f 6619//6619 6649//6649 6617//6617
f 6617//6617 6649//6649 6650//6650
f 6650//6650 6649//6649 6648//6648
f 6617//6617 6650//6650 6614//6614
f 6614//6614 6650//6650 6613//6613
f 6613//6613 6650//6650 6651//6651
f 6651//6651 6650//6650 6648//6648
f 6613//6613 6651//6651 6652//6652
f 6613//6613 6652//6652 6612//6612
f 6612//6612 6652//6652 6611//6611
f 6611//6611 6652//6652 6610//6610
f 6610//6610 6652//6652 6653//6653
f 6653//6653 6652//6652 6654//6654
f 6654//6654 6652//6652 6651//6651
f 6654//6654 6651//6651 6648//6648
f 6654//6654 6648//6648 6655//6655
f 6655//6655 6648//6648 6646//6646
f 6655//6655 6646//6646 6656//6656
f 6655//6655 6656//6656 6654//6654
f 6656//6656 6646//6646 6645//6645
f 6656//6656 6645//6645 6644//6644
f 6656//6656 6644//6644 6657//6657
f 6656//6656 6657//6657 6654//6654
f 6654//6654 6657//6657 6658//6658
f 6654//6654 6658//6658 6659//6659
f 6654//6654 6659//6659 6653//6653
f 6653//6653 6659//6659 6660//6660
f 6653//6653 6660//6660 6661//6661
f 6653//6653 6661//6661 6610//6610
f 6661//6661 6660//6660 6662//6662
f 6661//6661 6662//6662 6610//6610
f 6610//6610 6662//6662 6663//6663
f 6610//6610 6663//6663 6609//6609
f 6609//6609 6663//6663 6664//6664
f 6609//6609 6664//6664 6665//6665
f 6609//6609 6665//6665 6607//6607
f 6607//6607 6665//6665 6666//6666
f 6607//6607 6666//6666 5358//5358
f 5358//5358 6666//6666 5357//5357
f 5357//5357 6666//6666 6667//6667
f 6667//6667 6666//6666 6665//6665
f 5357//5357 6667//6667 5356//5356
f 5356//5356 6667//6667 6668//6668
f 5356//5356 6668//6668 5332//5332
f 6668//6668 6667//6667 6669//6669
f 6668//6668 6669//6669 5332//5332
f 6669//6669 6667//6667 6665//6665
f 6669//6669 6665//6665 6664//6664
f 6669//6669 6664//6664 5329//5329
f 6669//6669 5329//5329 5332//5332
f 5329//5329 6664//6664 5326//5326
f 5326//5326 6664//6664 6663//6663
f 5326//5326 6663//6663 5325//5325
f 5325//5325 6663//6663 6662//6662
f 5325//5325 6662//6662 5323//5323
f 5323//5323 6662//6662 5322//5322
f 5322//5322 6662//6662 6670//6670
f 5322//5322 6670//6670 5321//5321
f 5321//5321 6670//6670 6671//6671
f 5321//5321 6671//6671 5320//5320
f 6671//6671 6670//6670 6672//6672
f 6672//6672 6670//6670 6662//6662
f 6672//6672 6662//6662 6660//6660
f 6672//6672 6660//6660 6659//6659
f 6672//6672 6659//6659 6658//6658
f 6672//6672 6658//6658 6673//6673
f 6672//6672 6673//6673 6671//6671
f 6673//6673 6658//6658 6674//6674
f 6673//6673 6674//6674 6671//6671
f 6671//6671 6674//6674 5320//5320
f 5320//5320 6674//6674 6675//6675
f 5320//5320 6675//6675 6643//6643
f 6643//6643 6675//6675 6644//6644
f 6644//6644 6675//6675 6674//6674
f 6644//6644 6674//6674 6657//6657
f 6657//6657 6674//6674 6658//6658
f 6676//6676 4756//4756 4780//4780
f 4756//4756 6676//6676 4612//4612
f 4612//4612 6676//6676 4611//4611
f 4611//4611 6676//6676 4780//4780
f 4611//4611 4780//4780 5254//5254
f 4611//4611 5254//5254 4610//4610
f 6677//6677 6678//6678 6542//6542
f 6542//6542 6678//6678 4589//4589
f 4589//4589 6678//6678 6679//6679
f 6679//6679 6678//6678 6677//6677
f 4589//4589 6679//6679 4583//4583
f 4583//4583 6679//6679 6677//6677
f 4583//4583 6677//6677 6680//6680
f 4583//4583 6680//6680 4582//4582
f 4582//4582 6680//6680 6681//6681
f 6681//6681 6680//6680 6677//6677
f 4582//4582 6681//6681 4581//4581
f 6681//6681 6677//6677 6682//6682
f 6681//6681 6682//6682 4581//4581
f 6682//6682 6677//6677 6542//6542
f 6682//6682 6542//6542 6548//6548
f 6682//6682 6548//6548 6549//6549
f 6682//6682 6549//6549 6683//6683
f 6683//6683 6549//6549 4580//4580
f 6683//6683 4580//4580 6682//6682
f 6682//6682 4580//4580 4581//4581
f 6684//6684 6015//6015 6685//6685
f 6015//6015 6684//6684 6014//6014
f 6014//6014 6684//6684 6011//6011
f 6011//6011 6684//6684 6686//6686
f 6686//6686 6684//6684 6685//6685
f 6011//6011 6686//6686 6010//6010
f 6686//6686 6685//6685 6687//6687
f 6687//6687 6685//6685 6015//6015
f 6687//6687 6015//6015 6016//6016
f 6687//6687 6016//6016 6688//6688
f 6688//6688 6016//6016 6689//6689
f 6689//6689 6016//6016 6017//6017
f 6689//6689 6017//6017 6690//6690
f 6690//6690 6017//6017 6046//6046
f 6690//6690 6046//6046 6691//6691
f 6690//6690 6691//6691 6692//6692
f 6690//6690 6692//6692 6689//6689
f 6692//6692 6691//6691 6693//6693
f 6692//6692 6693//6693 6689//6689
f 6689//6689 6693//6693 6694//6694
f 6689//6689 6694//6694 6688//6688
f 6694//6694 6693//6693 6695//6695
f 6688//6688 6694//6694 6696//6696
f 6696//6696 6694//6694 6695//6695
f 6688//6688 6696//6696 6697//6697
f 6688//6688 6697//6697 6687//6687
f 6687//6687 6697//6697 6686//6686
f 6686//6686 6697//6697 6698//6698
f 6686//6686 6698//6698 6010//6010
f 6010//6010 6698//6698 6699//6699
f 6010//6010 6699//6699 6008//6008
f 6008//6008 6699//6699 6700//6700
f 6008//6008 6700//6700 6701//6701
f 6008//6008 6701//6701 5983//5983
f 5983//5983 6701//6701 6702//6702
f 5983//5983 6702//6702 6703//6703
f 5983//5983 6703//6703 5967//5967
f 5967//5967 6703//6703 6704//6704
f 6704//6704 6703//6703 6702//6702
f 5967//5967 6704//6704 6705//6705
f 5967//5967 6705//6705 5965//5965
f 5965//5965 6705//6705 6706//6706
f 6706//6706 6705//6705 6704//6704
f 5965//5965 6706//6706 6707//6707
f 5965//5965 6707//6707 5959//5959
f 6707//6707 6706//6706 6708//6708
f 6707//6707 6708//6708 5959//5959
f 5959//5959 6708//6708 6709//6709
f 5959//5959 6709//6709 5958//5958
f 5958//5958 6709//6709 6710//6710
f 5958//5958 6710//6710 5957//5957
f 5957//5957 6710//6710 6711//6711
f 5957//5957 6711//6711 5954//5954
f 5954//5954 6711//6711 6712//6712
f 5954//5954 6712//6712 4305//4305
f 4305//4305 6712//6712 6713//6713
f 6713//6713 6712//6712 6711//6711
f 4305//4305 6713//6713 4304//4304
f 6713//6713 6711//6711 6714//6714
f 6714//6714 6711//6711 6710//6710
f 6714//6714 6710//6710 6715//6715
f 6715//6715 6710//6710 6716//6716
f 6716//6716 6710//6710 6709//6709
f 6716//6716 6709//6709 6717//6717
f 6717//6717 6709//6709 6718//6718
f 6718//6718 6709//6709 6708//6708
f 6718//6718 6708//6708 6706//6706
f 6718//6718 6706//6706 6704//6704
f 6718//6718 6704//6704 6719//6719
f 6719//6719 6704//6704 6702//6702
f 6719//6719 6702//6702 6701//6701
f 6719//6719 6701//6701 6700//6700
f 6719//6719 6700//6700 6720//6720
f 6719//6719 6720//6720 6718//6718
f 6720//6720 6700//6700 6699//6699
f 6720//6720 6699//6699 6721//6721
f 6721//6721 6699//6699 6698//6698
f 6720//6720 6721//6721 6722//6722
f 6720//6720 6722//6722 6718//6718
f 6722//6722 6721//6721 6723//6723
f 6723//6723 6721//6721 6724//6724
f 6724//6724 6721//6721 6698//6698
f 6724//6724 6698//6698 6697//6697
f 6724//6724 6697//6697 6725//6725
f 6725//6725 6697//6697 6726//6726
f 6726//6726 6697//6697 6696//6696
f 6725//6725 6726//6726 6727//6727
f 6727//6727 6726//6726 6696//6696
f 6725//6725 6727//6727 6728//6728
f 6725//6725 6728//6728 6724//6724
f 6724//6724 6728//6728 6723//6723
f 6723//6723 6728//6728 6729//6729
f 6723//6723 6729//6729 6722//6722
f 6722//6722 6729//6729 6718//6718
f 6718//6718 6729//6729 6730//6730
f 6718//6718 6730//6730 6717//6717
f 6717//6717 6730//6730 6716//6716
f 6716//6716 6730//6730 6729//6729
f 6716//6716 6729//6729 6731//6731
f 6731//6731 6729//6729 6728//6728
f 6731//6731 6728//6728 6732//6732
f 6732//6732 6728//6728 6727//6727
f 6731//6731 6732//6732 6733//6733
f 6731//6731 6733//6733 6734//6734
f 6731//6731 6734//6734 6716//6716
f 6716//6716 6734//6734 6715//6715
f 6715//6715 6734//6734 6735//6735
f 6715//6715 6735//6735 6736//6736
f 6715//6715 6736//6736 6714//6714
f 6736//6736 6735//6735 6737//6737
f 6736//6736 6737//6737 6738//6738
f 6738//6738 6737//6737 6739//6739
f 6739//6739 6737//6737 6735//6735
f 6739//6739 6735//6735 6740//6740
f 6740//6740 6735//6735 6734//6734
f 6740//6740 6734//6734 6741//6741
f 6741//6741 6734//6734 6733//6733
f 6741//6741 6733//6733 6732//6732
f 6741//6741 6732//6732 6742//6742
f 6742//6742 6732//6732 6727//6727
f 6742//6742 6727//6727 6743//6743
f 6743//6743 6727//6727 6696//6696
f 6743//6743 6696//6696 6744//6744
f 6743//6743 6744//6744 6742//6742
f 6744//6744 6696//6696 6695//6695
f 6742//6742 6744//6744 6745//6745
f 6742//6742 6745//6745 6746//6746
f 6742//6742 6746//6746 6747//6747
f 6742//6742 6747//6747 6741//6741
f 6741//6741 6747//6747 6740//6740
f 6740//6740 6747//6747 6748//6748
f 6740//6740 6748//6748 6739//6739
f 6748//6748 6747//6747 6749//6749
f 6749//6749 6747//6747 6746//6746
f 6749//6749 6746//6746 6750//6750
f 6750//6750 6746//6746 6745//6745
f 6750//6750 6745//6745 6751//6751
f 6751//6751 6745//6745 6744//6744
f 6751//6751 6744//6744 6752//6752
f 6751//6751 6752//6752 6750//6750
f 6752//6752 6744//6744 6753//6753
f 6753//6753 6744//6744 6695//6695
f 6752//6752 6753//6753 6754//6754
f 6752//6752 6754//6754 6755//6755
f 6752//6752 6755//6755 6750//6750
f 6750//6750 6755//6755 6756//6756
f 6750//6750 6756//6756 6749//6749
f 6749//6749 6756//6756 6757//6757
f 6749//6749 6757//6757 6748//6748
f 6748//6748 6757//6757 6758//6758
f 6748//6748 6758//6758 6739//6739
f 6739//6739 6758//6758 6738//6738
f 6738//6738 6758//6758 6759//6759
f 6738//6738 6759//6759 6760//6760
f 6738//6738 6760//6760 6736//6736
f 6736//6736 6760//6760 6761//6761
f 6736//6736 6761//6761 6714//6714
f 6714//6714 6761//6761 6762//6762
f 6714//6714 6762//6762 6713//6713
f 6713//6713 6762//6762 6763//6763
f 6763//6763 6762//6762 6761//6761
f 6713//6713 6763//6763 6764//6764
f 6713//6713 6764//6764 4304//4304
f 4304//4304 6764//6764 6765//6765
f 4304//4304 6765//6765 6395//6395
f 6395//6395 6765//6765 6393//6393
f 6393//6393 6765//6765 6766//6766
f 6393//6393 6766//6766 6767//6767
f 6393//6393 6767//6767 6392//6392
f 6392//6392 6767//6767 6391//6391
f 6391//6391 6767//6767 6768//6768
f 6391//6391 6768//6768 6390//6390
f 6768//6768 6767//6767 6769//6769
f 6768//6768 6769//6769 6770//6770
f 6768//6768 6770//6770 6390//6390
f 6390//6390 6770//6770 6771//6771
f 6390//6390 6771//6771 6772//6772
f 6390//6390 6772//6772 6361//6361
f 6361//6361 6772//6772 6773//6773
f 6361//6361 6773//6773 6359//6359
f 6359//6359 6773//6773 6774//6774
f 6359//6359 6774//6774 6311//6311
f 6311//6311 6774//6774 6775//6775
f 6311//6311 6775//6775 6310//6310
f 6775//6775 6774//6774 6776//6776
f 6775//6775 6776//6776 6310//6310
f 6776//6776 6774//6774 6777//6777
f 6777//6777 6774//6774 6773//6773
f 6776//6776 6777//6777 6778//6778
f 6778//6778 6777//6777 6779//6779
f 6779//6779 6777//6777 6773//6773
f 6779//6779 6773//6773 6780//6780
f 6779//6779 6780//6780 6778//6778
f 6778//6778 6780//6780 6781//6781
f 6778//6778 6781//6781 6776//6776
f 6781//6781 6780//6780 6782//6782
f 6782//6782 6780//6780 6783//6783
f 6783//6783 6780//6780 6773//6773
f 6783//6783 6773//6773 6784//6784
f 6784//6784 6773//6773 6785//6785
f 6785//6785 6773//6773 6772//6772
f 6785//6785 6772//6772 6786//6786
f 6785//6785 6786//6786 6784//6784
f 6786//6786 6772//6772 6771//6771
f 6786//6786 6771//6771 6784//6784
f 6784//6784 6771//6771 6787//6787
f 6784//6784 6787//6787 6783//6783
f 6787//6787 6771//6771 6770//6770
f 6787//6787 6770//6770 6783//6783
f 6783//6783 6770//6770 6782//6782
f 6782//6782 6770//6770 6788//6788
f 6788//6788 6770//6770 6789//6789
f 6788//6788 6789//6789 6790//6790
f 6788//6788 6790//6790 6782//6782
f 6782//6782 6790//6790 6791//6791
f 6791//6791 6790//6790 6792//6792
f 6792//6792 6790//6790 6793//6793
f 6793//6793 6790//6790 6789//6789
f 6792//6792 6793//6793 6794//6794
f 6792//6792 6794//6794 6791//6791
f 6791//6791 6794//6794 6795//6795
f 6791//6791 6795//6795 6782//6782
f 6782//6782 6795//6795 6796//6796
f 6782//6782 6796//6796 6797//6797
f 6782//6782 6797//6797 6781//6781
f 6781//6781 6797//6797 6798//6798
f 6781//6781 6798//6798 6776//6776
f 6776//6776 6798//6798 6799//6799
f 6776//6776 6799//6799 6800//6800
f 6776//6776 6800//6800 6310//6310
f 6310//6310 6800//6800 6309//6309
f 6309//6309 6800//6800 6801//6801
f 6801//6801 6800//6800 6799//6799
f 6801//6801 6799//6799 6798//6798
f 6801//6801 6798//6798 6802//6802
f 6801//6801 6802//6802 6306//6306
f 6801//6801 6306//6306 6309//6309
f 6306//6306 6802//6802 6305//6305
f 6305//6305 6802//6802 6304//6304
f 6304//6304 6802//6802 6803//6803
f 6803//6803 6802//6802 6798//6798
f 6803//6803 6798//6798 6797//6797
f 6803//6803 6797//6797 6804//6804
f 6804//6804 6797//6797 6796//6796
f 6804//6804 6796//6796 6805//6805
f 6805//6805 6796//6796 6795//6795
f 6805//6805 6795//6795 6806//6806
f 6806//6806 6795//6795 6807//6807
f 6807//6807 6795//6795 6794//6794
f 6807//6807 6794//6794 6808//6808
f 6808//6808 6794//6794 6793//6793
f 6808//6808 6793//6793 6809//6809
f 6809//6809 6793//6793 6810//6810
f 6810//6810 6793//6793 6789//6789
f 6810//6810 6789//6789 6770//6770
f 6810//6810 6770//6770 6769//6769
f 6810//6810 6769//6769 6811//6811
f 6811//6811 6769//6769 6812//6812
f 6812//6812 6769//6769 6767//6767
f 6812//6812 6767//6767 6813//6813
f 6812//6812 6813//6813 6811//6811
f 6813//6813 6767//6767 6766//6766
f 6811//6811 6813//6813 6814//6814
f 6814//6814 6813//6813 6766//6766
f 6814//6814 6766//6766 6815//6815
f 6814//6814 6815//6815 6811//6811
f 6815//6815 6766//6766 6816//6816
f 6816//6816 6766//6766 6765//6765
f 6816//6816 6765//6765 6817//6817
f 6817//6817 6765//6765 6818//6818
f 6818//6818 6765//6765 6764//6764
f 6818//6818 6764//6764 6763//6763
f 6818//6818 6763//6763 6817//6817
f 6817//6817 6763//6763 6819//6819
f 6819//6819 6763//6763 6761//6761
f 6819//6819 6761//6761 6820//6820
f 6820//6820 6761//6761 6760//6760
f 6820//6820 6760//6760 6759//6759
f 6820//6820 6759//6759 6821//6821
f 6820//6820 6821//6821 6822//6822
f 6820//6820 6822//6822 6819//6819
f 6819//6819 6822//6822 6817//6817
f 6817//6817 6822//6822 6823//6823
f 6817//6817 6823//6823 6816//6816
f 6816//6816 6823//6823 6815//6815
f 6815//6815 6823//6823 6824//6824
f 6815//6815 6824//6824 6825//6825
f 6815//6815 6825//6825 6811//6811
f 6811//6811 6825//6825 6826//6826
f 6811//6811 6826//6826 6810//6810
f 6810//6810 6826//6826 6809//6809
f 6809//6809 6826//6826 6827//6827
f 6809//6809 6827//6827 6828//6828
f 6827//6827 6826//6826 6829//6829
f 6827//6827 6829//6829 6828//6828
f 6828//6828 6829//6829 6830//6830
f 6828//6828 6830//6830 6809//6809
f 6809//6809 6830//6830 6831//6831
f 6809//6809 6831//6831 6808//6808
f 6831//6831 6830//6830 6832//6832
f 6832//6832 6830//6830 6829//6829
f 6832//6832 6829//6829 6833//6833
f 6832//6832 6833//6833 6831//6831
f 6831//6831 6833//6833 6834//6834
f 6831//6831 6834//6834 6835//6835
f 6831//6831 6835//6835 6836//6836
f 6831//6831 6836//6836 6837//6837
f 6831//6831 6837//6837 6808//6808
f 6808//6808 6837//6837 6807//6807
f 6807//6807 6837//6837 6836//6836
f 6807//6807 6836//6836 6838//6838
f 6807//6807 6838//6838 6806//6806
f 6806//6806 6838//6838 6839//6839
f 6806//6806 6839//6839 6805//6805
f 6839//6839 6838//6838 6840//6840
f 6839//6839 6840//6840 6805//6805
f 6805//6805 6840//6840 6841//6841
f 6805//6805 6841//6841 6804//6804
f 6804//6804 6841//6841 6842//6842
f 6804//6804 6842//6842 6843//6843
f 6804//6804 6843//6843 6803//6803
f 6803//6803 6843//6843 6303//6303
f 6303//6303 6843//6843 6842//6842
f 6803//6803 6303//6303 6304//6304
f 6303//6303 6842//6842 6302//6302
f 6302//6302 6842//6842 6844//6844
f 6844//6844 6842//6842 6841//6841
f 6302//6302 6844//6844 6301//6301
f 6844//6844 6841//6841 6845//6845
f 6845//6845 6841//6841 6840//6840
f 6844//6844 6845//6845 6846//6846
f 6844//6844 6846//6846 6301//6301
f 6301//6301 6846//6846 6299//6299
f 6299//6299 6846//6846 6298//6298
f 6298//6298 6846//6846 6847//6847
f 6298//6298 6847//6847 6297//6297
f 6297//6297 6847//6847 6092//6092
f 6092//6092 6847//6847 6091//6091
f 6091//6091 6847//6847 6848//6848
f 6848//6848 6847//6847 6849//6849
f 6849//6849 6847//6847 6846//6846
f 6849//6849 6846//6846 6850//6850
f 6849//6849 6850//6850 6848//6848
f 6850//6850 6846//6846 6845//6845
f 6850//6850 6845//6845 6851//6851
f 6851//6851 6845//6845 6840//6840
f 6851//6851 6840//6840 6852//6852
f 6852//6852 6840//6840 6838//6838
f 6852//6852 6838//6838 6836//6836
f 6852//6852 6836//6836 6835//6835
f 6852//6852 6835//6835 6853//6853
f 6853//6853 6835//6835 6834//6834
f 6852//6852 6853//6853 6854//6854
f 6854//6854 6853//6853 6834//6834
f 6852//6852 6854//6854 6851//6851
f 6854//6854 6834//6834 6855//6855
f 6855//6855 6834//6834 6833//6833
f 6855//6855 6833//6833 6856//6856
f 6856//6856 6833//6833 6857//6857
f 6856//6856 6857//6857 6858//6858
f 6856//6856 6858//6858 6859//6859
f 6856//6856 6859//6859 6855//6855
f 6855//6855 6859//6859 6860//6860
f 6855//6855 6860//6860 6854//6854
f 6860//6860 6859//6859 6861//6861
f 6860//6860 6861//6861 6854//6854
f 6854//6854 6861//6861 6862//6862
f 6854//6854 6862//6862 6851//6851
f 6862//6862 6861//6861 6863//6863
f 6862//6862 6863//6863 6864//6864
f 6862//6862 6864//6864 6851//6851
f 6851//6851 6864//6864 6865//6865
f 6851//6851 6865//6865 6850//6850
f 6850//6850 6865//6865 6848//6848
f 6848//6848 6865//6865 6091//6091
f 6091//6091 6865//6865 6866//6866
f 6091//6091 6866//6866 6054//6054
f 6054//6054 6866//6866 6867//6867
f 6054//6054 6867//6867 6047//6047
f 6047//6047 6867//6867 6868//6868
f 6047//6047 6868//6868 6046//6046
f 6868//6868 6867//6867 6869//6869
f 6869//6869 6867//6867 6866//6866
f 6869//6869 6866//6866 6870//6870
f 6870//6870 6866//6866 6865//6865
f 6870//6870 6865//6865 6871//6871
f 6870//6870 6871//6871 6869//6869
f 6871//6871 6865//6865 6864//6864
f 6871//6871 6864//6864 6754//6754
f 6754//6754 6864//6864 6863//6863
f 6871//6871 6754//6754 6753//6753
f 6871//6871 6753//6753 6695//6695
f 6871//6871 6695//6695 6872//6872
f 6871//6871 6872//6872 6869//6869
f 6869//6869 6872//6872 6868//6868
f 6868//6868 6872//6872 6046//6046
f 6046//6046 6872//6872 6691//6691
f 6691//6691 6872//6872 6693//6693
f 6693//6693 6872//6872 6695//6695
f 6754//6754 6863//6863 6755//6755
f 6755//6755 6863//6863 6873//6873
f 6873//6873 6863//6863 6861//6861
f 6873//6873 6861//6861 6859//6859
f 6873//6873 6859//6859 6874//6874
f 6874//6874 6859//6859 6875//6875
f 6875//6875 6859//6859 6858//6858
f 6875//6875 6858//6858 6876//6876
f 6875//6875 6876//6876 6874//6874
f 6876//6876 6858//6858 6857//6857
f 6874//6874 6876//6876 6877//6877
f 6877//6877 6876//6876 6857//6857
f 6877//6877 6857//6857 6878//6878
f 6878//6878 6857//6857 6833//6833
f 6878//6878 6833//6833 6879//6879
f 6879//6879 6833//6833 6829//6829
f 6879//6879 6829//6829 6880//6880
f 6879//6879 6880//6880 6878//6878
f 6880//6880 6829//6829 6826//6826
f 6880//6880 6826//6826 6825//6825
f 6880//6880 6825//6825 6824//6824
f 6880//6880 6824//6824 6878//6878
f 6878//6878 6824//6824 6823//6823
f 6878//6878 6823//6823 6881//6881
f 6881//6881 6823//6823 6822//6822
f 6881//6881 6822//6822 6821//6821
f 6881//6881 6821//6821 6878//6878
f 6878//6878 6821//6821 6877//6877
f 6877//6877 6821//6821 6759//6759
f 6877//6877 6759//6759 6874//6874
f 6874//6874 6759//6759 6758//6758
f 6874//6874 6758//6758 6882//6882
f 6882//6882 6758//6758 6757//6757
f 6882//6882 6757//6757 6756//6756
f 6882//6882 6756//6756 6883//6883
f 6883//6883 6756//6756 6755//6755
f 6883//6883 6755//6755 6873//6873
f 6883//6883 6873//6873 6882//6882
f 6882//6882 6873//6873 6874//6874
f 3290//3290 3477//3477 3598//3598
f 3598//3598 3477//3477 6884//6884
f 6884//6884 3477//3477 3576//3576
f 3598//3598 6884//6884 3579//3579
f 3579//3579 6884//6884 6885//6885
f 3579//3579 6885//6885 3578//3578
f 6885//6885 6884//6884 6886//6886
f 6886//6886 6884//6884 3576//3576
f 6885//6885 6886//6886 6887//6887
f 6887//6887 6886//6886 3576//3576
f 6885//6885 6887//6887 3578//3578
f 6887//6887 3576//3576 6888//6888
f 6888//6888 3576//3576 3577//3577
f 6887//6887 6888//6888 6889//6889
f 6887//6887 6889//6889 3578//3578
f 6889//6889 6888//6888 6890//6890
f 6889//6889 6890//6890 3578//3578
f 6890//6890 6888//6888 3577//3577
f 6890//6890 3577//3577 3578//3578
f 6891//6891 5595//5595 5609//5609
f 5595//5595 6891//6891 6892//6892
f 5595//5595 6892//6892 5594//5594
f 6892//6892 6891//6891 6893//6893
f 6893//6893 6891//6891 5609//5609
f 6893//6893 5609//5609 6892//6892
f 6892//6892 5609//5609 6894//6894
f 6894//6894 5609//5609 5610//5610
f 6892//6892 6894//6894 6895//6895
f 6892//6892 6895//6895 5594//5594
f 5594//5594 6895//6895 5593//5593
f 5593//5593 6895//6895 6896//6896
f 5593//5593 6896//6896 5592//5592
f 6896//6896 6895//6895 6897//6897
f 6897//6897 6895//6895 6898//6898
f 6898//6898 6895//6895 6894//6894
f 6897//6897 6898//6898 6899//6899
f 6897//6897 6899//6899 6896//6896
f 6899//6899 6898//6898 6900//6900
f 6900//6900 6898//6898 6901//6901
f 6901//6901 6898//6898 6894//6894
f 6900//6900 6901//6901 6902//6902
f 6901//6901 6894//6894 6903//6903
f 6903//6903 6894//6894 6904//6904
f 6904//6904 6894//6894 5610//5610
f 6903//6903 6904//6904 6905//6905
f 6903//6903 6905//6905 6901//6901
f 6905//6905 6904//6904 6906//6906
f 6906//6906 6904//6904 5610//5610
f 6906//6906 5610//5610 5612//5612
f 6906//6906 5612//5612 6907//6907
f 6907//6907 5612//5612 6908//6908
f 6908//6908 5612//5612 5613//5613
f 6908//6908 5613//5613 6909//6909
f 6909//6909 5613//5613 6910//6910
f 6910//6910 5613//5613 5614//5614
f 6910//6910 5614//5614 6911//6911
f 6910//6910 6911//6911 6909//6909
f 6911//6911 5614//5614 6912//6912
f 6912//6912 5614//5614 5615//5615
f 6912//6912 5615//5615 6913//6913
f 6912//6912 6913//6913 6911//6911
f 6913//6913 5615//5615 5616//5616
f 6913//6913 5616//5616 6914//6914
f 6914//6914 5616//5616 5617//5617
f 6913//6913 6914//6914 6915//6915
f 6913//6913 6915//6915 6911//6911
f 6915//6915 6914//6914 6916//6916
f 6916//6916 6914//6914 5617//5617
f 6916//6916 5617//5617 6917//6917
f 6916//6916 6917//6917 6915//6915
f 6917//6917 5617//5617 5624//5624
f 6917//6917 5624//5624 5625//5625
f 6917//6917 5625//5625 6918//6918
f 6918//6918 5625//5625 5626//5626
f 6918//6918 5626//5626 6919//6919
f 6919//6919 5626//5626 5627//5627
f 6919//6919 5627//5627 6920//6920
f 6920//6920 5627//5627 5659//5659
f 6919//6919 6920//6920 6921//6921
f 6921//6921 6920//6920 5659//5659
f 6919//6919 6921//6921 6918//6918
f 6918//6918 6921//6921 6922//6922
f 6918//6918 6922//6922 6917//6917
f 6917//6917 6922//6922 6915//6915
f 6922//6922 6921//6921 5659//5659
f 6915//6915 6922//6922 6923//6923
f 6915//6915 6923//6923 6911//6911
f 6923//6923 6922//6922 6924//6924
f 6923//6923 6924//6924 6911//6911
f 6924//6924 6922//6922 5659//5659
f 6924//6924 5659//5659 6925//6925
f 6925//6925 5659//5659 5666//5666
f 6924//6924 6925//6925 6926//6926
f 6926//6926 6925//6925 5666//5666
f 6924//6924 6926//6926 6911//6911
f 6911//6911 6926//6926 6909//6909
f 6909//6909 6926//6926 6927//6927
f 6927//6927 6926//6926 5666//5666
f 6909//6909 6927//6927 6908//6908
f 6908//6908 6927//6927 6907//6907
f 6907//6907 6927//6927 6928//6928
f 6907//6907 6928//6928 6906//6906
f 6906//6906 6928//6928 6929//6929
f 6906//6906 6929//6929 6905//6905
f 6905//6905 6929//6929 6930//6930
f 6905//6905 6930//6930 6901//6901
f 6930//6930 6929//6929 6931//6931
f 6931//6931 6929//6929 6928//6928
f 6931//6931 6928//6928 6932//6932
f 6932//6932 6928//6928 6933//6933
f 6933//6933 6928//6928 6927//6927
f 6933//6933 6927//6927 5667//5667
f 5667//5667 6927//6927 5666//5666
f 6933//6933 5667//5667 6934//6934
f 6934//6934 5667//5667 5668//5668
f 6933//6933 6934//6934 6935//6935
f 6933//6933 6935//6935 6932//6932
f 6935//6935 6934//6934 6936//6936
f 6935//6935 6936//6936 6937//6937
f 6935//6935 6937//6937 6932//6932
f 6932//6932 6937//6937 6938//6938
f 6932//6932 6938//6938 6931//6931
f 6931//6931 6938//6938 6930//6930
f 6930//6930 6938//6938 6939//6939
f 6930//6930 6939//6939 6901//6901
f 6901//6901 6939//6939 6902//6902
f 6902//6902 6939//6939 6940//6940
f 6940//6940 6939//6939 6941//6941
f 6941//6941 6939//6939 6938//6938
f 6941//6941 6938//6938 6942//6942
f 6942//6942 6938//6938 6937//6937
f 6941//6941 6942//6942 6943//6943
f 6941//6941 6943//6943 6940//6940
f 6943//6943 6942//6942 6325//6325
f 6325//6325 6942//6942 6937//6937
f 6325//6325 6937//6937 6326//6326
f 6326//6326 6937//6937 6327//6327
f 6327//6327 6937//6937 6936//6936
f 6327//6327 6936//6936 6328//6328
f 6328//6328 6936//6936 6944//6944
f 6944//6944 6936//6936 6934//6934
f 6328//6328 6944//6944 6945//6945
f 6945//6945 6944//6944 6934//6934
f 6945//6945 6934//6934 5668//5668
f 6945//6945 5668//5668 5671//5671
f 6945//6945 5671//5671 6328//6328
f 6167//6167 6943//6943 6325//6325
f 6943//6943 6167//6167 6946//6946
f 6943//6943 6946//6946 6940//6940
f 6946//6946 6167//6167 6947//6947
f 6946//6946 6947//6947 6940//6940
f 6947//6947 6167//6167 5514//5514
f 6947//6947 5514//5514 6948//6948
f 6948//6948 5514//5514 5515//5515
f 6948//6948 5515//5515 5520//5520
f 6948//6948 5520//5520 6947//6947
f 6947//6947 5520//5520 6949//6949
f 6947//6947 6949//6949 6940//6940
f 6949//6949 5520//5520 6950//6950
f 6950//6950 5520//5520 5522//5522
f 6949//6949 6950//6950 6951//6951
f 6949//6949 6951//6951 6940//6940
f 6940//6940 6951//6951 6952//6952
f 6940//6940 6952//6952 6902//6902
f 6902//6902 6952//6952 6900//6900
f 6900//6900 6952//6952 6951//6951
f 6900//6900 6951//6951 6899//6899
f 6899//6899 6951//6951 6896//6896
f 6896//6896 6951//6951 6953//6953
f 6953//6953 6951//6951 6950//6950
f 6896//6896 6953//6953 5592//5592
f 6953//6953 6950//6950 6954//6954
f 6954//6954 6950//6950 5522//5522
f 6953//6953 6954//6954 6955//6955
f 6955//6955 6954//6954 5522//5522
f 6953//6953 6955//6955 5592//5592
f 6955//6955 5522//5522 5523//5523
f 5592//5592 6955//6955 6956//6956
f 6955//6955 5523//5523 6957//6957
f 6955//6955 6957//6957 6956//6956
f 6957//6957 5523//5523 5526//5526
f 6957//6957 5526//5526 6958//6958
f 6957//6957 6958//6958 6956//6956
f 6958//6958 5526//5526 5527//5527
f 6958//6958 5527//5527 5528//5528
f 6958//6958 5528//5528 5534//5534
f 6958//6958 5534//5534 6956//6956
f 6956//6956 5534//5534 5592//5592
f 6959//6959 6960//6960 6961//6961
f 6960//6960 6959//6959 6962//6962
f 6961//6961 6960//6960 6963//6963
f 6960//6960 6962//6962 6964//6964
f 6960//6960 6964//6964 6963//6963
f 6964//6964 6962//6962 6965//6965
f 6965//6965 6962//6962 6959//6959
f 6965//6965 6959//6959 6966//6966
f 6966//6966 6959//6959 6967//6967
f 6967//6967 6959//6959 6961//6961
f 6967//6967 6961//6961 6968//6968
f 6968//6968 6961//6961 6963//6963
f 6968//6968 6963//6963 6969//6969
f 6969//6969 6963//6963 6964//6964
f 6968//6968 6969//6969 6970//6970
f 6968//6968 6970//6970 6967//6967
f 6970//6970 6969//6969 6971//6971
f 6971//6971 6969//6969 6964//6964
f 6970//6970 6971//6971 6972//6972
f 6970//6970 6972//6972 6967//6967
f 6972//6972 6971//6971 6973//6973
f 6973//6973 6971//6971 6964//6964
f 6973//6973 6964//6964 6965//6965
f 6973//6973 6965//6965 6974//6974
f 6974//6974 6965//6965 6975//6975
f 6975//6975 6965//6965 6966//6966
f 6974//6974 6975//6975 6976//6976
f 6975//6975 6966//6966 6977//6977
f 6975//6975 6977//6977 6976//6976
f 6976//6976 6977//6977 6978//6978
f 6978//6978 6977//6977 6966//6966
f 6978//6978 6966//6966 6979//6979
f 6979//6979 6966//6966 6967//6967
f 6979//6979 6967//6967 6980//6980
f 6980//6980 6967//6967 6972//6972
f 6980//6980 6972//6972 6981//6981
f 6981//6981 6972//6972 6973//6973
f 6981//6981 6973//6973 6982//6982
f 6982//6982 6973//6973 6974//6974
f 6981//6981 6982//6982 6983//6983
f 6981//6981 6983//6983 6984//6984
f 6981//6981 6984//6984 6980//6980
f 6980//6980 6984//6984 6985//6985
f 6980//6980 6985//6985 6979//6979
f 6979//6979 6985//6985 6986//6986
f 6979//6979 6986//6986 6987//6987
f 6979//6979 6987//6987 6978//6978
f 6978//6978 6987//6987 6988//6988
f 6978//6978 6988//6988 6976//6976
f 6976//6976 6988//6988 6989//6989
f 6976//6976 6989//6989 6990//6990
f 6976//6976 6990//6990 6974//6974
f 6974//6974 6990//6990 6991//6991
f 6974//6974 6991//6991 6982//6982
f 6982//6982 6991//6991 6992//6992
f 6982//6982 6992//6992 6983//6983
f 6983//6983 6992//6992 6993//6993
f 6983//6983 6993//6993 6984//6984
f 6993//6993 6992//6992 6994//6994
f 6994//6994 6992//6992 6991//6991
f 6993//6993 6994//6994 6995//6995
f 6993//6993 6995//6995 6984//6984
f 6984//6984 6995//6995 6996//6996
f 6984//6984 6996//6996 6985//6985
f 6985//6985 6996//6996 6986//6986
f 6986//6986 6996//6996 6997//6997
f 6997//6997 6996//6996 6998//6998
f 6997//6997 6998//6998 6999//6999
f 6997//6997 6999//6999 7000//7000
f 6997//6997 7000//7000 6986//6986
f 6986//6986 7000//7000 7001//7001
f 6986//6986 7001//7001 6987//6987
f 6987//6987 7001//7001 7002//7002
f 6987//6987 7002//7002 6988//6988
f 7002//7002 7001//7001 7003//7003
f 7003//7003 7001//7001 7000//7000
f 7003//7003 7000//7000 7004//7004
f 7004//7004 7000//7000 7005//7005
f 7005//7005 7000//7000 6999//6999
f 7005//7005 6999//6999 7006//7006
f 7006//7006 6999//6999 7007//7007
f 7007//7007 6999//6999 6998//6998
f 7007//7007 6998//6998 7008//7008
f 7007//7007 7008//7008 7006//7006
f 7006//7006 7008//7008 7009//7009
f 7009//7009 7008//7008 7010//7010
f 7006//7006 7009//7009 7011//7011
f 7011//7011 7009//7009 7012//7012
f 7012//7012 7009//7009 7013//7013
f 7013//7013 7009//7009 7010//7010
f 7012//7012 7013//7013 7014//7014
f 7012//7012 7014//7014 7015//7015
f 7012//7012 7015//7015 7011//7011
f 7011//7011 7015//7015 7016//7016
f 7011//7011 7016//7016 7006//7006
f 7006//7006 7016//7016 7017//7017
f 7006//7006 7017//7017 7005//7005
f 7005//7005 7017//7017 7016//7016
f 7005//7005 7016//7016 7018//7018
f 7005//7005 7018//7018 7004//7004
f 7018//7018 7016//7016 7019//7019
f 7019//7019 7016//7016 7015//7015
f 7018//7018 7019//7019 7020//7020
f 7018//7018 7020//7020 7021//7021
f 7020//7020 7019//7019 7022//7022
f 7022//7022 7019//7019 7023//7023
f 7023//7023 7019//7019 7015//7015
f 7022//7022 7023//7023 7024//7024
f 7022//7022 7024//7024 7025//7025
f 7022//7022 7025//7025 1203//1203
f 7022//7022 1203//1203 7020//7020
f 7020//7020 1203//1203 7021//7021
f 7021//7021 1203//1203 7026//7026
f 7021//7021 7026//7026 7027//7027
f 7021//7021 7027//7027 7018//7018
f 7027//7027 7026//7026 7028//7028
f 7028//7028 7026//7026 1203//1203
f 7028//7028 1203//1203 1199//1199
f 7028//7028 1199//1199 7029//7029
f 7029//7029 1199//1199 1198//1198
f 7029//7029 1198//1198 7030//7030
f 7030//7030 1198//1198 1197//1197
f 7029//7029 7030//7030 7031//7031
f 7029//7029 7031//7031 7032//7032
f 7029//7029 7032//7032 7028//7028
f 7028//7028 7032//7032 7027//7027
f 7027//7027 7032//7032 7033//7033
f 7033//7033 7032//7032 7031//7031
f 7027//7027 7033//7033 7034//7034
f 7027//7027 7034//7034 7018//7018
f 7018//7018 7034//7034 7004//7004
f 7004//7004 7034//7034 7035//7035
f 7004//7004 7035//7035 7003//7003
f 7003//7003 7035//7035 7036//7036
f 7003//7003 7036//7036 7002//7002
f 7002//7002 7036//7036 7037//7037
f 7002//7002 7037//7037 6988//6988
f 6988//6988 7037//7037 7038//7038
f 7038//7038 7037//7037 7036//7036
f 6988//6988 7038//7038 6989//6989
f 6989//6989 7038//7038 7039//7039
f 6989//6989 7039//7039 6990//6990
f 6990//6990 7039//7039 6991//6991
f 6991//6991 7039//7039 7040//7040
f 7040//7040 7039//7039 7041//7041
f 7041//7041 7039//7039 7038//7038
f 7041//7041 7038//7038 7036//7036
f 7041//7041 7036//7036 7035//7035
f 7041//7041 7035//7035 7034//7034
f 7041//7041 7034//7034 7042//7042
f 7041//7041 7042//7042 7040//7040
f 7040//7040 7042//7042 6991//6991
f 6991//6991 7042//7042 7033//7033
f 7033//7033 7042//7042 7034//7034
f 6991//6991 7033//7033 6994//6994
f 6994//6994 7033//7033 7031//7031
f 6994//6994 7031//7031 7043//7043
f 7043//7043 7031//7031 7030//7030
f 6994//6994 7043//7043 6995//6995
f 7043//7043 7030//7030 1197//1197
f 6995//6995 7043//7043 7044//7044
f 6995//6995 7044//7044 6996//6996
f 7044//7044 7043//7043 7045//7045
f 7045//7045 7043//7043 1197//1197
f 7045//7045 1197//1197 1196//1196
f 7045//7045 1196//1196 1195//1195
f 7045//7045 1195//1195 7046//7046
f 7046//7046 1195//1195 1155//1155
f 7046//7046 1155//1155 1154//1154
f 7046//7046 1154//1154 7047//7047
f 7046//7046 7047//7047 7048//7048
f 7046//7046 7048//7048 7045//7045
f 7045//7045 7048//7048 7049//7049
f 7045//7045 7049//7049 7044//7044
f 7044//7044 7049//7049 6996//6996
f 6996//6996 7049//7049 7050//7050
f 6996//6996 7050//7050 6998//6998
f 7050//7050 7049//7049 7051//7051
f 7051//7051 7049//7049 7048//7048
f 7051//7051 7048//7048 7047//7047
f 7051//7051 7047//7047 7052//7052
f 7051//7051 7052//7052 7050//7050
f 7050//7050 7052//7052 7053//7053
f 7050//7050 7053//7053 7054//7054
f 7050//7050 7054//7054 6998//6998
f 6998//6998 7054//7054 7008//7008
f 7008//7008 7054//7054 7055//7055
f 7008//7008 7055//7055 7056//7056
f 7008//7008 7056//7056 7010//7010
f 7010//7010 7056//7056 7057//7057
f 7010//7010 7057//7057 7013//7013
f 7013//7013 7057//7057 7058//7058
f 7058//7058 7057//7057 7059//7059
f 7059//7059 7057//7057 7060//7060
f 7059//7059 7060//7060 7061//7061
f 7059//7059 7061//7061 7062//7062
f 7059//7059 7062//7062 7063//7063
f 7059//7059 7063//7063 7058//7058
f 7063//7063 7062//7062 7064//7064
f 7064//7064 7062//7062 7065//7065
f 7065//7065 7062//7062 7061//7061
f 7065//7065 7061//7061 7066//7066
f 7066//7066 7061//7061 7060//7060
f 7065//7065 7066//7066 7067//7067
f 7065//7065 7067//7067 7064//7064
f 7064//7064 7067//7067 7068//7068
f 7064//7064 7068//7068 7063//7063
f 7063//7063 7068//7068 7069//7069
f 7063//7063 7069//7069 7058//7058
f 7058//7058 7069//7069 7070//7070
f 7058//7058 7070//7070 7013//7013
f 7070//7070 7069//7069 7071//7071
f 7071//7071 7069//7069 7068//7068
f 7070//7070 7071//7071 7072//7072
f 7070//7070 7072//7072 7073//7073
f 7070//7070 7073//7073 7013//7013
f 7013//7013 7073//7073 7074//7074
f 7013//7013 7074//7074 7014//7014
f 7074//7074 7073//7073 7075//7075
f 7075//7075 7073//7073 7072//7072
f 7075//7075 7072//7072 7076//7076
f 7076//7076 7072//7072 7071//7071
f 7075//7075 7076//7076 7074//7074
f 7076//7076 7071//7071 7068//7068
f 7074//7074 7076//7076 7077//7077
f 7074//7074 7077//7077 7014//7014
f 7077//7077 7076//7076 7078//7078
f 7077//7077 7078//7078 7014//7014
f 7078//7078 7076//7076 7068//7068
f 7078//7078 7068//7068 7067//7067
f 7078//7078 7067//7067 7015//7015
f 7078//7078 7015//7015 7014//7014
f 7015//7015 7067//7067 7066//7066
f 7015//7015 7066//7066 7023//7023
f 7023//7023 7066//7066 7079//7079
f 7023//7023 7079//7079 7080//7080
f 7023//7023 7080//7080 7024//7024
f 7080//7080 7079//7079 7081//7081
f 7080//7080 7081//7081 7024//7024
f 7081//7081 7079//7079 7082//7082
f 7082//7082 7079//7079 7066//7066
f 7082//7082 7066//7066 7060//7060
f 7082//7082 7060//7060 7057//7057
f 7082//7082 7057//7057 7083//7083
f 7082//7082 7083//7083 7081//7081
f 7083//7083 7057//7057 7056//7056
f 7081//7081 7083//7083 7084//7084
f 7081//7081 7084//7084 7024//7024
f 7084//7084 7083//7083 7085//7085
f 7085//7085 7083//7083 7056//7056
f 7085//7085 7056//7056 7055//7055
f 7085//7085 7055//7055 7086//7086
f 7086//7086 7055//7055 7087//7087
f 7087//7087 7055//7055 7054//7054
f 7087//7087 7054//7054 7088//7088
f 7088//7088 7054//7054 7053//7053
f 7088//7088 7053//7053 7089//7089
f 7089//7089 7053//7053 7090//7090
f 7090//7090 7053//7053 7052//7052
f 7089//7089 7090//7090 7091//7091
f 7089//7089 7091//7091 7088//7088
f 7088//7088 7091//7091 7092//7092
f 7088//7088 7092//7092 7087//7087
f 7092//7092 7091//7091 7093//7093
f 7092//7092 7093//7093 7087//7087
f 7093//7093 7091//7091 7090//7090
f 7093//7093 7090//7090 7094//7094
f 7093//7093 7094//7094 7095//7095
f 7093//7093 7095//7095 7096//7096
f 7093//7093 7096//7096 7087//7087
f 7087//7087 7096//7096 7097//7097
f 7087//7087 7097//7097 7086//7086
f 7097//7097 7096//7096 7098//7098
f 7086//7086 7097//7097 7099//7099
f 7086//7086 7099//7099 7100//7100
f 7086//7086 7100//7100 7085//7085
f 7085//7085 7100//7100 7101//7101
f 7101//7101 7100//7100 7099//7099
f 7085//7085 7101//7101 7102//7102
f 7102//7102 7101//7101 7103//7103
f 7103//7103 7101//7101 7104//7104
f 7104//7104 7101//7101 7105//7105
f 7105//7105 7101//7101 7099//7099
f 7104//7104 7105//7105 7106//7106
f 7106//7106 7105//7105 7099//7099
f 7104//7104 7106//7106 7107//7107
f 7104//7104 7107//7107 7103//7103
f 7103//7103 7107//7107 7108//7108
f 7103//7103 7108//7108 7102//7102
f 7102//7102 7108//7108 7109//7109
f 7102//7102 7109//7109 7085//7085
f 7085//7085 7109//7109 7110//7110
f 7085//7085 7110//7110 7084//7084
f 7084//7084 7110//7110 7111//7111
f 7084//7084 7111//7111 7024//7024
f 7024//7024 7111//7111 7112//7112
f 7024//7024 7112//7112 7113//7113
f 7024//7024 7113//7113 7025//7025
f 7113//7113 7112//7112 7114//7114
f 7113//7113 7114//7114 7025//7025
f 7114//7114 7112//7112 7111//7111
f 7025//7025 7114//7114 1203//1203
f 1203//1203 7114//7114 1204//1204
f 1204//1204 7114//7114 7115//7115
f 1204//1204 7115//7115 1206//1206
f 7115//7115 7114//7114 7116//7116
f 7116//7116 7114//7114 7111//7111
f 7116//7116 7111//7111 7117//7117
f 7117//7117 7111//7111 7110//7110
f 7116//7116 7117//7117 7118//7118
f 7116//7116 7118//7118 7115//7115
f 7115//7115 7118//7118 7119//7119
f 7115//7115 7119//7119 1206//1206
f 1206//1206 7119//7119 7120//7120
f 1206//1206 7120//7120 1207//1207
f 1207//1207 7120//7120 7121//7121
f 1207//1207 7121//7121 1208//1208
f 1208//1208 7121//7121 7122//7122
f 1208//1208 7122//7122 1214//1214
f 7122//7122 7121//7121 7123//7123
f 7122//7122 7123//7123 1214//1214
f 7123//7123 7121//7121 7120//7120
f 1214//1214 7123//7123 1143//1143
f 1214//1214 1143//1143 1215//1215
f 1143//1143 7123//7123 1144//1144
f 1144//1144 7123//7123 7124//7124
f 7124//7124 7123//7123 7120//7120
f 1144//1144 7124//7124 1146//1146
f 7124//7124 7120//7120 7125//7125
f 7125//7125 7120//7120 7119//7119
f 7125//7125 7119//7119 7118//7118
f 7125//7125 7118//7118 7126//7126
f 7125//7125 7126//7126 7124//7124
f 7124//7124 7126//7126 1146//1146
f 1146//1146 7126//7126 7127//7127
f 1146//1146 7127//7127 7128//7128
f 1146//1146 7128//7128 1147//1147
f 1147//1147 7128//7128 1148//1148
f 1148//1148 7128//7128 7129//7129
f 7129//7129 7128//7128 7127//7127
f 1148//1148 7129//7129 7130//7130
f 1148//1148 7130//7130 1149//1149
f 1149//1149 7130//7130 1150//1150
f 1150//1150 7130//7130 7131//7131
f 1150//1150 7131//7131 1151//1151
f 1151//1151 7131//7131 7132//7132
f 1151//1151 7132//7132 1152//1152
f 1152//1152 7132//7132 7133//7133
f 7133//7133 7132//7132 7131//7131
f 1152//1152 7133//7133 1153//1153
f 7133//7133 7131//7131 7134//7134
f 7134//7134 7131//7131 7130//7130
f 7133//7133 7134//7134 7135//7135
f 7133//7133 7135//7135 7136//7136
f 7133//7133 7136//7136 1153//1153
f 1153//1153 7136//7136 1154//1154
f 1154//1154 7136//7136 7047//7047
f 7047//7047 7136//7136 7137//7137
f 7137//7137 7136//7136 7135//7135
f 7047//7047 7137//7137 7052//7052
f 7052//7052 7137//7137 7090//7090
f 7090//7090 7137//7137 7138//7138
f 7138//7138 7137//7137 7135//7135
f 7138//7138 7135//7135 7134//7134
f 7138//7138 7134//7134 7130//7130
f 7138//7138 7130//7130 7139//7139
f 7139//7139 7130//7130 7129//7129
f 7138//7138 7139//7139 7140//7140
f 7138//7138 7140//7140 7090//7090
f 7090//7090 7140//7140 7094//7094
f 7094//7094 7140//7140 7141//7141
f 7094//7094 7141//7141 7142//7142
f 7094//7094 7142//7142 7095//7095
f 7142//7142 7141//7141 7143//7143
f 7143//7143 7141//7141 7144//7144
f 7144//7144 7141//7141 7140//7140
f 7144//7144 7140//7140 7139//7139
f 7144//7144 7139//7139 7145//7145
f 7145//7145 7139//7139 7129//7129
f 7145//7145 7129//7129 7144//7144
f 7144//7144 7129//7129 7143//7143
f 7143//7143 7129//7129 7146//7146
f 7143//7143 7146//7146 7142//7142
f 7146//7146 7129//7129 7127//7127
f 7146//7146 7127//7127 7147//7147
f 7147//7147 7127//7127 7126//7126
f 7147//7147 7126//7126 7148//7148
f 7147//7147 7148//7148 7146//7146
f 7148//7148 7126//7126 7118//7118
f 7146//7146 7148//7148 7149//7149
f 7146//7146 7149//7149 7142//7142
f 7142//7142 7149//7149 7095//7095
f 7095//7095 7149//7149 7150//7150
f 7095//7095 7150//7150 7096//7096
f 7096//7096 7150//7150 7151//7151
f 7151//7151 7150//7150 7149//7149
f 7151//7151 7149//7149 7152//7152
f 7152//7152 7149//7149 7148//7148
f 7152//7152 7148//7148 7118//7118
f 7152//7152 7118//7118 7151//7151
f 7151//7151 7118//7118 7117//7117
f 7151//7151 7117//7117 7153//7153
f 7151//7151 7153//7153 7096//7096
f 7153//7153 7117//7117 7110//7110
f 7096//7096 7153//7153 7098//7098
f 7153//7153 7110//7110 7154//7154
f 7154//7154 7110//7110 7109//7109
f 7153//7153 7154//7154 7155//7155
f 7153//7153 7155//7155 7098//7098
f 7098//7098 7155//7155 7156//7156
f 7098//7098 7156//7156 7097//7097
f 7097//7097 7156//7156 7099//7099
f 7099//7099 7156//7156 7106//7106
f 7106//7106 7156//7156 7107//7107
f 7107//7107 7156//7156 7157//7157
f 7157//7157 7156//7156 7155//7155
f 7157//7157 7155//7155 7154//7154
f 7157//7157 7154//7154 7158//7158
f 7158//7158 7154//7154 7109//7109
f 7158//7158 7109//7109 7108//7108
f 7158//7158 7108//7108 7157//7157
f 7157//7157 7108//7108 7107//7107
f 6520//6520 6424//6424 6425//6425
f 6520//6520 6425//6425 7159//7159
f 6520//6520 7159//7159 6519//6519
f 7159//7159 6425//6425 6426//6426
f 6519//6519 7159//7159 6518//6518
f 6518//6518 7159//7159 7160//7160
f 6518//6518 7160//7160 6517//6517
f 6517//6517 7160//7160 7161//7161
f 6517//6517 7161//7161 6516//6516
f 7161//7161 7160//7160 7162//7162
f 7162//7162 7160//7160 7159//7159
f 7162//7162 7159//7159 7163//7163
f 7163//7163 7159//7159 6426//6426
f 7163//7163 6426//6426 6427//6427
f 7163//7163 6427//6427 6428//6428
f 7163//7163 6428//6428 7164//7164
f 7164//7164 6428//6428 6429//6429
f 7164//7164 6429//6429 7165//7165
f 7164//7164 7165//7165 7166//7166
f 7164//7164 7166//7166 7163//7163
f 7163//7163 7166//7166 7167//7167
f 7163//7163 7167//7167 7168//7168
f 7163//7163 7168//7168 7162//7162
f 7162//7162 7168//7168 7167//7167
f 7162//7162 7167//7167 7161//7161
f 7161//7161 7167//7167 7169//7169
f 7161//7161 7169//7169 6516//6516
f 6516//6516 7169//7169 6513//6513
f 6513//6513 7169//7169 7170//7170
f 6513//6513 7170//7170 6463//6463
f 7170//7170 7169//7169 7171//7171
f 7171//7171 7169//7169 7167//7167
f 7171//7171 7167//7167 7166//7166
f 7171//7171 7166//7166 7172//7172
f 7171//7171 7172//7172 7170//7170
f 7170//7170 7172//7172 7173//7173
f 7170//7170 7173//7173 6463//6463
f 6463//6463 7173//7173 6462//6462
f 6462//6462 7173//7173 7174//7174
f 6462//6462 7174//7174 6460//6460
f 7174//7174 7173//7173 7175//7175
f 7175//7175 7173//7173 7172//7172
f 7175//7175 7172//7172 7176//7176
f 7175//7175 7176//7176 7174//7174
f 7176//7176 7172//7172 7166//7166
f 7176//7176 7166//7166 7165//7165
f 7176//7176 7165//7165 7177//7177
f 7177//7177 7165//7165 6429//6429
f 7177//7177 6429//6429 6430//6430
f 7177//7177 6430//6430 7178//7178
f 7178//7178 6430//6430 6433//6433
f 7178//7178 6433//6433 6434//6434
f 7178//7178 6434//6434 6436//6436
f 7178//7178 6436//6436 7179//7179
f 7178//7178 7179//7179 7177//7177
f 7179//7179 6436//6436 6437//6437
f 7179//7179 6437//6437 7177//7177
f 7177//7177 6437//6437 6438//6438
f 7177//7177 6438//6438 7176//7176
f 7176//7176 6438//6438 6440//6440
f 7176//7176 6440//6440 7174//7174
f 7174//7174 6440//6440 6441//6441
f 7174//7174 6441//6441 6460//6460
f 6460//6460 6441//6441 7180//7180
f 7180//7180 6441//6441 6442//6442
f 7180//7180 6442//6442 6460//6460
f 7181//7181 5646//5646 2249//2249
f 7181//7181 2249//2249 2248//2248
f 7181//7181 2248//2248 5694//5694
f 5694//5694 2248//2248 2247//2247
f 7181//7181 5694//5694 7182//7182
f 7182//7182 5694//5694 5692//5692
f 7181//7181 7182//7182 7183//7183
f 7181//7181 7183//7183 5646//5646
f 5646//5646 7183//7183 7184//7184
f 7184//7184 7183//7183 7182//7182
f 5646//5646 7184//7184 5647//5647
f 5647//5647 7184//7184 5648//5648
f 5648//5648 7184//7184 7185//7185
f 7185//7185 7184//7184 7182//7182
f 5648//5648 7185//7185 5649//5649
f 7185//7185 7182//7182 5692//5692
f 7185//7185 5692//5692 5686//5686
f 7185//7185 5686//5686 7186//7186
f 7186//7186 5686//5686 5685//5685
f 7186//7186 5685//5685 5684//5684
f 7186//7186 5684//5684 7185//7185
f 7185//7185 5684//5684 5649//5649
f 7187//7187 2246//2246 2245//2245
f 2246//2246 7187//7187 5696//5696
f 5696//5696 7187//7187 5707//5707
f 5707//5707 7187//7187 5708//5708
f 5708//5708 7187//7187 7188//7188
f 5708//5708 7188//7188 2170//2170
f 2170//2170 7188//7188 7189//7189
f 2170//2170 7189//7189 2171//2171
f 7189//7189 7188//7188 7190//7190
f 7189//7189 7190//7190 2171//2171
f 7190//7190 7188//7188 7191//7191
f 7191//7191 7188//7188 7187//7187
f 7191//7191 7187//7187 7192//7192
f 7192//7192 7187//7187 2245//2245
f 7192//7192 2245//2245 2195//2195
f 7192//7192 2195//2195 7193//7193
f 7193//7193 2195//2195 2174//2174
f 7193//7193 2174//2174 7194//7194
f 7193//7193 7194//7194 7192//7192
f 7194//7194 2174//2174 7195//7195
f 7195//7195 2174//2174 2173//2173
f 7195//7195 2173//2173 7196//7196
f 7195//7195 7196//7196 7194//7194
f 7196//7196 2173//2173 2172//2172
f 7196//7196 2172//2172 7197//7197
f 7197//7197 2172//2172 2171//2171
f 7197//7197 2171//2171 7198//7198
f 7197//7197 7198//7198 7196//7196
f 7196//7196 7198//7198 7194//7194
f 7194//7194 7198//7198 7192//7192
f 7192//7192 7198//7198 7191//7191
f 7191//7191 7198//7198 7190//7190
f 7190//7190 7198//7198 2171//2171
f 7199//7199 2075//2075 5898//5898
f 5898//5898 2075//2075 2074//2074
f 7199//7199 5898//5898 5894//5894
f 2075//2075 7199//7199 2076//2076
f 2076//2076 7199//7199 7200//7200
f 2076//2076 7200//7200 5835//5835
f 7200//7200 7199//7199 7201//7201
f 7201//7201 7199//7199 7202//7202
f 7202//7202 7199//7199 5894//5894
f 7202//7202 5894//5894 5893//5893
f 7202//7202 5893//5893 7203//7203
f 7202//7202 7203//7203 7204//7204
f 7202//7202 7204//7204 7201//7201
f 7201//7201 7204//7204 7205//7205
f 7201//7201 7205//7205 7200//7200
f 7200//7200 7205//7205 7206//7206
f 7200//7200 7206//7206 5835//5835
f 5835//5835 7206//7206 7207//7207
f 5835//5835 7207//7207 5836//5836
f 5836//5836 7207//7207 5837//5837
f 5837//5837 7207//7207 7208//7208
f 5837//5837 7208//7208 5839//5839
f 5839//5839 7208//7208 7209//7209
f 5839//5839 7209//7209 5840//5840
f 5840//5840 7209//7209 7210//7210
f 5840//5840 7210//7210 7211//7211
f 5840//5840 7211//7211 5841//5841
f 5841//5841 7211//7211 7212//7212
f 7212//7212 7211//7211 7213//7213
f 7213//7213 7211//7211 7210//7210
f 7212//7212 7213//7213 7214//7214
f 7212//7212 7214//7214 5841//5841
f 5841//5841 7214//7214 5845//5845
f 5845//5845 7214//7214 7215//7215
f 5845//5845 7215//7215 5846//5846
f 5846//5846 7215//7215 7216//7216
f 5846//5846 7216//7216 5847//5847
f 5847//5847 7216//7216 7217//7217
f 5847//5847 7217//7217 5848//5848
f 5848//5848 7217//7217 7216//7216
f 5848//5848 7216//7216 7218//7218
f 5848//5848 7218//7218 5852//5852
f 5852//5852 7218//7218 5865//5865
f 5865//5865 7218//7218 7216//7216
f 5865//5865 7216//7216 7219//7219
f 7219//7219 7216//7216 7215//7215
f 5865//5865 7219//7219 7220//7220
f 5865//5865 7220//7220 5870//5870
f 7220//7220 7219//7219 7221//7221
f 7221//7221 7219//7219 7215//7215
f 7221//7221 7215//7215 7222//7222
f 7221//7221 7222//7222 7220//7220
f 7220//7220 7222//7222 7223//7223
f 7223//7223 7222//7222 7224//7224
f 7224//7224 7222//7222 7215//7215
f 7224//7224 7215//7215 7225//7225
f 7225//7225 7215//7215 7214//7214
f 7225//7225 7214//7214 7203//7203
f 7203//7203 7214//7214 7204//7204
f 7204//7204 7214//7214 7213//7213
f 7204//7204 7213//7213 7205//7205
f 7205//7205 7213//7213 7226//7226
f 7205//7205 7226//7226 7206//7206
f 7226//7226 7213//7213 7210//7210
f 7226//7226 7210//7210 7227//7227
f 7227//7227 7210//7210 7209//7209
f 7227//7227 7209//7209 7228//7228
f 7228//7228 7209//7209 7208//7208
f 7227//7227 7228//7228 7229//7229
f 7229//7229 7228//7228 7208//7208
f 7227//7227 7229//7229 7226//7226
f 7229//7229 7208//7208 7207//7207
f 7229//7229 7207//7207 7206//7206
f 7229//7229 7206//7206 7226//7226
f 7230//7230 7225//7225 7203//7203
f 7225//7225 7230//7230 7224//7224
f 7230//7230 7203//7203 7231//7231
f 7231//7231 7203//7203 5893//5893
f 7231//7231 5893//5893 7232//7232
f 7231//7231 7232//7232 7230//7230
f 7232//7232 5893//5893 5892//5892
f 7230//7230 7232//7232 7233//7233
f 7233//7233 7232//7232 5892//5892
f 7230//7230 7233//7233 7234//7234
f 7230//7230 7234//7234 7224//7224
f 7224//7224 7234//7234 7223//7223
f 7223//7223 7234//7234 7220//7220
f 7220//7220 7234//7234 5870//5870
f 5870//5870 7234//7234 7235//7235
f 7235//7235 7234//7234 7233//7233
f 5870//5870 7235//7235 5871//5871
f 7235//7235 7233//7233 5892//5892
f 7235//7235 5892//5892 7236//7236
f 7236//7236 5892//5892 5886//5886
f 7235//7235 7236//7236 7237//7237
f 7237//7237 7236//7236 5886//5886
f 7235//7235 7237//7237 7238//7238
f 7238//7238 7237//7237 5886//5886
f 7238//7238 5886//5886 5871//5871
f 7238//7238 5871//5871 7235//7235
